0 verbose cli /usr/local/bin/node /usr/local/bin/npm
1 info using npm@11.12.1
2 info using node@v24.15.0
3 silly config load:file:/usr/local/lib/node_modules/npm/npmrc
4 silly config load:file:/Users/mac/Downloads/coach-sammy/coachsammy-app/.npmrc
5 silly config load:file:/Users/mac/.npmrc
6 silly config load:file:/usr/local/etc/npmrc
7 verbose title npm install
8 verbose argv "install" "--cache" "/Users/mac/Downloads/coach-sammy/coachsammy-app/.npm-cache" "--no-audit" "--no-fund"
9 verbose logfile logs-max:10 dir:/Users/mac/Downloads/coach-sammy/coachsammy-app/.npm-cache/_logs/2026-05-15T11_58_23_076Z-
10 verbose logfile /Users/mac/Downloads/coach-sammy/coachsammy-app/.npm-cache/_logs/2026-05-15T11_58_23_076Z-debug-0.log
11 silly logfile done cleaning log files
12 silly packumentCache heap:2348810240 maxSize:587202560 maxEntrySize:293601280
13 silly idealTree buildDeps
14 silly fetch manifest @expo-google-fonts/fraunces@^0.2.3
15 silly packumentCache full:https://registry.npmjs.org/@expo-google-fonts%2ffraunces cache-miss
16 http fetch GET 200 https://registry.npmjs.org/npm 166ms
17 http fetch GET 200 https://registry.npmjs.org/@expo-google-fonts%2ffraunces 172ms (cache miss)
18 silly packumentCache full:https://registry.npmjs.org/@expo-google-fonts%2ffraunces set size:undefined disposed:false
19 silly fetch manifest @expo/vector-icons@^14.0.4
20 silly packumentCache full:https://registry.npmjs.org/@expo%2fvector-icons cache-miss
21 http fetch GET 200 https://registry.npmjs.org/@expo%2fvector-icons 333ms (cache miss)
22 silly packumentCache full:https://registry.npmjs.org/@expo%2fvector-icons set size:undefined disposed:false
23 silly fetch manifest expo-font@~13.0.1
24 silly packumentCache full:https://registry.npmjs.org/expo-font cache-miss
25 http fetch GET 200 https://registry.npmjs.org/expo-font 87ms (cache miss)
26 silly packumentCache full:https://registry.npmjs.org/expo-font set size:undefined disposed:false
27 silly fetch manifest expo@~52.0.0
28 silly packumentCache full:https://registry.npmjs.org/expo cache-miss
29 http fetch GET 200 https://registry.npmjs.org/expo 152ms (cache miss)
30 silly packumentCache full:https://registry.npmjs.org/expo set size:undefined disposed:false
31 silly fetch manifest @expo/dom-webview@*
32 silly packumentCache full:https://registry.npmjs.org/@expo%2fdom-webview cache-miss
33 http fetch GET 200 https://registry.npmjs.org/@expo%2fdom-webview 378ms (cache miss)
34 silly packumentCache full:https://registry.npmjs.org/@expo%2fdom-webview set size:undefined disposed:false
35 silly fetch manifest react@18.3.1
36 silly packumentCache full:https://registry.npmjs.org/react cache-miss
37 http fetch GET 200 https://registry.npmjs.org/react 449ms (cache miss)
38 silly packumentCache full:https://registry.npmjs.org/react set size:undefined disposed:false
39 silly fetch manifest react-native@0.76.3
40 silly packumentCache full:https://registry.npmjs.org/react-native cache-miss
41 http fetch GET 200 https://registry.npmjs.org/react-native 270ms (cache miss)
42 silly packumentCache full:https://registry.npmjs.org/react-native set size:undefined disposed:false
43 silly fetch manifest @types/react@~18.3.12
44 silly packumentCache full:https://registry.npmjs.org/@types%2freact cache-miss
45 http fetch GET 200 https://registry.npmjs.org/@types%2freact 127ms (cache miss)
46 silly packumentCache full:https://registry.npmjs.org/@types%2freact set size:undefined disposed:false
47 silly fetch manifest @expo/metro-runtime@*
48 silly packumentCache full:https://registry.npmjs.org/@expo%2fmetro-runtime cache-miss
49 http fetch GET 200 https://registry.npmjs.org/@expo%2fmetro-runtime 123ms (cache miss)
50 silly packumentCache full:https://registry.npmjs.org/@expo%2fmetro-runtime set size:undefined disposed:false
51 silly fetch manifest react-dom@18.3.1
52 silly packumentCache full:https://registry.npmjs.org/react-dom cache-miss
53 http fetch GET 200 https://registry.npmjs.org/react-dom 242ms (cache miss)
54 silly packumentCache full:https://registry.npmjs.org/react-dom set size:undefined disposed:false
55 silly fetch manifest react-native-webview@*
56 silly packumentCache full:https://registry.npmjs.org/react-native-webview cache-miss
57 http fetch GET 200 https://registry.npmjs.org/react-native-webview 86ms (cache miss)
58 silly packumentCache full:https://registry.npmjs.org/react-native-webview set size:undefined disposed:false
59 silly fetch manifest @react-native-async-storage/async-storage@1.23.1
60 silly packumentCache full:https://registry.npmjs.org/@react-native-async-storage%2fasync-storage cache-miss
61 http fetch GET 200 https://registry.npmjs.org/@react-native-async-storage%2fasync-storage 134ms (cache miss)
62 silly packumentCache full:https://registry.npmjs.org/@react-native-async-storage%2fasync-storage set size:undefined disposed:false
63 silly fetch manifest @supabase/supabase-js@^2.45.4
64 silly packumentCache full:https://registry.npmjs.org/@supabase%2fsupabase-js cache-miss
65 http fetch GET 200 https://registry.npmjs.org/@supabase%2fsupabase-js 227ms (cache miss)
66 silly packumentCache full:https://registry.npmjs.org/@supabase%2fsupabase-js set size:undefined disposed:false
67 silly fetch manifest expo-camera@~16.0.6
68 silly packumentCache full:https://registry.npmjs.org/expo-camera cache-miss
69 http fetch GET 200 https://registry.npmjs.org/expo-camera 60ms (cache miss)
70 silly packumentCache full:https://registry.npmjs.org/expo-camera set size:undefined disposed:false
71 silly fetch manifest react-native-web@~0.19.13
72 silly packumentCache full:https://registry.npmjs.org/react-native-web cache-miss
73 http fetch GET 200 https://registry.npmjs.org/react-native-web 359ms (cache miss)
74 silly packumentCache full:https://registry.npmjs.org/react-native-web set size:undefined disposed:false
75 silly fetch manifest expo-constants@~17.0.3
76 silly packumentCache full:https://registry.npmjs.org/expo-constants cache-miss
77 http fetch GET 200 https://registry.npmjs.org/expo-constants 66ms (cache miss)
78 silly packumentCache full:https://registry.npmjs.org/expo-constants set size:undefined disposed:false
79 silly fetch manifest expo-haptics@~14.0.0
80 silly packumentCache full:https://registry.npmjs.org/expo-haptics cache-miss
81 http fetch GET 200 https://registry.npmjs.org/expo-haptics 65ms (cache miss)
82 silly packumentCache full:https://registry.npmjs.org/expo-haptics set size:undefined disposed:false
83 silly fetch manifest expo-image-picker@~16.0.3
84 silly packumentCache full:https://registry.npmjs.org/expo-image-picker cache-miss
85 http fetch GET 200 https://registry.npmjs.org/expo-image-picker 249ms (cache miss)
86 silly packumentCache full:https://registry.npmjs.org/expo-image-picker set size:undefined disposed:false
87 silly fetch manifest expo-linear-gradient@~14.0.1
88 silly packumentCache full:https://registry.npmjs.org/expo-linear-gradient cache-miss
89 http fetch GET 200 https://registry.npmjs.org/expo-linear-gradient 64ms (cache miss)
90 silly packumentCache full:https://registry.npmjs.org/expo-linear-gradient set size:undefined disposed:false
91 silly fetch manifest expo-linking@~7.0.3
92 silly packumentCache full:https://registry.npmjs.org/expo-linking cache-miss
93 http fetch GET 200 https://registry.npmjs.org/expo-linking 253ms (cache miss)
94 silly packumentCache full:https://registry.npmjs.org/expo-linking set size:undefined disposed:false
95 silly fetch manifest expo-notifications@~0.29.10
96 silly packumentCache full:https://registry.npmjs.org/expo-notifications cache-miss
97 http fetch GET 200 https://registry.npmjs.org/expo-notifications 87ms (cache miss)
98 silly packumentCache full:https://registry.npmjs.org/expo-notifications set size:undefined disposed:false
99 silly fetch manifest expo-router@~4.0.9
100 silly packumentCache full:https://registry.npmjs.org/expo-router cache-miss
101 http fetch GET 200 https://registry.npmjs.org/expo-router 87ms (cache miss)
102 silly packumentCache full:https://registry.npmjs.org/expo-router set size:undefined disposed:false
103 silly fetch manifest @react-navigation/drawer@^7.1.1
104 silly packumentCache full:https://registry.npmjs.org/@react-navigation%2fdrawer cache-miss
105 http fetch GET 200 https://registry.npmjs.org/@react-navigation%2fdrawer 150ms (cache miss)
106 silly packumentCache full:https://registry.npmjs.org/@react-navigation%2fdrawer set size:undefined disposed:false
107 silly fetch manifest @react-navigation/native@^7.2.4
108 silly packumentCache full:https://registry.npmjs.org/@react-navigation%2fnative cache-miss
109 http fetch GET 200 https://registry.npmjs.org/@react-navigation%2fnative 97ms (cache miss)
110 silly packumentCache full:https://registry.npmjs.org/@react-navigation%2fnative set size:undefined disposed:false
111 silly fetch manifest react-native-gesture-handler@~2.20.2
112 silly packumentCache full:https://registry.npmjs.org/react-native-gesture-handler cache-miss
113 http fetch GET 200 https://registry.npmjs.org/react-native-gesture-handler 61ms (cache miss)
114 silly packumentCache full:https://registry.npmjs.org/react-native-gesture-handler set size:undefined disposed:false
115 silly fetch manifest react-native-reanimated@~3.16.1
116 silly packumentCache full:https://registry.npmjs.org/react-native-reanimated cache-miss
117 http fetch GET 200 https://registry.npmjs.org/react-native-reanimated 216ms (cache miss)
118 silly packumentCache full:https://registry.npmjs.org/react-native-reanimated set size:undefined disposed:false
119 silly fetch manifest @babel/core@^7.25.2
120 silly packumentCache full:https://registry.npmjs.org/@babel%2fcore cache-miss
121 http fetch GET 200 https://registry.npmjs.org/@babel%2fcore 272ms (cache miss)
122 silly packumentCache full:https://registry.npmjs.org/@babel%2fcore set size:undefined disposed:false
123 silly fetch manifest react-native-safe-area-context@4.12.0
124 silly packumentCache full:https://registry.npmjs.org/react-native-safe-area-context cache-miss
125 http fetch GET 200 https://registry.npmjs.org/react-native-safe-area-context 255ms (cache miss)
126 silly packumentCache full:https://registry.npmjs.org/react-native-safe-area-context set size:undefined disposed:false
127 silly fetch manifest react-native-screens@~4.1.0
128 silly packumentCache full:https://registry.npmjs.org/react-native-screens cache-miss
129 http fetch GET 200 https://registry.npmjs.org/react-native-screens 124ms (cache miss)
130 silly packumentCache full:https://registry.npmjs.org/react-native-screens set size:undefined disposed:false
131 silly fetch manifest expo-secure-store@~14.0.0
132 silly packumentCache full:https://registry.npmjs.org/expo-secure-store cache-miss
133 http fetch GET 200 https://registry.npmjs.org/expo-secure-store 342ms (cache miss)
134 silly packumentCache full:https://registry.npmjs.org/expo-secure-store set size:undefined disposed:false
135 silly fetch manifest expo-splash-screen@~0.29.13
136 silly packumentCache full:https://registry.npmjs.org/expo-splash-screen cache-miss
137 http fetch GET 200 https://registry.npmjs.org/expo-splash-screen 285ms (cache miss)
138 silly packumentCache full:https://registry.npmjs.org/expo-splash-screen set size:undefined disposed:false
139 silly fetch manifest expo-status-bar@~2.0.0
140 silly packumentCache full:https://registry.npmjs.org/expo-status-bar cache-miss
141 http fetch GET 200 https://registry.npmjs.org/expo-status-bar 315ms (cache miss)
142 silly packumentCache full:https://registry.npmjs.org/expo-status-bar set size:undefined disposed:false
143 silly fetch manifest expo-system-ui@~4.0.4
144 silly packumentCache full:https://registry.npmjs.org/expo-system-ui cache-miss
145 http fetch GET 200 https://registry.npmjs.org/expo-system-ui 53ms (cache miss)
146 silly packumentCache full:https://registry.npmjs.org/expo-system-ui set size:undefined disposed:false
147 silly fetch manifest react-native-svg@15.8.0
148 silly packumentCache full:https://registry.npmjs.org/react-native-svg cache-miss
149 http fetch GET 200 https://registry.npmjs.org/react-native-svg 295ms (cache miss)
150 silly packumentCache full:https://registry.npmjs.org/react-native-svg set size:undefined disposed:false
151 silly fetch manifest react-native-url-polyfill@^2.0.0
152 silly packumentCache full:https://registry.npmjs.org/react-native-url-polyfill cache-miss
153 http fetch GET 200 https://registry.npmjs.org/react-native-url-polyfill 55ms (cache miss)
154 silly packumentCache full:https://registry.npmjs.org/react-native-url-polyfill set size:undefined disposed:false
155 silly fetch manifest typescript@^5.3.3
156 silly packumentCache full:https://registry.npmjs.org/typescript cache-miss
157 http fetch GET 200 https://registry.npmjs.org/typescript 330ms (cache miss)
158 silly packumentCache full:https://registry.npmjs.org/typescript set size:undefined disposed:false
159 silly placeDep ROOT @babel/core@7.29.0 OK for: coachsammy-app@1.0.0 want: ^7.25.2
160 silly placeDep ROOT @expo-google-fonts/fraunces@0.2.3 OK for: coachsammy-app@1.0.0 want: ^0.2.3
161 silly placeDep ROOT @expo/vector-icons@14.1.0 OK for: coachsammy-app@1.0.0 want: ^14.0.4
162 silly placeDep ROOT react@18.3.1 OK for: @expo/vector-icons@14.1.0 want: *
163 silly placeDep ROOT expo-font@13.0.4 OK for: @expo/vector-icons@14.1.0 want: *
164 silly placeDep ROOT expo@52.0.49 OK for: expo-font@13.0.4 want: *
165 silly placeDep ROOT react-native@0.76.3 OK for: expo@52.0.49 want: *
166 silly placeDep ROOT @react-native-async-storage/async-storage@1.23.1 OK for: coachsammy-app@1.0.0 want: 1.23.1
167 silly placeDep ROOT @supabase/supabase-js@2.105.4 OK for: coachsammy-app@1.0.0 want: ^2.45.4
168 silly placeDep ROOT @types/react@18.3.28 OK for: coachsammy-app@1.0.0 want: ~18.3.12
169 silly placeDep ROOT expo-camera@16.0.18 OK for: coachsammy-app@1.0.0 want: ~16.0.6
170 silly placeDep ROOT expo-constants@17.0.8 OK for: coachsammy-app@1.0.0 want: ~17.0.3
171 silly placeDep ROOT expo-haptics@14.0.1 OK for: coachsammy-app@1.0.0 want: ~14.0.0
172 silly placeDep ROOT expo-image-picker@16.0.6 OK for: coachsammy-app@1.0.0 want: ~16.0.3
173 silly placeDep ROOT expo-linear-gradient@14.0.2 OK for: coachsammy-app@1.0.0 want: ~14.0.1
174 silly placeDep ROOT expo-linking@7.0.5 OK for: coachsammy-app@1.0.0 want: ~7.0.3
175 silly placeDep ROOT expo-notifications@0.29.14 OK for: coachsammy-app@1.0.0 want: ~0.29.10
176 silly placeDep ROOT expo-router@4.0.22 OK for: coachsammy-app@1.0.0 want: ~4.0.9
177 silly placeDep ROOT react-native-screens@4.1.0 OK for: expo-router@4.0.22 want: *
178 silly placeDep ROOT react-native-safe-area-context@4.12.0 OK for: expo-router@4.0.22 want: *
179 silly placeDep ROOT expo-secure-store@14.0.1 OK for: coachsammy-app@1.0.0 want: ~14.0.0
180 silly placeDep ROOT expo-splash-screen@0.29.24 OK for: coachsammy-app@1.0.0 want: ~0.29.13
181 silly placeDep ROOT expo-status-bar@2.0.1 OK for: coachsammy-app@1.0.0 want: ~2.0.0
182 silly placeDep ROOT expo-system-ui@4.0.9 OK for: coachsammy-app@1.0.0 want: ~4.0.4
183 silly placeDep ROOT react-dom@18.3.1 OK for: coachsammy-app@1.0.0 want: 18.3.1
184 silly placeDep ROOT react-native-gesture-handler@2.20.2 OK for: coachsammy-app@1.0.0 want: ~2.20.2
185 silly placeDep ROOT react-native-reanimated@3.16.7 OK for: coachsammy-app@1.0.0 want: ~3.16.1
186 silly placeDep ROOT react-native-svg@15.8.0 OK for: coachsammy-app@1.0.0 want: 15.8.0
187 silly placeDep ROOT react-native-url-polyfill@2.0.0 OK for: coachsammy-app@1.0.0 want: ^2.0.0
188 silly placeDep ROOT react-native-web@0.19.13 OK for: coachsammy-app@1.0.0 want: ~0.19.13
189 silly placeDep ROOT typescript@5.9.3 OK for: coachsammy-app@1.0.0 want: ^5.3.3
190 silly fetch manifest debug@^4.1.0
191 silly packumentCache full:https://registry.npmjs.org/debug cache-miss
192 silly fetch manifest json5@^2.2.3
193 silly packumentCache full:https://registry.npmjs.org/json5 cache-miss
194 silly fetch manifest semver@^6.3.1
195 silly packumentCache full:https://registry.npmjs.org/semver cache-miss
196 silly fetch manifest gensync@^1.0.0-beta.2
197 silly packumentCache full:https://registry.npmjs.org/gensync cache-miss
198 silly fetch manifest @babel/types@^7.29.0
199 silly packumentCache full:https://registry.npmjs.org/@babel%2ftypes cache-miss
200 silly fetch manifest @babel/parser@^7.29.0
201 silly packumentCache full:https://registry.npmjs.org/@babel%2fparser cache-miss
202 silly fetch manifest @babel/helpers@^7.28.6
203 silly packumentCache full:https://registry.npmjs.org/@babel%2fhelpers cache-miss
204 http fetch GET 200 https://registry.npmjs.org/json5 35ms (cache miss)
205 silly packumentCache full:https://registry.npmjs.org/json5 set size:undefined disposed:false
206 silly fetch manifest @babel/template@^7.28.6
207 silly packumentCache full:https://registry.npmjs.org/@babel%2ftemplate cache-miss
208 http fetch GET 200 https://registry.npmjs.org/semver 112ms (cache miss)
209 silly packumentCache full:https://registry.npmjs.org/semver set size:undefined disposed:false
210 silly fetch manifest @babel/traverse@^7.29.0
211 silly packumentCache full:https://registry.npmjs.org/@babel%2ftraverse cache-miss
212 http fetch GET 200 https://registry.npmjs.org/@babel%2ftypes 129ms (cache miss)
213 silly packumentCache full:https://registry.npmjs.org/@babel%2ftypes set size:undefined disposed:false
214 silly fetch manifest @babel/generator@^7.29.0
215 silly packumentCache full:https://registry.npmjs.org/@babel%2fgenerator cache-miss
216 http fetch GET 200 https://registry.npmjs.org/@babel%2fgenerator 62ms (cache miss)
217 silly packumentCache full:https://registry.npmjs.org/@babel%2fgenerator set size:undefined disposed:false
218 silly fetch manifest @babel/code-frame@^7.29.0
219 silly packumentCache full:https://registry.npmjs.org/@babel%2fcode-frame cache-miss
220 http fetch GET 200 https://registry.npmjs.org/gensync 290ms (cache miss)
221 silly packumentCache full:https://registry.npmjs.org/gensync set size:undefined disposed:false
222 silly fetch manifest convert-source-map@^2.0.0
223 silly packumentCache full:https://registry.npmjs.org/convert-source-map cache-miss
224 http fetch GET 200 https://registry.npmjs.org/debug 295ms (cache miss)
225 silly packumentCache full:https://registry.npmjs.org/debug set size:undefined disposed:false
226 silly fetch manifest @jridgewell/remapping@^2.3.5
227 silly packumentCache full:https://registry.npmjs.org/@jridgewell%2fremapping cache-miss
228 http fetch GET 200 https://registry.npmjs.org/@babel%2fhelpers 335ms (cache miss)
229 silly packumentCache full:https://registry.npmjs.org/@babel%2fhelpers set size:undefined disposed:false
230 silly fetch manifest @babel/helper-module-transforms@^7.28.6
231 silly packumentCache full:https://registry.npmjs.org/@babel%2fhelper-module-transforms cache-miss
232 http fetch GET 200 https://registry.npmjs.org/convert-source-map 53ms (cache miss)
233 silly packumentCache full:https://registry.npmjs.org/convert-source-map set size:undefined disposed:false
234 silly fetch manifest @babel/helper-compilation-targets@^7.28.6
235 silly packumentCache full:https://registry.npmjs.org/@babel%2fhelper-compilation-targets cache-miss
236 http fetch GET 200 https://registry.npmjs.org/@babel%2fparser 346ms (cache miss)
237 silly packumentCache full:https://registry.npmjs.org/@babel%2fparser set size:undefined disposed:false
238 silly fetch manifest fontfaceobserver@^2.1.0
239 silly packumentCache full:https://registry.npmjs.org/fontfaceobserver cache-miss
240 http fetch GET 200 https://registry.npmjs.org/@babel%2ftraverse 248ms (cache miss)
241 silly packumentCache full:https://registry.npmjs.org/@babel%2ftraverse set size:undefined disposed:false
242 silly fetch manifest @expo/cli@0.22.28
243 silly packumentCache full:https://registry.npmjs.org/@expo%2fcli cache-miss
244 http fetch GET 200 https://registry.npmjs.org/fontfaceobserver 50ms (cache miss)
245 silly packumentCache full:https://registry.npmjs.org/fontfaceobserver set size:undefined disposed:false
246 silly fetch manifest fbemitter@^3.0.0
247 silly packumentCache full:https://registry.npmjs.org/fbemitter cache-miss
248 http fetch GET 200 https://registry.npmjs.org/@babel%2fcode-frame 252ms (cache miss)
249 silly packumentCache full:https://registry.npmjs.org/@babel%2fcode-frame set size:undefined disposed:false
250 silly fetch manifest expo-asset@~11.0.5
251 silly packumentCache full:https://registry.npmjs.org/expo-asset cache-miss
252 http fetch GET 200 https://registry.npmjs.org/fbemitter 48ms (cache miss)
253 silly packumentCache full:https://registry.npmjs.org/fbemitter set size:undefined disposed:false
254 silly fetch manifest @expo/config@~10.0.11
255 silly packumentCache full:https://registry.npmjs.org/@expo%2fconfig cache-miss
256 http fetch GET 200 https://registry.npmjs.org/@babel%2ftemplate 419ms (cache miss)
257 silly packumentCache full:https://registry.npmjs.org/@babel%2ftemplate set size:undefined disposed:false
258 silly fetch manifest @babel/runtime@^7.20.0
259 silly packumentCache full:https://registry.npmjs.org/@babel%2fruntime cache-miss
260 http fetch GET 200 https://registry.npmjs.org/expo-asset 72ms (cache miss)
261 silly packumentCache full:https://registry.npmjs.org/expo-asset set size:undefined disposed:false
262 silly fetch manifest expo-constants@~17.0.8
263 silly packumentCache full:https://registry.npmjs.org/expo-constants cache-miss
264 http cache https://registry.npmjs.org/expo-constants 24ms (cache hit)
265 silly packumentCache full:https://registry.npmjs.org/expo-constants set size:1053649 disposed:false
266 silly fetch manifest expo-keep-awake@~14.0.3
267 silly packumentCache full:https://registry.npmjs.org/expo-keep-awake cache-miss
268 http fetch GET 200 https://registry.npmjs.org/@jridgewell%2fremapping 292ms (cache miss)
269 silly packumentCache full:https://registry.npmjs.org/@jridgewell%2fremapping set size:undefined disposed:false
270 silly fetch manifest expo-file-system@~18.0.12
271 silly packumentCache full:https://registry.npmjs.org/expo-file-system cache-miss
272 http fetch GET 200 https://registry.npmjs.org/@babel%2fhelper-module-transforms 260ms (cache miss)
273 silly packumentCache full:https://registry.npmjs.org/@babel%2fhelper-module-transforms set size:undefined disposed:false
274 silly fetch manifest @expo/fingerprint@0.11.11
275 silly packumentCache full:https://registry.npmjs.org/@expo%2ffingerprint cache-miss
276 http fetch GET 200 https://registry.npmjs.org/@expo%2fcli 238ms (cache miss)
277 silly packumentCache full:https://registry.npmjs.org/@expo%2fcli set size:undefined disposed:false
278 silly fetch manifest babel-preset-expo@~12.0.12
279 silly packumentCache full:https://registry.npmjs.org/babel-preset-expo cache-miss
280 http fetch GET 200 https://registry.npmjs.org/expo-file-system 66ms (cache miss)
281 silly packumentCache full:https://registry.npmjs.org/expo-file-system set size:undefined disposed:false
282 silly fetch manifest expo-modules-core@2.2.3
283 silly packumentCache full:https://registry.npmjs.org/expo-modules-core cache-miss
284 http fetch GET 200 https://registry.npmjs.org/expo-modules-core 89ms (cache miss)
285 silly packumentCache full:https://registry.npmjs.org/expo-modules-core set size:undefined disposed:false
286 silly fetch manifest @expo/metro-config@0.19.12
287 silly packumentCache full:https://registry.npmjs.org/@expo%2fmetro-config cache-miss
288 http fetch GET 200 https://registry.npmjs.org/@expo%2fconfig 346ms (cache miss)
289 silly packumentCache full:https://registry.npmjs.org/@expo%2fconfig set size:undefined disposed:false
290 silly fetch manifest @expo/vector-icons@~14.0.4
291 silly packumentCache full:https://registry.npmjs.org/@expo%2fvector-icons cache-miss
292 http cache https://registry.npmjs.org/@expo%2fvector-icons 8ms (cache hit)
293 silly packumentCache full:https://registry.npmjs.org/@expo%2fvector-icons set size:222427 disposed:false
294 silly fetch manifest @expo/config-plugins@~9.0.17
295 silly packumentCache full:https://registry.npmjs.org/@expo%2fconfig-plugins cache-miss
296 http fetch GET 200 https://registry.npmjs.org/expo-keep-awake 259ms (cache miss)
297 silly packumentCache full:https://registry.npmjs.org/expo-keep-awake set size:undefined disposed:false
298 silly fetch manifest web-streams-polyfill@^3.3.2
299 silly packumentCache full:https://registry.npmjs.org/web-streams-polyfill cache-miss
300 http fetch GET 200 https://registry.npmjs.org/babel-preset-expo 240ms (cache miss)
301 silly packumentCache full:https://registry.npmjs.org/babel-preset-expo set size:undefined disposed:false
302 silly fetch manifest expo-modules-autolinking@2.0.8
303 silly packumentCache full:https://registry.npmjs.org/expo-modules-autolinking cache-miss
304 http fetch GET 200 https://registry.npmjs.org/web-streams-polyfill 38ms (cache miss)
305 silly packumentCache full:https://registry.npmjs.org/web-streams-polyfill set size:undefined disposed:false
306 silly fetch manifest whatwg-url-without-unicode@8.0.0-3
307 silly packumentCache full:https://registry.npmjs.org/whatwg-url-without-unicode cache-miss
308 http fetch GET 200 https://registry.npmjs.org/@expo%2fmetro-config 149ms (cache miss)
309 silly packumentCache full:https://registry.npmjs.org/@expo%2fmetro-config set size:undefined disposed:false
310 silly fetch manifest ws@^6.2.3
311 silly packumentCache full:https://registry.npmjs.org/ws cache-miss
312 http fetch GET 200 https://registry.npmjs.org/whatwg-url-without-unicode 49ms (cache miss)
313 silly packumentCache full:https://registry.npmjs.org/whatwg-url-without-unicode set size:undefined disposed:false
314 silly fetch manifest glob@^7.1.1
315 silly packumentCache full:https://registry.npmjs.org/glob cache-miss
316 http fetch GET 200 https://registry.npmjs.org/@expo%2ffingerprint 334ms (cache miss)
317 silly packumentCache full:https://registry.npmjs.org/@expo%2ffingerprint set size:undefined disposed:false
318 silly fetch manifest anser@^1.4.9
319 silly packumentCache full:https://registry.npmjs.org/anser cache-miss
320 http fetch GET 200 https://registry.npmjs.org/@babel%2fhelper-compilation-targets 609ms (cache miss)
321 silly packumentCache full:https://registry.npmjs.org/@babel%2fhelper-compilation-targets set size:undefined disposed:false
322 silly fetch manifest chalk@^4.0.0
323 silly packumentCache full:https://registry.npmjs.org/chalk cache-miss
324 http fetch GET 200 https://registry.npmjs.org/ws 53ms (cache miss)
325 silly packumentCache full:https://registry.npmjs.org/ws set size:undefined disposed:false
326 silly fetch manifest yargs@^17.6.2
327 silly packumentCache full:https://registry.npmjs.org/yargs cache-miss
328 http fetch GET 200 https://registry.npmjs.org/anser 49ms (cache miss)
329 silly packumentCache full:https://registry.npmjs.org/anser set size:undefined disposed:false
330 silly fetch manifest mkdirp@^0.5.1
331 silly packumentCache full:https://registry.npmjs.org/mkdirp cache-miss
332 http fetch GET 200 https://registry.npmjs.org/@babel%2fruntime 536ms (cache miss)
333 silly packumentCache full:https://registry.npmjs.org/@babel%2fruntime set size:undefined disposed:false
334 silly fetch manifest semver@^7.1.3
335 silly packumentCache full:https://registry.npmjs.org/semver cache-miss
336 http cache https://registry.npmjs.org/semver 5ms (cache hit)
337 silly packumentCache full:https://registry.npmjs.org/semver set size:233058 disposed:false
338 silly fetch manifest promise@^8.3.0
339 silly packumentCache full:https://registry.npmjs.org/promise cache-miss
340 http fetch GET 200 https://registry.npmjs.org/mkdirp 41ms (cache miss)
341 silly packumentCache full:https://registry.npmjs.org/mkdirp set size:undefined disposed:false
342 silly fetch manifest base64-js@^1.5.1
343 silly packumentCache full:https://registry.npmjs.org/base64-js cache-miss
344 http fetch GET 200 https://registry.npmjs.org/yargs 61ms (cache miss)
345 silly packumentCache full:https://registry.npmjs.org/yargs set size:undefined disposed:false
346 silly fetch manifest commander@^12.0.0
347 silly packumentCache full:https://registry.npmjs.org/commander cache-miss
348 http fetch GET 200 https://registry.npmjs.org/expo-modules-autolinking 244ms (cache miss)
349 silly packumentCache full:https://registry.npmjs.org/expo-modules-autolinking set size:undefined disposed:false
350 silly fetch manifest invariant@^2.2.4
351 silly packumentCache full:https://registry.npmjs.org/invariant cache-miss
352 http fetch GET 200 https://registry.npmjs.org/commander 76ms (cache miss)
353 silly packumentCache full:https://registry.npmjs.org/commander set size:undefined disposed:false
354 silly fetch manifest scheduler@0.24.0-canary-efb381bbf-20230505
355 silly packumentCache full:https://registry.npmjs.org/scheduler cache-miss
356 http fetch GET 200 https://registry.npmjs.org/@expo%2fconfig-plugins 314ms (cache miss)
357 silly packumentCache full:https://registry.npmjs.org/@expo%2fconfig-plugins set size:undefined disposed:false
358 silly fetch manifest ansi-regex@^5.0.0
359 silly packumentCache full:https://registry.npmjs.org/ansi-regex cache-miss
360 http fetch GET 200 https://registry.npmjs.org/glob 234ms (cache miss)
361 silly packumentCache full:https://registry.npmjs.org/glob set size:undefined disposed:false
362 silly fetch manifest babel-jest@^29.7.0
363 silly packumentCache full:https://registry.npmjs.org/babel-jest cache-miss
364 http fetch GET 200 https://registry.npmjs.org/chalk 224ms (cache miss)
365 silly packumentCache full:https://registry.npmjs.org/chalk set size:undefined disposed:false
366 silly fetch manifest nullthrows@^1.1.1
367 silly packumentCache full:https://registry.npmjs.org/nullthrows cache-miss
368 http fetch GET 200 https://registry.npmjs.org/babel-jest 66ms (cache miss)
369 silly packumentCache full:https://registry.npmjs.org/babel-jest set size:undefined disposed:false
370 silly fetch manifest jsc-android@^250231.0.0
371 silly packumentCache full:https://registry.npmjs.org/jsc-android cache-miss
372 http fetch GET 200 https://registry.npmjs.org/promise 224ms (cache miss)
373 silly packumentCache full:https://registry.npmjs.org/promise set size:undefined disposed:false
374 silly fetch manifest memoize-one@^5.0.0
375 silly packumentCache full:https://registry.npmjs.org/memoize-one cache-miss
376 http fetch GET 200 https://registry.npmjs.org/base64-js 226ms (cache miss)
377 silly packumentCache full:https://registry.npmjs.org/base64-js set size:undefined disposed:false
378 silly fetch manifest whatwg-fetch@^3.0.0
379 silly packumentCache full:https://registry.npmjs.org/whatwg-fetch cache-miss
380 http fetch GET 200 https://registry.npmjs.org/whatwg-fetch 51ms (cache miss)
381 silly packumentCache full:https://registry.npmjs.org/whatwg-fetch set size:undefined disposed:false
382 silly fetch manifest metro-runtime@^0.81.0
383 silly packumentCache full:https://registry.npmjs.org/metro-runtime cache-miss
384 http fetch GET 200 https://registry.npmjs.org/memoize-one 58ms (cache miss)
385 silly packumentCache full:https://registry.npmjs.org/memoize-one set size:undefined disposed:false
386 silly fetch manifest pretty-format@^29.7.0
387 silly packumentCache full:https://registry.npmjs.org/pretty-format cache-miss
388 http fetch GET 200 https://registry.npmjs.org/invariant 214ms (cache miss)
389 silly packumentCache full:https://registry.npmjs.org/invariant set size:undefined disposed:false
390 silly fetch manifest react-refresh@^0.14.0
391 silly packumentCache full:https://registry.npmjs.org/react-refresh cache-miss
392 http fetch GET 200 https://registry.npmjs.org/scheduler 210ms (cache miss)
393 silly packumentCache full:https://registry.npmjs.org/scheduler set size:undefined disposed:false
394 silly fetch manifest abort-controller@^3.0.0
395 silly packumentCache full:https://registry.npmjs.org/abort-controller cache-miss
396 http fetch GET 200 https://registry.npmjs.org/ansi-regex 241ms (cache miss)
397 silly packumentCache full:https://registry.npmjs.org/ansi-regex set size:undefined disposed:false
398 silly fetch manifest metro-source-map@^0.81.0
399 silly packumentCache full:https://registry.npmjs.org/metro-source-map cache-miss
400 http fetch GET 200 https://registry.npmjs.org/metro-runtime 82ms (cache miss)
401 silly packumentCache full:https://registry.npmjs.org/metro-runtime set size:undefined disposed:false
402 silly fetch manifest event-target-shim@^5.0.1
403 silly packumentCache full:https://registry.npmjs.org/event-target-shim cache-miss
404 http fetch GET 200 https://registry.npmjs.org/nullthrows 224ms (cache miss)
405 silly packumentCache full:https://registry.npmjs.org/nullthrows set size:undefined disposed:false
406 silly fetch manifest stacktrace-parser@^0.1.10
407 silly packumentCache full:https://registry.npmjs.org/stacktrace-parser cache-miss
408 http fetch GET 200 https://registry.npmjs.org/pretty-format 91ms (cache miss)
409 silly packumentCache full:https://registry.npmjs.org/pretty-format set size:undefined disposed:false
410 silly fetch manifest flow-enums-runtime@^0.0.6
411 silly packumentCache full:https://registry.npmjs.org/flow-enums-runtime cache-miss
412 http fetch GET 200 https://registry.npmjs.org/abort-controller 45ms (cache miss)
413 silly packumentCache full:https://registry.npmjs.org/abort-controller set size:undefined disposed:false
414 silly fetch manifest react-devtools-core@^5.3.1
415 silly packumentCache full:https://registry.npmjs.org/react-devtools-core cache-miss
416 http fetch GET 200 https://registry.npmjs.org/event-target-shim 49ms (cache miss)
417 silly packumentCache full:https://registry.npmjs.org/event-target-shim set size:undefined disposed:false
418 silly fetch manifest regenerator-runtime@^0.13.2
419 silly packumentCache full:https://registry.npmjs.org/regenerator-runtime cache-miss
420 http fetch GET 200 https://registry.npmjs.org/flow-enums-runtime 44ms (cache miss)
421 silly packumentCache full:https://registry.npmjs.org/flow-enums-runtime set size:undefined disposed:false
422 silly fetch manifest @react-native/codegen@0.76.3
423 silly packumentCache full:https://registry.npmjs.org/@react-native%2fcodegen cache-miss
424 http fetch GET 200 https://registry.npmjs.org/metro-source-map 69ms (cache miss)
425 silly packumentCache full:https://registry.npmjs.org/metro-source-map set size:undefined disposed:false
426 silly fetch manifest jest-environment-node@^29.6.3
427 silly packumentCache full:https://registry.npmjs.org/jest-environment-node cache-miss
428 http fetch GET 200 https://registry.npmjs.org/jsc-android 241ms (cache miss)
429 silly packumentCache full:https://registry.npmjs.org/jsc-android set size:undefined disposed:false
430 silly fetch manifest @react-native/js-polyfills@0.76.3
431 silly packumentCache full:https://registry.npmjs.org/@react-native%2fjs-polyfills cache-miss
432 http fetch GET 200 https://registry.npmjs.org/regenerator-runtime 44ms (cache miss)
433 silly packumentCache full:https://registry.npmjs.org/regenerator-runtime set size:undefined disposed:false
434 silly fetch manifest @react-native/gradle-plugin@0.76.3
435 silly packumentCache full:https://registry.npmjs.org/@react-native%2fgradle-plugin cache-miss
436 http fetch GET 200 https://registry.npmjs.org/react-devtools-core 68ms (cache miss)
437 silly packumentCache full:https://registry.npmjs.org/react-devtools-core set size:undefined disposed:false
438 silly fetch manifest @react-native/assets-registry@0.76.3
439 silly packumentCache full:https://registry.npmjs.org/@react-native%2fassets-registry cache-miss
440 http fetch GET 200 https://registry.npmjs.org/jest-environment-node 74ms (cache miss)
441 silly packumentCache full:https://registry.npmjs.org/jest-environment-node set size:undefined disposed:false
442 silly fetch manifest @react-native/normalize-colors@0.76.3
443 silly packumentCache full:https://registry.npmjs.org/@react-native%2fnormalize-colors cache-miss
444 http fetch GET 200 https://registry.npmjs.org/react-refresh 222ms (cache miss)
445 silly packumentCache full:https://registry.npmjs.org/react-refresh set size:undefined disposed:false
446 silly fetch manifest @jest/create-cache-key-function@^29.6.3
447 silly packumentCache full:https://registry.npmjs.org/@jest%2fcreate-cache-key-function cache-miss
448 http fetch GET 200 https://registry.npmjs.org/stacktrace-parser 221ms (cache miss)
449 silly packumentCache full:https://registry.npmjs.org/stacktrace-parser set size:undefined disposed:false
450 silly fetch manifest @react-native/virtualized-lists@0.76.3
451 silly packumentCache full:https://registry.npmjs.org/@react-native%2fvirtualized-lists cache-miss
452 http fetch GET 200 https://registry.npmjs.org/@react-native%2fassets-registry 380ms (cache miss)
453 silly packumentCache full:https://registry.npmjs.org/@react-native%2fassets-registry set size:undefined disposed:false
454 silly fetch manifest babel-plugin-syntax-hermes-parser@^0.23.1
455 silly packumentCache full:https://registry.npmjs.org/babel-plugin-syntax-hermes-parser cache-miss
456 http fetch GET 200 https://registry.npmjs.org/@react-native%2fgradle-plugin 405ms (cache miss)
457 silly packumentCache full:https://registry.npmjs.org/@react-native%2fgradle-plugin set size:undefined disposed:false
458 silly fetch manifest @react-native/community-cli-plugin@0.76.3
459 silly packumentCache full:https://registry.npmjs.org/@react-native%2fcommunity-cli-plugin cache-miss
460 http fetch GET 200 https://registry.npmjs.org/@jest%2fcreate-cache-key-function 333ms (cache miss)
461 silly packumentCache full:https://registry.npmjs.org/@jest%2fcreate-cache-key-function set size:undefined disposed:false
462 silly fetch manifest loose-envify@^1.1.0
463 silly packumentCache full:https://registry.npmjs.org/loose-envify cache-miss
464 http fetch GET 200 https://registry.npmjs.org/babel-plugin-syntax-hermes-parser 48ms (cache miss)
465 silly packumentCache full:https://registry.npmjs.org/babel-plugin-syntax-hermes-parser set size:undefined disposed:false
466 silly fetch manifest merge-options@^3.0.4
467 silly packumentCache full:https://registry.npmjs.org/merge-options cache-miss
468 http fetch GET 200 https://registry.npmjs.org/@react-native%2fnormalize-colors 418ms (cache miss)
469 silly packumentCache full:https://registry.npmjs.org/@react-native%2fnormalize-colors set size:undefined disposed:false
470 silly fetch manifest @supabase/auth-js@2.105.4
471 silly packumentCache full:https://registry.npmjs.org/@supabase%2fauth-js cache-miss
472 http fetch GET 200 https://registry.npmjs.org/merge-options 49ms (cache miss)
473 silly packumentCache full:https://registry.npmjs.org/merge-options set size:undefined disposed:false
474 silly fetch manifest @supabase/storage-js@2.105.4
475 silly packumentCache full:https://registry.npmjs.org/@supabase%2fstorage-js cache-miss
476 http fetch GET 200 https://registry.npmjs.org/@react-native%2fvirtualized-lists 387ms (cache miss)
477 silly packumentCache full:https://registry.npmjs.org/@react-native%2fvirtualized-lists set size:undefined disposed:false
478 silly fetch manifest @supabase/realtime-js@2.105.4
479 silly packumentCache full:https://registry.npmjs.org/@supabase%2frealtime-js cache-miss
480 http fetch GET 200 https://registry.npmjs.org/@react-native%2fjs-polyfills 550ms (cache miss)
481 silly packumentCache full:https://registry.npmjs.org/@react-native%2fjs-polyfills set size:undefined disposed:false
482 silly fetch manifest @supabase/functions-js@2.105.4
483 silly packumentCache full:https://registry.npmjs.org/@supabase%2ffunctions-js cache-miss
484 http fetch GET 200 https://registry.npmjs.org/@react-native%2fcodegen 599ms (cache miss)
485 silly packumentCache full:https://registry.npmjs.org/@react-native%2fcodegen set size:undefined disposed:false
486 silly fetch manifest @supabase/postgrest-js@2.105.4
487 silly packumentCache full:https://registry.npmjs.org/@supabase%2fpostgrest-js cache-miss
488 http fetch GET 200 https://registry.npmjs.org/loose-envify 218ms (cache miss)
489 silly packumentCache full:https://registry.npmjs.org/loose-envify set size:undefined disposed:false
490 silly fetch manifest csstype@^3.2.2
491 silly packumentCache full:https://registry.npmjs.org/csstype cache-miss
492 http fetch GET 200 https://registry.npmjs.org/@supabase%2frealtime-js 140ms (cache miss)
493 silly packumentCache full:https://registry.npmjs.org/@supabase%2frealtime-js set size:undefined disposed:false
494 silly fetch manifest @types/prop-types@*
495 silly packumentCache full:https://registry.npmjs.org/@types%2fprop-types cache-miss
496 http fetch GET 200 https://registry.npmjs.org/@supabase%2ffunctions-js 137ms (cache miss)
497 silly packumentCache full:https://registry.npmjs.org/@supabase%2ffunctions-js set size:undefined disposed:false
498 silly fetch manifest @expo/env@~0.4.2
499 silly packumentCache full:https://registry.npmjs.org/@expo%2fenv cache-miss
500 http fetch GET 200 https://registry.npmjs.org/csstype 42ms (cache miss)
501 silly packumentCache full:https://registry.npmjs.org/csstype set size:undefined disposed:false
502 silly fetch manifest expo-image-loader@~5.0.0
503 silly packumentCache full:https://registry.npmjs.org/expo-image-loader cache-miss
504 http fetch GET 200 https://registry.npmjs.org/@expo%2fenv 129ms (cache miss)
505 silly packumentCache full:https://registry.npmjs.org/@expo%2fenv set size:undefined disposed:false
506 silly fetch manifest assert@^2.0.0
507 silly packumentCache full:https://registry.npmjs.org/assert cache-miss
508 http fetch GET 200 https://registry.npmjs.org/@supabase%2fstorage-js 352ms (cache miss)
509 silly packumentCache full:https://registry.npmjs.org/@supabase%2fstorage-js set size:undefined disposed:false
510 silly fetch manifest badgin@^1.1.5
511 silly packumentCache full:https://registry.npmjs.org/badgin cache-miss
512 http fetch GET 200 https://registry.npmjs.org/@supabase%2fauth-js 385ms (cache miss)
513 silly packumentCache full:https://registry.npmjs.org/@supabase%2fauth-js set size:undefined disposed:false
514 silly fetch manifest @ide/backoff@^1.0.0
515 silly packumentCache full:https://registry.npmjs.org/@ide%2fbackoff cache-miss
516 http fetch GET 200 https://registry.npmjs.org/assert 50ms (cache miss)
517 silly packumentCache full:https://registry.npmjs.org/assert set size:undefined disposed:false
518 silly fetch manifest expo-application@~6.0.2
519 silly packumentCache full:https://registry.npmjs.org/expo-application cache-miss
520 http fetch GET 200 https://registry.npmjs.org/@react-native%2fcommunity-cli-plugin 461ms (cache miss)
521 silly packumentCache full:https://registry.npmjs.org/@react-native%2fcommunity-cli-plugin set size:undefined disposed:false
522 silly fetch manifest @expo/image-utils@^0.6.5
523 silly packumentCache full:https://registry.npmjs.org/@expo%2fimage-utils cache-miss
524 http fetch GET 200 https://registry.npmjs.org/@types%2fprop-types 230ms (cache miss)
525 silly packumentCache full:https://registry.npmjs.org/@types%2fprop-types set size:undefined disposed:false
526 silly fetch manifest semver@~7.6.3
527 silly packumentCache full:https://registry.npmjs.org/semver cache-hit
528 silly fetch manifest client-only@^0.0.1
529 silly packumentCache full:https://registry.npmjs.org/client-only cache-miss
530 http fetch GET 200 https://registry.npmjs.org/badgin 49ms (cache miss)
531 silly packumentCache full:https://registry.npmjs.org/badgin set size:undefined disposed:false
532 silly fetch manifest server-only@^0.0.1
533 silly packumentCache full:https://registry.npmjs.org/server-only cache-miss
534 http fetch GET 200 https://registry.npmjs.org/@supabase%2fpostgrest-js 340ms (cache miss)
535 silly packumentCache full:https://registry.npmjs.org/@supabase%2fpostgrest-js set size:undefined disposed:false
536 silly fetch manifest @expo/server@^0.5.3
537 silly packumentCache full:https://registry.npmjs.org/@expo%2fserver cache-miss
538 http fetch GET 200 https://registry.npmjs.org/expo-image-loader 237ms (cache miss)
539 silly packumentCache full:https://registry.npmjs.org/expo-image-loader set size:undefined disposed:false
540 silly fetch manifest schema-utils@^4.0.1
541 silly packumentCache full:https://registry.npmjs.org/schema-utils cache-miss
542 http fetch GET 200 https://registry.npmjs.org/expo-application 70ms (cache miss)
543 silly packumentCache full:https://registry.npmjs.org/expo-application set size:undefined disposed:false
544 silly fetch manifest react-helmet-async@^1.3.0
545 silly packumentCache full:https://registry.npmjs.org/react-helmet-async cache-miss
546 http fetch GET 200 https://registry.npmjs.org/react-helmet-async 46ms (cache miss)
547 silly packumentCache full:https://registry.npmjs.org/react-helmet-async set size:undefined disposed:false
548 silly fetch manifest @expo/metro-runtime@4.0.1
549 silly packumentCache full:https://registry.npmjs.org/@expo%2fmetro-runtime cache-miss
550 http cache https://registry.npmjs.org/@expo%2fmetro-runtime 9ms (cache hit)
551 silly packumentCache full:https://registry.npmjs.org/@expo%2fmetro-runtime set size:687708 disposed:false
552 silly fetch manifest @radix-ui/react-slot@1.0.1
553 silly packumentCache full:https://registry.npmjs.org/@radix-ui%2freact-slot cache-miss
554 http fetch GET 200 https://registry.npmjs.org/client-only 222ms (cache miss)
555 silly packumentCache full:https://registry.npmjs.org/client-only set size:undefined disposed:false
556 silly fetch manifest @react-navigation/native@^7.0.14
557 silly packumentCache full:https://registry.npmjs.org/@react-navigation%2fnative cache-miss
558 http fetch GET 200 https://registry.npmjs.org/server-only 226ms (cache miss)
559 silly packumentCache full:https://registry.npmjs.org/server-only set size:undefined disposed:false
560 silly fetch manifest react-native-helmet-async@2.0.4
561 silly packumentCache full:https://registry.npmjs.org/react-native-helmet-async cache-miss
562 http cache https://registry.npmjs.org/@react-navigation%2fnative 15ms (cache hit)
563 silly packumentCache full:https://registry.npmjs.org/@react-navigation%2fnative set size:1095867 disposed:false
564 silly fetch manifest react-native-is-edge-to-edge@^1.1.6
565 silly packumentCache full:https://registry.npmjs.org/react-native-is-edge-to-edge cache-miss
566 http fetch GET 200 https://registry.npmjs.org/schema-utils 232ms (cache miss)
567 silly packumentCache full:https://registry.npmjs.org/schema-utils set size:undefined disposed:false
568 silly fetch manifest @react-navigation/bottom-tabs@^7.2.0
569 silly packumentCache full:https://registry.npmjs.org/@react-navigation%2fbottom-tabs cache-miss
570 http fetch GET 200 https://registry.npmjs.org/react-native-helmet-async 43ms (cache miss)
571 silly packumentCache full:https://registry.npmjs.org/react-native-helmet-async set size:undefined disposed:false
572 silly fetch manifest @react-navigation/native-stack@^7.2.0
573 silly packumentCache full:https://registry.npmjs.org/@react-navigation%2fnative-stack cache-miss
574 http fetch GET 200 https://registry.npmjs.org/react-native-is-edge-to-edge 39ms (cache miss)
575 silly packumentCache full:https://registry.npmjs.org/react-native-is-edge-to-edge set size:undefined disposed:false
576 silly fetch manifest warn-once@^0.1.0
577 silly packumentCache full:https://registry.npmjs.org/warn-once cache-miss
578 http fetch GET 200 https://registry.npmjs.org/warn-once 38ms (cache miss)
579 silly packumentCache full:https://registry.npmjs.org/warn-once set size:undefined disposed:false
580 silly fetch manifest react-freeze@^1.0.0
581 silly packumentCache full:https://registry.npmjs.org/react-freeze cache-miss
582 http fetch GET 200 https://registry.npmjs.org/@radix-ui%2freact-slot 305ms (cache miss)
583 silly packumentCache full:https://registry.npmjs.org/@radix-ui%2freact-slot set size:undefined disposed:false
584 silly fetch manifest @expo/prebuild-config@~8.2.0
585 silly packumentCache full:https://registry.npmjs.org/@expo%2fprebuild-config cache-miss
586 http fetch GET 200 https://registry.npmjs.org/@ide%2fbackoff 474ms (cache miss)
587 silly packumentCache full:https://registry.npmjs.org/@ide%2fbackoff set size:undefined disposed:false
588 silly fetch manifest debug@^4.3.2
589 silly packumentCache full:https://registry.npmjs.org/debug cache-miss
590 http cache https://registry.npmjs.org/debug 5ms (cache hit)
591 silly packumentCache full:https://registry.npmjs.org/debug set size:195840 disposed:false
592 silly fetch manifest @react-native/normalize-colors@0.76.8
593 silly packumentCache full:https://registry.npmjs.org/@react-native%2fnormalize-colors cache-miss
594 http cache https://registry.npmjs.org/@react-native%2fnormalize-colors 7ms (cache hit)
595 silly packumentCache full:https://registry.npmjs.org/@react-native%2fnormalize-colors set size:1869257 disposed:false
596 silly fetch manifest scheduler@^0.23.2
597 silly packumentCache full:https://registry.npmjs.org/scheduler cache-miss
598 http fetch GET 200 https://registry.npmjs.org/@react-navigation%2fbottom-tabs 201ms (cache miss)
599 silly packumentCache full:https://registry.npmjs.org/@react-navigation%2fbottom-tabs set size:undefined disposed:false
600 silly fetch manifest prop-types@^15.7.2
601 silly packumentCache full:https://registry.npmjs.org/prop-types cache-miss
602 http cache https://registry.npmjs.org/scheduler 50ms (cache hit)
603 silly packumentCache full:https://registry.npmjs.org/scheduler set size:5505449 disposed:false
604 silly fetch manifest @egjs/hammerjs@^2.0.17
605 silly packumentCache full:https://registry.npmjs.org/@egjs%2fhammerjs cache-miss
606 http fetch GET 200 https://registry.npmjs.org/@expo%2fserver 572ms (cache miss)
607 silly packumentCache full:https://registry.npmjs.org/@expo%2fserver set size:undefined disposed:false
608 silly fetch manifest hoist-non-react-statics@^3.3.0
609 silly packumentCache full:https://registry.npmjs.org/hoist-non-react-statics cache-miss
610 http fetch GET 200 https://registry.npmjs.org/react-freeze 274ms (cache miss)
611 silly packumentCache full:https://registry.npmjs.org/react-freeze set size:undefined disposed:false
612 silly fetch manifest @babel/preset-typescript@^7.16.7
613 silly packumentCache full:https://registry.npmjs.org/@babel%2fpreset-typescript cache-miss
614 http fetch GET 200 https://registry.npmjs.org/prop-types 118ms (cache miss)
615 silly packumentCache full:https://registry.npmjs.org/prop-types set size:undefined disposed:false
616 silly fetch manifest @babel/plugin-transform-classes@^7.0.0-0
617 silly packumentCache full:https://registry.npmjs.org/@babel%2fplugin-transform-classes cache-miss
618 http fetch GET 200 https://registry.npmjs.org/@expo%2fimage-utils 629ms (cache miss)
619 silly packumentCache full:https://registry.npmjs.org/@expo%2fimage-utils set size:undefined disposed:false
620 silly fetch manifest @babel/plugin-transform-unicode-regex@^7.0.0-0
621 silly packumentCache full:https://registry.npmjs.org/@babel%2fplugin-transform-unicode-regex cache-miss
622 http fetch GET 200 https://registry.npmjs.org/@react-navigation%2fnative-stack 352ms (cache miss)
623 silly packumentCache full:https://registry.npmjs.org/@react-navigation%2fnative-stack set size:undefined disposed:false
624 silly fetch manifest @babel/plugin-transform-arrow-functions@^7.0.0-0
625 silly packumentCache full:https://registry.npmjs.org/@babel%2fplugin-transform-arrow-functions cache-miss
626 http fetch GET 200 https://registry.npmjs.org/hoist-non-react-statics 38ms (cache miss)
627 silly packumentCache full:https://registry.npmjs.org/hoist-non-react-statics set size:undefined disposed:false
628 silly fetch manifest @babel/plugin-transform-class-properties@^7.0.0-0
629 silly packumentCache full:https://registry.npmjs.org/@babel%2fplugin-transform-class-properties cache-miss
630 http fetch GET 200 https://registry.npmjs.org/@egjs%2fhammerjs 105ms (cache miss)
631 silly packumentCache full:https://registry.npmjs.org/@egjs%2fhammerjs set size:undefined disposed:false
632 silly fetch manifest @babel/plugin-transform-optional-chaining@^7.0.0-0
633 silly packumentCache full:https://registry.npmjs.org/@babel%2fplugin-transform-optional-chaining cache-miss
634 http fetch GET 200 https://registry.npmjs.org/@expo%2fprebuild-config 309ms (cache miss)
635 silly packumentCache full:https://registry.npmjs.org/@expo%2fprebuild-config set size:undefined disposed:false
636 silly fetch manifest @babel/plugin-transform-template-literals@^7.0.0-0
637 silly packumentCache full:https://registry.npmjs.org/@babel%2fplugin-transform-template-literals cache-miss
638 http fetch GET 200 https://registry.npmjs.org/@babel%2fplugin-transform-template-literals 49ms (cache miss)
639 silly packumentCache full:https://registry.npmjs.org/@babel%2fplugin-transform-template-literals set size:undefined disposed:false
640 silly fetch manifest @babel/plugin-transform-shorthand-properties@^7.0.0-0
641 silly packumentCache full:https://registry.npmjs.org/@babel%2fplugin-transform-shorthand-properties cache-miss
642 http fetch GET 200 https://registry.npmjs.org/@babel%2fplugin-transform-unicode-regex 235ms (cache miss)
643 silly packumentCache full:https://registry.npmjs.org/@babel%2fplugin-transform-unicode-regex set size:undefined disposed:false
644 silly fetch manifest @babel/plugin-transform-nullish-coalescing-operator@^7.0.0-0
645 silly packumentCache full:https://registry.npmjs.org/@babel%2fplugin-transform-nullish-coalescing-operator cache-miss
646 http fetch GET 200 https://registry.npmjs.org/@babel%2fplugin-transform-classes 255ms (cache miss)
647 silly packumentCache full:https://registry.npmjs.org/@babel%2fplugin-transform-classes set size:undefined disposed:false
648 silly fetch manifest css-tree@^1.1.3
649 silly packumentCache full:https://registry.npmjs.org/css-tree cache-miss
650 http fetch GET 200 https://registry.npmjs.org/@babel%2fplugin-transform-arrow-functions 250ms (cache miss)
651 silly packumentCache full:https://registry.npmjs.org/@babel%2fplugin-transform-arrow-functions set size:undefined disposed:false
652 silly fetch manifest warn-once@0.1.1
653 silly packumentCache full:https://registry.npmjs.org/warn-once cache-miss
654 http cache https://registry.npmjs.org/warn-once 5ms (cache hit)
655 silly packumentCache full:https://registry.npmjs.org/warn-once set size:8138 disposed:false
656 silly fetch manifest css-select@^5.1.0
657 silly packumentCache full:https://registry.npmjs.org/css-select cache-miss
658 http fetch GET 200 https://registry.npmjs.org/@babel%2fplugin-transform-nullish-coalescing-operator 60ms (cache miss)
659 silly packumentCache full:https://registry.npmjs.org/@babel%2fplugin-transform-nullish-coalescing-operator set size:undefined disposed:false
660 silly fetch manifest fbjs@^3.0.4
661 silly packumentCache full:https://registry.npmjs.org/fbjs cache-miss
662 http fetch GET 200 https://registry.npmjs.org/@babel%2fplugin-transform-optional-chaining 236ms (cache miss)
663 silly packumentCache full:https://registry.npmjs.org/@babel%2fplugin-transform-optional-chaining set size:undefined disposed:false
664 silly fetch manifest styleq@^0.1.3
665 silly packumentCache full:https://registry.npmjs.org/styleq cache-miss
666 http fetch GET 200 https://registry.npmjs.org/css-tree 55ms (cache miss)
667 silly packumentCache full:https://registry.npmjs.org/css-tree set size:undefined disposed:false
668 silly fetch manifest memoize-one@^6.0.0
669 silly packumentCache full:https://registry.npmjs.org/memoize-one cache-miss
670 http cache https://registry.npmjs.org/memoize-one 3ms (cache hit)
671 silly packumentCache full:https://registry.npmjs.org/memoize-one set size:217155 disposed:false
672 silly fetch manifest @babel/runtime@^7.18.6
673 silly packumentCache full:https://registry.npmjs.org/@babel%2fruntime cache-miss
674 http cache https://registry.npmjs.org/@babel%2fruntime 10ms (cache hit)
675 silly packumentCache full:https://registry.npmjs.org/@babel%2fruntime set size:3404872 disposed:false
676 silly fetch manifest postcss-value-parser@^4.2.0
677 silly packumentCache full:https://registry.npmjs.org/postcss-value-parser cache-miss
678 http fetch GET 200 https://registry.npmjs.org/styleq 46ms (cache miss)
679 silly packumentCache full:https://registry.npmjs.org/styleq set size:undefined disposed:false
680 silly fetch manifest inline-style-prefixer@^6.0.1
681 silly packumentCache full:https://registry.npmjs.org/inline-style-prefixer cache-miss
682 http fetch GET 200 https://registry.npmjs.org/postcss-value-parser 36ms (cache miss)
683 silly packumentCache full:https://registry.npmjs.org/postcss-value-parser set size:undefined disposed:false
684 silly fetch manifest @react-native/normalize-colors@^0.74.1
685 silly packumentCache full:https://registry.npmjs.org/@react-native%2fnormalize-colors cache-miss
686 http cache https://registry.npmjs.org/@react-native%2fnormalize-colors 9ms (cache hit)
687 silly packumentCache full:https://registry.npmjs.org/@react-native%2fnormalize-colors set size:1869257 disposed:false
688 http fetch GET 200 https://registry.npmjs.org/@babel%2fplugin-transform-shorthand-properties 244ms (cache miss)
689 silly packumentCache full:https://registry.npmjs.org/@babel%2fplugin-transform-shorthand-properties set size:undefined disposed:false
690 http fetch GET 200 https://registry.npmjs.org/@babel%2fplugin-transform-class-properties 409ms (cache miss)
691 silly packumentCache full:https://registry.npmjs.org/@babel%2fplugin-transform-class-properties set size:undefined disposed:false
692 http fetch GET 200 https://registry.npmjs.org/@babel%2fpreset-typescript 441ms (cache miss)
693 silly packumentCache full:https://registry.npmjs.org/@babel%2fpreset-typescript set size:undefined disposed:false
694 http fetch GET 200 https://registry.npmjs.org/css-select 239ms (cache miss)
695 silly packumentCache full:https://registry.npmjs.org/css-select set size:undefined disposed:false
696 http fetch GET 200 https://registry.npmjs.org/fbjs 231ms (cache miss)
697 silly packumentCache full:https://registry.npmjs.org/fbjs set size:undefined disposed:false
698 http fetch GET 200 https://registry.npmjs.org/inline-style-prefixer 233ms (cache miss)
699 silly packumentCache full:https://registry.npmjs.org/inline-style-prefixer set size:undefined disposed:false
700 silly fetch manifest @babel/core@^7.0.0
701 silly packumentCache full:https://registry.npmjs.org/@babel%2fcore cache-miss
702 http cache https://registry.npmjs.org/@babel%2fcore 9ms (cache hit)
703 silly packumentCache full:https://registry.npmjs.org/@babel%2fcore set size:768033 disposed:false
704 silly placeDep ROOT @babel/code-frame@7.29.0 OK for: @babel/core@7.29.0 want: ^7.29.0
705 silly placeDep ROOT @babel/generator@7.29.1 OK for: @babel/core@7.29.0 want: ^7.29.0
706 silly placeDep ROOT @babel/helper-compilation-targets@7.28.6 OK for: @babel/core@7.29.0 want: ^7.28.6
707 silly placeDep ROOT @babel/helper-module-transforms@7.28.6 OK for: @babel/core@7.29.0 want: ^7.28.6
708 silly placeDep ROOT @babel/helpers@7.29.2 OK for: @babel/core@7.29.0 want: ^7.28.6
709 silly placeDep ROOT @babel/parser@7.29.3 OK for: @babel/core@7.29.0 want: ^7.29.0
710 silly placeDep ROOT @babel/template@7.28.6 OK for: @babel/core@7.29.0 want: ^7.28.6
711 silly placeDep ROOT @babel/traverse@7.29.0 OK for: @babel/core@7.29.0 want: ^7.29.0
712 silly placeDep ROOT @babel/types@7.29.0 OK for: @babel/core@7.29.0 want: ^7.29.0
713 silly placeDep ROOT @jridgewell/remapping@2.3.5 OK for: @babel/core@7.29.0 want: ^2.3.5
714 silly placeDep ROOT convert-source-map@2.0.0 OK for: @babel/core@7.29.0 want: ^2.0.0
715 silly placeDep ROOT debug@4.4.3 OK for: @babel/core@7.29.0 want: ^4.1.0
716 silly placeDep ROOT gensync@1.0.0-beta.2 OK for: @babel/core@7.29.0 want: ^1.0.0-beta.2
717 silly placeDep ROOT json5@2.2.3 OK for: @babel/core@7.29.0 want: ^2.2.3
718 silly placeDep ROOT semver@6.3.1 OK for: @babel/core@7.29.0 want: ^6.3.1
719 silly fetch manifest js-tokens@^4.0.0
720 silly packumentCache full:https://registry.npmjs.org/js-tokens cache-miss
721 silly fetch manifest picocolors@^1.1.1
722 silly packumentCache full:https://registry.npmjs.org/picocolors cache-miss
723 silly fetch manifest @babel/helper-validator-identifier@^7.28.5
724 silly packumentCache full:https://registry.npmjs.org/@babel%2fhelper-validator-identifier cache-miss
725 silly fetch manifest jsesc@^3.0.2
726 silly packumentCache full:https://registry.npmjs.org/jsesc cache-miss
727 silly fetch manifest @jridgewell/gen-mapping@^0.3.12
728 silly packumentCache full:https://registry.npmjs.org/@jridgewell%2fgen-mapping cache-miss
729 silly fetch manifest @jridgewell/trace-mapping@^0.3.28
730 silly packumentCache full:https://registry.npmjs.org/@jridgewell%2ftrace-mapping cache-miss
731 silly fetch manifest lru-cache@^5.1.1
732 silly packumentCache full:https://registry.npmjs.org/lru-cache cache-miss
733 http fetch GET 200 https://registry.npmjs.org/jsesc 39ms (cache miss)
734 silly packumentCache full:https://registry.npmjs.org/jsesc set size:undefined disposed:false
735 silly fetch manifest browserslist@^4.24.0
736 silly packumentCache full:https://registry.npmjs.org/browserslist cache-miss
737 http fetch GET 200 https://registry.npmjs.org/js-tokens 53ms (cache miss)
738 silly packumentCache full:https://registry.npmjs.org/js-tokens set size:undefined disposed:false
739 silly fetch manifest @babel/compat-data@^7.28.6
740 silly packumentCache full:https://registry.npmjs.org/@babel%2fcompat-data cache-miss
741 http fetch GET 200 https://registry.npmjs.org/picocolors 56ms (cache miss)
742 silly packumentCache full:https://registry.npmjs.org/picocolors set size:undefined disposed:false
743 silly fetch manifest @babel/helper-validator-option@^7.27.1
744 silly packumentCache full:https://registry.npmjs.org/@babel%2fhelper-validator-option cache-miss
745 http fetch GET 200 https://registry.npmjs.org/lru-cache 67ms (cache miss)
746 silly packumentCache full:https://registry.npmjs.org/lru-cache set size:undefined disposed:false
747 silly fetch manifest @babel/traverse@^7.28.6
748 silly packumentCache full:https://registry.npmjs.org/@babel%2ftraverse cache-miss
749 http cache https://registry.npmjs.org/@babel%2ftraverse 7ms (cache hit)
750 silly packumentCache full:https://registry.npmjs.org/@babel%2ftraverse set size:553169 disposed:false
751 silly fetch manifest @babel/helper-module-imports@^7.28.6
752 silly packumentCache full:https://registry.npmjs.org/@babel%2fhelper-module-imports cache-miss
753 http fetch GET 200 https://registry.npmjs.org/browserslist 58ms (cache miss)
754 silly packumentCache full:https://registry.npmjs.org/browserslist set size:undefined disposed:false
755 silly fetch manifest @babel/helper-validator-identifier@^7.28.5
756 silly packumentCache full:https://registry.npmjs.org/@babel%2fhelper-validator-identifier cache-miss
757 http fetch GET 200 https://registry.npmjs.org/@babel%2fhelper-validator-option 235ms (cache miss)
758 silly packumentCache full:https://registry.npmjs.org/@babel%2fhelper-validator-option set size:undefined disposed:false
759 silly fetch manifest @babel/types@^7.28.6
760 silly packumentCache full:https://registry.npmjs.org/@babel%2ftypes cache-miss
761 http cache https://registry.npmjs.org/@babel%2ftypes 6ms (cache hit)
762 silly packumentCache full:https://registry.npmjs.org/@babel%2ftypes set size:491978 disposed:false
763 silly fetch manifest debug@^4.3.1
764 silly packumentCache full:https://registry.npmjs.org/debug cache-hit
765 silly fetch manifest @babel/helper-globals@^7.28.0
766 silly packumentCache full:https://registry.npmjs.org/@babel%2fhelper-globals cache-miss
767 http fetch GET 200 https://registry.npmjs.org/@jridgewell%2fgen-mapping 318ms (cache miss)
768 silly packumentCache full:https://registry.npmjs.org/@jridgewell%2fgen-mapping set size:undefined disposed:false
769 silly fetch manifest @babel/helper-string-parser@^7.27.1
770 silly packumentCache full:https://registry.npmjs.org/@babel%2fhelper-string-parser cache-miss
771 http fetch GET 200 https://registry.npmjs.org/@babel%2fhelper-module-imports 244ms (cache miss)
772 silly packumentCache full:https://registry.npmjs.org/@babel%2fhelper-module-imports set size:undefined disposed:false
773 silly fetch manifest @babel/helper-validator-identifier@^7.28.5
774 silly packumentCache full:https://registry.npmjs.org/@babel%2fhelper-validator-identifier cache-miss
775 http fetch GET 200 https://registry.npmjs.org/@jridgewell%2ftrace-mapping 349ms (cache miss)
776 silly packumentCache full:https://registry.npmjs.org/@jridgewell%2ftrace-mapping set size:undefined disposed:false
777 silly fetch manifest @jridgewell/gen-mapping@^0.3.5
778 silly packumentCache full:https://registry.npmjs.org/@jridgewell%2fgen-mapping cache-miss
779 http cache https://registry.npmjs.org/@jridgewell%2fgen-mapping 2ms (cache hit)
780 silly packumentCache full:https://registry.npmjs.org/@jridgewell%2fgen-mapping set size:80719 disposed:false
781 silly fetch manifest @jridgewell/trace-mapping@^0.3.24
782 silly packumentCache full:https://registry.npmjs.org/@jridgewell%2ftrace-mapping cache-miss
783 http cache https://registry.npmjs.org/@jridgewell%2ftrace-mapping 4ms (cache hit)
784 silly packumentCache full:https://registry.npmjs.org/@jridgewell%2ftrace-mapping set size:170909 disposed:false
785 silly fetch manifest ms@^2.1.3
786 silly packumentCache full:https://registry.npmjs.org/ms cache-miss
787 http fetch GET 200 https://registry.npmjs.org/ms 41ms (cache miss)
788 silly packumentCache full:https://registry.npmjs.org/ms set size:undefined disposed:false
789 http fetch GET 200 https://registry.npmjs.org/@babel%2fcompat-data 420ms (cache miss)
790 silly packumentCache full:https://registry.npmjs.org/@babel%2fcompat-data set size:undefined disposed:false
791 http fetch GET 200 https://registry.npmjs.org/@babel%2fhelper-globals 239ms (cache miss)
792 silly packumentCache full:https://registry.npmjs.org/@babel%2fhelper-globals set size:undefined disposed:false
793 http fetch GET 200 https://registry.npmjs.org/@babel%2fhelper-string-parser 237ms (cache miss)
794 silly packumentCache full:https://registry.npmjs.org/@babel%2fhelper-string-parser set size:undefined disposed:false
795 http fetch GET 200 https://registry.npmjs.org/@babel%2fhelper-validator-identifier 430ms (cache miss)
796 silly packumentCache full:https://registry.npmjs.org/@babel%2fhelper-validator-identifier set size:undefined disposed:false
797 http fetch GET 200 https://registry.npmjs.org/@babel%2fhelper-validator-identifier 655ms (cache miss)
798 silly packumentCache full:https://registry.npmjs.org/@babel%2fhelper-validator-identifier set size:undefined disposed:false
799 http fetch GET 200 https://registry.npmjs.org/@babel%2fhelper-validator-identifier 772ms (cache miss)
800 silly packumentCache full:https://registry.npmjs.org/@babel%2fhelper-validator-identifier set size:undefined disposed:false
801 silly placeDep ROOT @babel/helper-validator-identifier@7.28.5 OK for: @babel/code-frame@7.29.0 want: ^7.28.5
802 silly placeDep ROOT js-tokens@4.0.0 OK for: @babel/code-frame@7.29.0 want: ^4.0.0
803 silly placeDep ROOT picocolors@1.1.1 OK for: @babel/code-frame@7.29.0 want: ^1.1.1
804 silly placeDep ROOT @jridgewell/gen-mapping@0.3.13 OK for: @babel/generator@7.29.1 want: ^0.3.12
805 silly placeDep ROOT @jridgewell/trace-mapping@0.3.31 OK for: @babel/generator@7.29.1 want: ^0.3.28
806 silly placeDep ROOT jsesc@3.1.0 OK for: @babel/generator@7.29.1 want: ^3.0.2
807 silly fetch manifest @jridgewell/sourcemap-codec@^1.5.0
808 silly packumentCache full:https://registry.npmjs.org/@jridgewell%2fsourcemap-codec cache-miss
809 silly fetch manifest @jridgewell/resolve-uri@^3.1.0
810 silly packumentCache full:https://registry.npmjs.org/@jridgewell%2fresolve-uri cache-miss
811 silly fetch manifest @jridgewell/sourcemap-codec@^1.4.14
812 silly packumentCache full:https://registry.npmjs.org/@jridgewell%2fsourcemap-codec cache-miss
813 http fetch GET 200 https://registry.npmjs.org/@jridgewell%2fsourcemap-codec 117ms (cache miss)
814 silly packumentCache full:https://registry.npmjs.org/@jridgewell%2fsourcemap-codec set size:undefined disposed:false
815 http fetch GET 200 https://registry.npmjs.org/@jridgewell%2fsourcemap-codec 119ms (cache miss)
816 silly packumentCache full:https://registry.npmjs.org/@jridgewell%2fsourcemap-codec set size:undefined disposed:false
817 http fetch GET 200 https://registry.npmjs.org/@jridgewell%2fresolve-uri 308ms (cache miss)
818 silly packumentCache full:https://registry.npmjs.org/@jridgewell%2fresolve-uri set size:undefined disposed:false
819 silly placeDep ROOT @babel/compat-data@7.29.3 OK for: @babel/helper-compilation-targets@7.28.6 want: ^7.28.6
820 silly placeDep ROOT @babel/helper-validator-option@7.27.1 OK for: @babel/helper-compilation-targets@7.28.6 want: ^7.27.1
821 silly placeDep ROOT browserslist@4.28.2 OK for: @babel/helper-compilation-targets@7.28.6 want: ^4.24.0
822 silly placeDep ROOT lru-cache@5.1.1 OK for: @babel/helper-compilation-targets@7.28.6 want: ^5.1.1
823 silly fetch manifest baseline-browser-mapping@^2.10.12
824 silly packumentCache full:https://registry.npmjs.org/baseline-browser-mapping cache-miss
825 silly fetch manifest caniuse-lite@^1.0.30001782
826 silly packumentCache full:https://registry.npmjs.org/caniuse-lite cache-miss
827 silly fetch manifest electron-to-chromium@^1.5.328
828 silly packumentCache full:https://registry.npmjs.org/electron-to-chromium cache-miss
829 silly fetch manifest node-releases@^2.0.36
830 silly packumentCache full:https://registry.npmjs.org/node-releases cache-miss
831 silly fetch manifest update-browserslist-db@^1.2.3
832 silly packumentCache full:https://registry.npmjs.org/update-browserslist-db cache-miss
833 silly fetch manifest yallist@^3.0.2
834 silly packumentCache full:https://registry.npmjs.org/yallist cache-miss
835 http fetch GET 200 https://registry.npmjs.org/yallist 47ms (cache miss)
836 silly packumentCache full:https://registry.npmjs.org/yallist set size:undefined disposed:false
837 http fetch GET 200 https://registry.npmjs.org/update-browserslist-db 49ms (cache miss)
838 silly packumentCache full:https://registry.npmjs.org/update-browserslist-db set size:undefined disposed:false
839 http fetch GET 200 https://registry.npmjs.org/node-releases 262ms (cache miss)
840 silly packumentCache full:https://registry.npmjs.org/node-releases set size:undefined disposed:false
841 http fetch GET 200 https://registry.npmjs.org/baseline-browser-mapping 273ms (cache miss)
842 silly packumentCache full:https://registry.npmjs.org/baseline-browser-mapping set size:undefined disposed:false
843 http fetch GET 200 https://registry.npmjs.org/caniuse-lite 313ms (cache miss)
844 silly packumentCache full:https://registry.npmjs.org/caniuse-lite set size:undefined disposed:false
845 http fetch GET 200 https://registry.npmjs.org/electron-to-chromium 358ms (cache miss)
846 silly packumentCache full:https://registry.npmjs.org/electron-to-chromium set size:undefined disposed:false
847 silly placeDep ROOT @babel/helper-module-imports@7.28.6 OK for: @babel/helper-module-transforms@7.28.6 want: ^7.28.6
848 silly placeDep ROOT @babel/helper-globals@7.28.0 OK for: @babel/traverse@7.29.0 want: ^7.28.0
849 silly placeDep ROOT @babel/helper-string-parser@7.27.1 OK for: @babel/types@7.29.0 want: ^7.27.1
850 silly placeDep ROOT @jridgewell/sourcemap-codec@1.5.5 OK for: @jridgewell/gen-mapping@0.3.13 want: ^1.5.0
851 silly placeDep ROOT @jridgewell/resolve-uri@3.1.2 OK for: @jridgewell/trace-mapping@0.3.31 want: ^3.1.0
852 silly placeDep ROOT merge-options@3.0.4 OK for: @react-native-async-storage/async-storage@1.23.1 want: ^3.0.4
853 silly fetch manifest is-plain-obj@^2.1.0
854 silly packumentCache full:https://registry.npmjs.org/is-plain-obj cache-miss
855 http fetch GET 200 https://registry.npmjs.org/is-plain-obj 219ms (cache miss)
856 silly packumentCache full:https://registry.npmjs.org/is-plain-obj set size:undefined disposed:false
857 silly placeDep ROOT @supabase/auth-js@2.105.4 OK for: @supabase/supabase-js@2.105.4 want: 2.105.4
858 silly placeDep ROOT @supabase/functions-js@2.105.4 OK for: @supabase/supabase-js@2.105.4 want: 2.105.4
859 silly placeDep ROOT @supabase/postgrest-js@2.105.4 OK for: @supabase/supabase-js@2.105.4 want: 2.105.4
860 silly placeDep ROOT @supabase/realtime-js@2.105.4 OK for: @supabase/supabase-js@2.105.4 want: 2.105.4
861 silly placeDep ROOT @supabase/storage-js@2.105.4 OK for: @supabase/supabase-js@2.105.4 want: 2.105.4
862 silly fetch manifest tslib@2.8.1
863 silly packumentCache full:https://registry.npmjs.org/tslib cache-miss
864 silly fetch manifest tslib@2.8.1
865 silly packumentCache full:https://registry.npmjs.org/tslib cache-miss
866 silly fetch manifest tslib@2.8.1
867 silly packumentCache full:https://registry.npmjs.org/tslib cache-miss
868 silly fetch manifest tslib@2.8.1
869 silly packumentCache full:https://registry.npmjs.org/tslib cache-miss
870 silly fetch manifest @supabase/phoenix@^0.4.2
871 silly packumentCache full:https://registry.npmjs.org/@supabase%2fphoenix cache-miss
872 silly fetch manifest tslib@2.8.1
873 silly packumentCache full:https://registry.npmjs.org/tslib cache-miss
874 silly fetch manifest iceberg-js@^0.8.1
875 silly packumentCache full:https://registry.npmjs.org/iceberg-js cache-miss
876 http fetch GET 200 https://registry.npmjs.org/iceberg-js 49ms (cache miss)
877 silly packumentCache full:https://registry.npmjs.org/iceberg-js set size:undefined disposed:false
878 http fetch GET 200 https://registry.npmjs.org/tslib 235ms (cache miss)
879 silly packumentCache full:https://registry.npmjs.org/tslib set size:undefined disposed:false
880 http fetch GET 200 https://registry.npmjs.org/tslib 236ms (cache miss)
881 silly packumentCache full:https://registry.npmjs.org/tslib set size:undefined disposed:false
882 http fetch GET 200 https://registry.npmjs.org/tslib 238ms (cache miss)
883 silly packumentCache full:https://registry.npmjs.org/tslib set size:undefined disposed:false
884 http fetch GET 200 https://registry.npmjs.org/tslib 238ms (cache miss)
885 silly packumentCache full:https://registry.npmjs.org/tslib set size:undefined disposed:false
886 http fetch GET 200 https://registry.npmjs.org/tslib 239ms (cache miss)
887 silly packumentCache full:https://registry.npmjs.org/tslib set size:undefined disposed:false
888 http fetch GET 200 https://registry.npmjs.org/@supabase%2fphoenix 304ms (cache miss)
889 silly packumentCache full:https://registry.npmjs.org/@supabase%2fphoenix set size:undefined disposed:false
890 silly placeDep ROOT tslib@2.8.1 OK for: @supabase/auth-js@2.105.4 want: 2.8.1
891 silly placeDep ROOT @supabase/phoenix@0.4.2 OK for: @supabase/realtime-js@2.105.4 want: ^0.4.2
892 silly placeDep ROOT iceberg-js@0.8.1 OK for: @supabase/storage-js@2.105.4 want: ^0.8.1
893 silly placeDep ROOT @types/prop-types@15.7.15 OK for: @types/react@18.3.28 want: *
894 silly placeDep ROOT csstype@3.2.3 OK for: @types/react@18.3.28 want: ^3.2.2
895 silly fetch manifest browserslist@>= 4.21.0
896 silly packumentCache full:https://registry.npmjs.org/browserslist cache-miss
897 http cache https://registry.npmjs.org/browserslist 12ms (cache hit)
898 silly packumentCache full:https://registry.npmjs.org/browserslist set size:504681 disposed:false
899 silly placeDep ROOT baseline-browser-mapping@2.10.29 OK for: browserslist@4.28.2 want: ^2.10.12
900 silly placeDep ROOT caniuse-lite@1.0.30001792 OK for: browserslist@4.28.2 want: ^1.0.30001782
901 silly placeDep ROOT electron-to-chromium@1.5.356 OK for: browserslist@4.28.2 want: ^1.5.328
902 silly placeDep ROOT node-releases@2.0.44 OK for: browserslist@4.28.2 want: ^2.0.36
903 silly placeDep ROOT update-browserslist-db@1.2.3 OK for: browserslist@4.28.2 want: ^1.2.3
904 silly fetch manifest escalade@^3.2.0
905 silly packumentCache full:https://registry.npmjs.org/escalade cache-miss
906 http fetch GET 200 https://registry.npmjs.org/escalade 216ms (cache miss)
907 silly packumentCache full:https://registry.npmjs.org/escalade set size:undefined disposed:false
908 silly placeDep ROOT ms@2.1.3 OK for: debug@4.4.3 want: ^2.1.3
909 silly fetch manifest expo@*
910 silly packumentCache full:https://registry.npmjs.org/expo cache-miss
911 http cache https://registry.npmjs.org/expo 27ms (cache hit)
912 silly packumentCache full:https://registry.npmjs.org/expo set size:3756077 disposed:false
913 silly fetch manifest react@*
914 silly packumentCache full:https://registry.npmjs.org/react cache-miss
915 http cache https://registry.npmjs.org/react 31ms (cache hit)
916 silly packumentCache full:https://registry.npmjs.org/react set size:6650647 disposed:false
917 silly fetch manifest react-native@*
918 silly packumentCache full:https://registry.npmjs.org/react-native cache-miss
919 http cache https://registry.npmjs.org/react-native 42ms (cache hit)
920 silly packumentCache full:https://registry.npmjs.org/react-native set size:15274531 disposed:false
921 silly fetch manifest @react-native/jest-preset@0.85.3
922 silly packumentCache full:https://registry.npmjs.org/@react-native%2fjest-preset cache-miss
923 http fetch GET 200 https://registry.npmjs.org/@react-native%2fjest-preset 117ms (cache miss)
924 silly packumentCache full:https://registry.npmjs.org/@react-native%2fjest-preset set size:undefined disposed:false
925 silly fetch manifest @types/react@^19.1.1
926 silly packumentCache full:https://registry.npmjs.org/@types%2freact cache-miss
927 http cache https://registry.npmjs.org/@types%2freact 14ms (cache hit)
928 silly packumentCache full:https://registry.npmjs.org/@types%2freact set size:2588964 disposed:false
929 silly fetch manifest react-dom@*
930 silly packumentCache full:https://registry.npmjs.org/react-dom cache-miss
931 http cache https://registry.npmjs.org/react-dom 26ms (cache hit)
932 silly packumentCache full:https://registry.npmjs.org/react-dom set size:8868827 disposed:false
933 silly fetch manifest babel-plugin-react-compiler@^19.0.0-beta-9ee70a1-20241017
934 silly packumentCache full:https://registry.npmjs.org/babel-plugin-react-compiler cache-miss
935 http fetch GET 200 https://registry.npmjs.org/babel-plugin-react-compiler 249ms (cache miss)
936 silly packumentCache full:https://registry.npmjs.org/babel-plugin-react-compiler set size:undefined disposed:false
937 silly fetch manifest react-compiler-runtime@^19.0.0-beta-8a03594-20241020
938 silly packumentCache full:https://registry.npmjs.org/react-compiler-runtime cache-miss
939 http fetch GET 200 https://registry.npmjs.org/react-compiler-runtime 68ms (cache miss)
940 silly packumentCache full:https://registry.npmjs.org/react-compiler-runtime set size:undefined disposed:false
941 silly placeDep ROOT @babel/runtime@7.29.2 OK for: expo@52.0.49 want: ^7.20.0
942 silly placeDep ROOT @expo/cli@0.22.28 OK for: expo@52.0.49 want: 0.22.28
943 silly placeDep ROOT @expo/config@10.0.11 OK for: expo@52.0.49 want: ~10.0.11
944 silly placeDep ROOT @expo/config-plugins@9.0.17 OK for: expo@52.0.49 want: ~9.0.17
945 silly placeDep ROOT @expo/fingerprint@0.11.11 OK for: expo@52.0.49 want: 0.11.11
946 silly placeDep ROOT @expo/metro-config@0.19.12 OK for: expo@52.0.49 want: 0.19.12
947 silly placeDep node_modules/expo @expo/vector-icons@14.0.4 OK for: expo@52.0.49 want: ~14.0.4
948 silly placeDep ROOT babel-preset-expo@12.0.12 OK for: expo@52.0.49 want: ~12.0.12
949 silly placeDep ROOT expo-asset@11.0.5 OK for: expo@52.0.49 want: ~11.0.5
950 silly placeDep ROOT expo-file-system@18.0.12 OK for: expo@52.0.49 want: ~18.0.12
951 silly placeDep ROOT expo-keep-awake@14.0.3 OK for: expo@52.0.49 want: ~14.0.3
952 silly placeDep ROOT expo-modules-autolinking@2.0.8 OK for: expo@52.0.49 want: 2.0.8
953 silly placeDep ROOT expo-modules-core@2.2.3 OK for: expo@52.0.49 want: 2.2.3
954 silly placeDep ROOT fbemitter@3.0.0 OK for: expo@52.0.49 want: ^3.0.0
955 silly placeDep ROOT web-streams-polyfill@3.3.3 OK for: expo@52.0.49 want: ^3.3.2
956 silly placeDep ROOT whatwg-url-without-unicode@8.0.0-3 OK for: expo@52.0.49 want: 8.0.0-3
957 silly fetch manifest ws@^8.12.1
958 silly packumentCache full:https://registry.npmjs.org/ws cache-miss
959 silly fetch manifest arg@^5.0.2
960 silly packumentCache full:https://registry.npmjs.org/arg cache-miss
961 silly fetch manifest ora@^3.4.0
962 silly packumentCache full:https://registry.npmjs.org/ora cache-miss
963 silly fetch manifest tar@^6.2.1
964 silly packumentCache full:https://registry.npmjs.org/tar cache-miss
965 silly fetch manifest glob@^10.4.2
966 silly packumentCache full:https://registry.npmjs.org/glob cache-miss
967 silly fetch manifest send@^0.19.0
968 silly packumentCache full:https://registry.npmjs.org/send cache-miss
969 silly fetch manifest tempy@^0.7.1
970 silly packumentCache full:https://registry.npmjs.org/tempy cache-miss
971 http cache https://registry.npmjs.org/ws 26ms (cache hit)
972 silly packumentCache full:https://registry.npmjs.org/ws set size:418167 disposed:false
973 silly fetch manifest getenv@^1.0.0
974 silly packumentCache full:https://registry.npmjs.org/getenv cache-miss
975 http cache https://registry.npmjs.org/glob 32ms (cache hit)
976 silly packumentCache full:https://registry.npmjs.org/glob set size:469465 disposed:false
977 silly fetch manifest is-wsl@^2.1.1
978 silly packumentCache full:https://registry.npmjs.org/is-wsl cache-miss
979 http fetch GET 200 https://registry.npmjs.org/tempy 65ms (cache miss)
980 silly packumentCache full:https://registry.npmjs.org/tempy set size:undefined disposed:false
981 silly fetch manifest semver@^7.6.0
982 silly packumentCache full:https://registry.npmjs.org/semver cache-hit
983 silly fetch manifest undici@^6.18.2
984 silly packumentCache full:https://registry.npmjs.org/undici cache-miss
985 http fetch GET 200 https://registry.npmjs.org/arg 78ms (cache miss)
986 silly packumentCache full:https://registry.npmjs.org/arg set size:undefined disposed:false
987 silly fetch manifest accepts@^1.3.8
988 silly packumentCache full:https://registry.npmjs.org/accepts cache-miss
989 http fetch GET 200 https://registry.npmjs.org/ora 81ms (cache miss)
990 silly packumentCache full:https://registry.npmjs.org/ora set size:undefined disposed:false
991 silly fetch manifest cacache@^18.0.2
992 silly packumentCache full:https://registry.npmjs.org/cacache cache-miss
993 http fetch GET 200 https://registry.npmjs.org/tar 91ms (cache miss)
994 silly packumentCache full:https://registry.npmjs.org/tar set size:undefined disposed:false
995 silly fetch manifest ci-info@^3.3.0
996 silly packumentCache full:https://registry.npmjs.org/ci-info cache-miss
997 http fetch GET 200 https://registry.npmjs.org/is-wsl 47ms (cache miss)
998 silly packumentCache full:https://registry.npmjs.org/is-wsl set size:undefined disposed:false
999 silly fetch manifest connect@^3.7.0
1000 silly packumentCache full:https://registry.npmjs.org/connect cache-miss
1001 http fetch GET 200 https://registry.npmjs.org/accepts 37ms (cache miss)
1002 silly packumentCache full:https://registry.npmjs.org/accepts set size:undefined disposed:false
1003 silly fetch manifest prompts@^2.3.2
1004 silly packumentCache full:https://registry.npmjs.org/prompts cache-miss
1005 http fetch GET 200 https://registry.npmjs.org/cacache 44ms (cache miss)
1006 silly packumentCache full:https://registry.npmjs.org/cacache set size:undefined disposed:false
1007 silly fetch manifest resolve@^1.22.2
1008 silly packumentCache full:https://registry.npmjs.org/resolve cache-miss
1009 http fetch GET 200 https://registry.npmjs.org/connect 43ms (cache miss)
1010 silly packumentCache full:https://registry.npmjs.org/connect set size:undefined disposed:false
1011 silly fetch manifest slugify@^1.3.4
1012 silly packumentCache full:https://registry.npmjs.org/slugify cache-miss
1013 http fetch GET 200 https://registry.npmjs.org/resolve 48ms (cache miss)
1014 silly packumentCache full:https://registry.npmjs.org/resolve set size:undefined disposed:false
1015 silly fetch manifest fs-extra@~8.1.0
1016 silly packumentCache full:https://registry.npmjs.org/fs-extra cache-miss
1017 http fetch GET 200 https://registry.npmjs.org/send 239ms (cache miss)
1018 silly packumentCache full:https://registry.npmjs.org/send set size:undefined disposed:false
1019 silly fetch manifest progress@^2.0.3
1020 silly packumentCache full:https://registry.npmjs.org/progress cache-miss
1021 http fetch GET 200 https://registry.npmjs.org/fs-extra 52ms (cache miss)
1022 silly packumentCache full:https://registry.npmjs.org/fs-extra set size:undefined disposed:false
1023 silly fetch manifest requireg@^0.2.2
1024 silly packumentCache full:https://registry.npmjs.org/requireg cache-miss
1025 http fetch GET 200 https://registry.npmjs.org/getenv 252ms (cache miss)
1026 silly packumentCache full:https://registry.npmjs.org/getenv set size:undefined disposed:false
1027 silly fetch manifest temp-dir@^2.0.0
1028 silly packumentCache full:https://registry.npmjs.org/temp-dir cache-miss
1029 http fetch GET 200 https://registry.npmjs.org/progress 46ms (cache miss)
1030 silly packumentCache full:https://registry.npmjs.org/progress set size:undefined disposed:false
1031 silly fetch manifest fast-glob@^3.3.2
1032 silly packumentCache full:https://registry.npmjs.org/fast-glob cache-miss
1033 http fetch GET 200 https://registry.npmjs.org/requireg 44ms (cache miss)
1034 silly packumentCache full:https://registry.npmjs.org/requireg set size:undefined disposed:false
1035 silly fetch manifest form-data@^3.0.1
1036 silly packumentCache full:https://registry.npmjs.org/form-data cache-miss
1037 http fetch GET 200 https://registry.npmjs.org/temp-dir 73ms (cache miss)
1038 silly packumentCache full:https://registry.npmjs.org/temp-dir set size:undefined disposed:false
1039 silly fetch manifest is-docker@^2.0.0
1040 silly packumentCache full:https://registry.npmjs.org/is-docker cache-miss
1041 http fetch GET 200 https://registry.npmjs.org/ci-info 267ms (cache miss)
1042 silly packumentCache full:https://registry.npmjs.org/ci-info set size:undefined disposed:false
1043 silly fetch manifest minimatch@^3.0.4
1044 silly packumentCache full:https://registry.npmjs.org/minimatch cache-miss
1045 http fetch GET 200 https://registry.npmjs.org/prompts 258ms (cache miss)
1046 silly packumentCache full:https://registry.npmjs.org/prompts set size:undefined disposed:false
1047 silly fetch manifest picomatch@^3.0.1
1048 silly packumentCache full:https://registry.npmjs.org/picomatch cache-miss
1049 http fetch GET 200 https://registry.npmjs.org/form-data 84ms (cache miss)
1050 silly packumentCache full:https://registry.npmjs.org/form-data set size:undefined disposed:false
1051 silly fetch manifest wrap-ansi@^7.0.0
1052 silly packumentCache full:https://registry.npmjs.org/wrap-ansi cache-miss
1053 http fetch GET 200 https://registry.npmjs.org/slugify 241ms (cache miss)
1054 silly packumentCache full:https://registry.npmjs.org/slugify set size:undefined disposed:false
1055 silly fetch manifest @urql/core@^5.0.6
1056 silly packumentCache full:https://registry.npmjs.org/@urql%2fcore cache-miss
1057 http fetch GET 200 https://registry.npmjs.org/undici 335ms (cache miss)
1058 silly packumentCache full:https://registry.npmjs.org/undici set size:undefined disposed:false
1059 silly fetch manifest better-opn@~3.0.2
1060 silly packumentCache full:https://registry.npmjs.org/better-opn cache-miss
1061 http fetch GET 200 https://registry.npmjs.org/wrap-ansi 76ms (cache miss)
1062 silly packumentCache full:https://registry.npmjs.org/wrap-ansi set size:undefined disposed:false
1063 silly fetch manifest env-editor@^0.4.1
1064 silly packumentCache full:https://registry.npmjs.org/env-editor cache-miss
1065 http fetch GET 200 https://registry.npmjs.org/better-opn 58ms (cache miss)
1066 silly packumentCache full:https://registry.npmjs.org/better-opn set size:undefined disposed:false
1067 silly fetch manifest node-forge@^1.3.3
1068 silly packumentCache full:https://registry.npmjs.org/node-forge cache-miss
1069 http fetch GET 200 https://registry.npmjs.org/env-editor 44ms (cache miss)
1070 silly packumentCache full:https://registry.npmjs.org/env-editor set size:undefined disposed:false
1071 silly fetch manifest @expo/plist@^0.2.2
1072 silly packumentCache full:https://registry.npmjs.org/@expo%2fplist cache-miss
1073 http fetch GET 200 https://registry.npmjs.org/fast-glob 224ms (cache miss)
1074 silly packumentCache full:https://registry.npmjs.org/fast-glob set size:undefined disposed:false
1075 silly fetch manifest compression@^1.7.4
1076 silly packumentCache full:https://registry.npmjs.org/compression cache-miss
1077 http fetch GET 200 https://registry.npmjs.org/node-forge 52ms (cache miss)
1078 silly packumentCache full:https://registry.npmjs.org/node-forge set size:undefined disposed:false
1079 silly fetch manifest internal-ip@^4.3.0
1080 silly packumentCache full:https://registry.npmjs.org/internal-ip cache-miss
1081 http fetch GET 200 https://registry.npmjs.org/compression 38ms (cache miss)
1082 silly packumentCache full:https://registry.npmjs.org/compression set size:undefined disposed:false
1083 silly fetch manifest pretty-bytes@^5.6.0
1084 silly packumentCache full:https://registry.npmjs.org/pretty-bytes cache-miss
1085 http fetch GET 200 https://registry.npmjs.org/internal-ip 65ms (cache miss)
1086 silly packumentCache full:https://registry.npmjs.org/internal-ip set size:undefined disposed:false
1087 silly fetch manifest resolve-from@^5.0.0
1088 silly packumentCache full:https://registry.npmjs.org/resolve-from cache-miss
1089 http fetch GET 200 https://registry.npmjs.org/is-docker 266ms (cache miss)
1090 silly packumentCache full:https://registry.npmjs.org/is-docker set size:undefined disposed:false
1091 silly fetch manifest @expo/devcert@^1.1.2
1092 silly packumentCache full:https://registry.npmjs.org/@expo%2fdevcert cache-miss
1093 http fetch GET 200 https://registry.npmjs.org/minimatch 266ms (cache miss)
1094 silly packumentCache full:https://registry.npmjs.org/minimatch set size:undefined disposed:false
1095 silly fetch manifest bplist-parser@^0.3.1
1096 silly packumentCache full:https://registry.npmjs.org/bplist-parser cache-miss
1097 http fetch GET 200 https://registry.npmjs.org/@expo%2fplist 141ms (cache miss)
1098 silly packumentCache full:https://registry.npmjs.org/@expo%2fplist set size:undefined disposed:false
1099 silly fetch manifest terminal-link@^2.1.1
1100 silly packumentCache full:https://registry.npmjs.org/terminal-link cache-miss
1101 http fetch GET 200 https://registry.npmjs.org/bplist-parser 38ms (cache miss)
1102 silly packumentCache full:https://registry.npmjs.org/bplist-parser set size:undefined disposed:false
1103 silly fetch manifest unique-string@~2.0.0
1104 silly packumentCache full:https://registry.npmjs.org/unique-string cache-miss
1105 http fetch GET 200 https://registry.npmjs.org/terminal-link 47ms (cache miss)
1106 silly packumentCache full:https://registry.npmjs.org/terminal-link set size:undefined disposed:false
1107 silly fetch manifest @expo/xcpretty@^4.3.0
1108 silly packumentCache full:https://registry.npmjs.org/@expo%2fxcpretty cache-miss
1109 http fetch GET 200 https://registry.npmjs.org/@urql%2fcore 320ms (cache miss)
1110 silly packumentCache full:https://registry.npmjs.org/@urql%2fcore set size:undefined disposed:false
1111 silly fetch manifest bplist-creator@0.0.7
1112 silly packumentCache full:https://registry.npmjs.org/bplist-creator cache-miss
1113 http fetch GET 200 https://registry.npmjs.org/bplist-creator 42ms (cache miss)
1114 silly packumentCache full:https://registry.npmjs.org/bplist-creator set size:undefined disposed:false
1115 silly fetch manifest freeport-async@^2.0.0
1116 silly packumentCache full:https://registry.npmjs.org/freeport-async cache-miss
1117 http fetch GET 200 https://registry.npmjs.org/pretty-bytes 218ms (cache miss)
1118 silly packumentCache full:https://registry.npmjs.org/pretty-bytes set size:undefined disposed:false
1119 silly fetch manifest @expo/json-file@^9.0.2
1120 silly packumentCache full:https://registry.npmjs.org/@expo%2fjson-file cache-miss
1121 http fetch GET 200 https://registry.npmjs.org/freeport-async 36ms (cache miss)
1122 silly packumentCache full:https://registry.npmjs.org/freeport-async set size:undefined disposed:false
1123 silly fetch manifest @expo/osascript@^2.1.6
1124 silly packumentCache full:https://registry.npmjs.org/@expo%2fosascript cache-miss
1125 http fetch GET 200 https://registry.npmjs.org/picomatch 469ms (cache miss)
1126 silly packumentCache full:https://registry.npmjs.org/picomatch set size:undefined disposed:false
1127 silly fetch manifest @expo/ws-tunnel@^1.0.1
1128 silly packumentCache full:https://registry.npmjs.org/@expo%2fws-tunnel cache-miss
1129 http fetch GET 200 https://registry.npmjs.org/resolve-from 228ms (cache miss)
1130 silly packumentCache full:https://registry.npmjs.org/resolve-from set size:undefined disposed:false
1131 silly fetch manifest lodash.debounce@^4.0.8
1132 silly packumentCache full:https://registry.npmjs.org/lodash.debounce cache-miss
1133 http fetch GET 200 https://registry.npmjs.org/unique-string 228ms (cache miss)
1134 silly packumentCache full:https://registry.npmjs.org/unique-string set size:undefined disposed:false
1135 silly fetch manifest npm-package-arg@^11.0.0
1136 silly packumentCache full:https://registry.npmjs.org/npm-package-arg cache-miss
1137 http fetch GET 200 https://registry.npmjs.org/@expo%2fdevcert 312ms (cache miss)
1138 silly packumentCache full:https://registry.npmjs.org/@expo%2fdevcert set size:undefined disposed:false
1139 silly fetch manifest qrcode-terminal@0.11.0
1140 silly packumentCache full:https://registry.npmjs.org/qrcode-terminal cache-miss
1141 http fetch GET 200 https://registry.npmjs.org/@expo%2fosascript 140ms (cache miss)
1142 silly packumentCache full:https://registry.npmjs.org/@expo%2fosascript set size:undefined disposed:false
1143 silly fetch manifest resolve.exports@^2.0.3
1144 silly packumentCache full:https://registry.npmjs.org/resolve.exports cache-miss
1145 http fetch GET 200 https://registry.npmjs.org/npm-package-arg 48ms (cache miss)
1146 silly packumentCache full:https://registry.npmjs.org/npm-package-arg set size:undefined disposed:false
1147 silly fetch manifest @expo/spawn-async@^1.7.2
1148 silly packumentCache full:https://registry.npmjs.org/@expo%2fspawn-async cache-miss
1149 http fetch GET 200 https://registry.npmjs.org/qrcode-terminal 39ms (cache miss)
1150 silly packumentCache full:https://registry.npmjs.org/qrcode-terminal set size:undefined disposed:false
1151 silly fetch manifest @expo/metro-config@~0.19.12
1152 silly packumentCache full:https://registry.npmjs.org/@expo%2fmetro-config cache-miss
1153 http cache https://registry.npmjs.org/@expo%2fmetro-config 15ms (cache hit)
1154 silly packumentCache full:https://registry.npmjs.org/@expo%2fmetro-config set size:1510948 disposed:false
1155 silly fetch manifest source-map-support@~0.5.21
1156 silly packumentCache full:https://registry.npmjs.org/source-map-support cache-miss
1157 http fetch GET 200 https://registry.npmjs.org/source-map-support 44ms (cache miss)
1158 silly packumentCache full:https://registry.npmjs.org/source-map-support set size:undefined disposed:false
1159 silly fetch manifest structured-headers@^0.4.1
1160 silly packumentCache full:https://registry.npmjs.org/structured-headers cache-miss
1161 http fetch GET 200 https://registry.npmjs.org/@expo%2fspawn-async 109ms (cache miss)
1162 silly packumentCache full:https://registry.npmjs.org/@expo%2fspawn-async set size:undefined disposed:false
1163 silly fetch manifest @0no-co/graphql.web@^1.0.8
1164 silly packumentCache full:https://registry.npmjs.org/@0no-co%2fgraphql.web cache-miss
1165 http fetch GET 200 https://registry.npmjs.org/lodash.debounce 217ms (cache miss)
1166 silly packumentCache full:https://registry.npmjs.org/lodash.debounce set size:undefined disposed:false
1167 silly fetch manifest require-from-string@^2.0.2
1168 silly packumentCache full:https://registry.npmjs.org/require-from-string cache-miss
1169 http fetch GET 200 https://registry.npmjs.org/structured-headers 37ms (cache miss)
1170 silly packumentCache full:https://registry.npmjs.org/structured-headers set size:undefined disposed:false
1171 silly fetch manifest @urql/exchange-retry@^1.3.0
1172 silly packumentCache full:https://registry.npmjs.org/@urql%2fexchange-retry cache-miss
1173 http fetch GET 200 https://registry.npmjs.org/@expo%2fjson-file 321ms (cache miss)
1174 silly packumentCache full:https://registry.npmjs.org/@expo%2fjson-file set size:undefined disposed:false
1175 silly fetch manifest @expo/package-manager@^1.7.2
1176 silly packumentCache full:https://registry.npmjs.org/@expo%2fpackage-manager cache-miss
1177 http fetch GET 200 https://registry.npmjs.org/resolve.exports 222ms (cache miss)
1178 silly packumentCache full:https://registry.npmjs.org/resolve.exports set size:undefined disposed:false
1179 silly fetch manifest @expo/rudder-sdk-node@^1.1.1
1180 silly packumentCache full:https://registry.npmjs.org/@expo%2frudder-sdk-node cache-miss
1181 http fetch GET 200 https://registry.npmjs.org/@expo%2fxcpretty 486ms (cache miss)
1182 silly packumentCache full:https://registry.npmjs.org/@expo%2fxcpretty set size:undefined disposed:false
1183 silly fetch manifest @react-native/dev-middleware@0.76.9
1184 silly packumentCache full:https://registry.npmjs.org/@react-native%2fdev-middleware cache-miss
1185 http fetch GET 200 https://registry.npmjs.org/@expo%2fws-tunnel 366ms (cache miss)
1186 silly packumentCache full:https://registry.npmjs.org/@expo%2fws-tunnel set size:undefined disposed:false
1187 silly fetch manifest @expo/code-signing-certificates@^0.0.6
1188 silly packumentCache full:https://registry.npmjs.org/@expo%2fcode-signing-certificates cache-miss
1189 http fetch GET 200 https://registry.npmjs.org/@urql%2fexchange-retry 124ms (cache miss)
1190 silly packumentCache full:https://registry.npmjs.org/@urql%2fexchange-retry set size:undefined disposed:false
1191 silly fetch manifest sucrase@3.35.0
1192 silly packumentCache full:https://registry.npmjs.org/sucrase cache-miss
1193 http fetch GET 200 https://registry.npmjs.org/require-from-string 219ms (cache miss)
1194 silly packumentCache full:https://registry.npmjs.org/require-from-string set size:undefined disposed:false
1195 silly fetch manifest deepmerge@^4.3.1
1196 silly packumentCache full:https://registry.npmjs.org/deepmerge cache-miss
1197 http fetch GET 200 https://registry.npmjs.org/@0no-co%2fgraphql.web 308ms (cache miss)
1198 silly packumentCache full:https://registry.npmjs.org/@0no-co%2fgraphql.web set size:undefined disposed:false
1199 silly fetch manifest @babel/code-frame@~7.10.4
1200 silly packumentCache full:https://registry.npmjs.org/@babel%2fcode-frame cache-miss
1201 http cache https://registry.npmjs.org/@babel%2fcode-frame 4ms (cache hit)
1202 silly packumentCache full:https://registry.npmjs.org/@babel%2fcode-frame set size:200237 disposed:false
1203 silly fetch manifest @expo/config-types@^52.0.5
1204 silly packumentCache full:https://registry.npmjs.org/@expo%2fconfig-types cache-miss
1205 http fetch GET 200 https://registry.npmjs.org/@expo%2fpackage-manager 320ms (cache miss)
1206 silly packumentCache full:https://registry.npmjs.org/@expo%2fpackage-manager set size:undefined disposed:false
1207 silly fetch manifest resolve-workspace-root@^2.0.0
1208 silly packumentCache full:https://registry.npmjs.org/resolve-workspace-root cache-miss
1209 http fetch GET 200 https://registry.npmjs.org/sucrase 236ms (cache miss)
1210 silly packumentCache full:https://registry.npmjs.org/sucrase set size:undefined disposed:false
1211 silly fetch manifest chalk@^4.1.2
1212 silly packumentCache full:https://registry.npmjs.org/chalk cache-miss
1213 http cache https://registry.npmjs.org/chalk 18ms (cache hit)
1214 silly packumentCache full:https://registry.npmjs.org/chalk set size:117861 disposed:false
1215 silly fetch manifest slash@^3.0.0
1216 silly packumentCache full:https://registry.npmjs.org/slash cache-miss
1217 http fetch GET 200 https://registry.npmjs.org/@expo%2frudder-sdk-node 315ms (cache miss)
1218 silly packumentCache full:https://registry.npmjs.org/@expo%2frudder-sdk-node set size:undefined disposed:false
1219 silly fetch manifest xcode@^3.0.1
1220 silly packumentCache full:https://registry.npmjs.org/xcode cache-miss
1221 http fetch GET 200 https://registry.npmjs.org/@expo%2fcode-signing-certificates 295ms (cache miss)
1222 silly packumentCache full:https://registry.npmjs.org/@expo%2fcode-signing-certificates set size:undefined disposed:false
1223 silly fetch manifest semver@^7.5.4
1224 silly packumentCache full:https://registry.npmjs.org/semver cache-hit
1225 silly fetch manifest xml2js@0.6.0
1226 silly packumentCache full:https://registry.npmjs.org/xml2js cache-miss
1227 http fetch GET 200 https://registry.npmjs.org/deepmerge 220ms (cache miss)
1228 silly packumentCache full:https://registry.npmjs.org/deepmerge set size:undefined disposed:false
1229 silly fetch manifest slugify@^1.6.6
1230 silly packumentCache full:https://registry.npmjs.org/slugify cache-miss
1231 http cache https://registry.npmjs.org/slugify 9ms (cache hit)
1232 silly packumentCache full:https://registry.npmjs.org/slugify set size:103522 disposed:false
1233 silly fetch manifest @expo/json-file@~9.0.2
1234 silly packumentCache full:https://registry.npmjs.org/@expo%2fjson-file cache-miss
1235 http fetch GET 200 https://registry.npmjs.org/slash 35ms (cache miss)
1236 silly packumentCache full:https://registry.npmjs.org/slash set size:undefined disposed:false
1237 silly fetch manifest @expo/config-types@^52.0.5
1238 silly packumentCache full:https://registry.npmjs.org/@expo%2fconfig-types cache-miss
1239 http cache https://registry.npmjs.org/@expo%2fjson-file 7ms (cache hit)
1240 silly packumentCache full:https://registry.npmjs.org/@expo%2fjson-file set size:744242 disposed:false
1241 silly fetch manifest @expo/sdk-runtime-versions@^1.0.0
1242 silly packumentCache full:https://registry.npmjs.org/@expo%2fsdk-runtime-versions cache-miss
1243 http fetch GET 200 https://registry.npmjs.org/xcode 156ms (cache miss)
1244 silly packumentCache full:https://registry.npmjs.org/xcode set size:undefined disposed:false
1245 silly fetch manifest find-up@^5.0.0
1246 silly packumentCache full:https://registry.npmjs.org/find-up cache-miss
1247 http fetch GET 200 https://registry.npmjs.org/resolve-workspace-root 289ms (cache miss)
1248 silly packumentCache full:https://registry.npmjs.org/resolve-workspace-root set size:undefined disposed:false
1249 silly fetch manifest p-limit@^3.1.0
1250 silly packumentCache full:https://registry.npmjs.org/p-limit cache-miss
1251 http fetch GET 200 https://registry.npmjs.org/xml2js 231ms (cache miss)
1252 silly packumentCache full:https://registry.npmjs.org/xml2js set size:undefined disposed:false
1253 silly fetch manifest chalk@^4.1.0
1254 silly packumentCache full:https://registry.npmjs.org/chalk cache-hit
1255 silly fetch manifest postcss@~8.4.32
1256 silly packumentCache full:https://registry.npmjs.org/postcss cache-miss
1257 http fetch GET 200 https://registry.npmjs.org/@expo%2fconfig-types 215ms (cache miss)
1258 silly packumentCache full:https://registry.npmjs.org/@expo%2fconfig-types set size:undefined disposed:false
1259 silly fetch manifest fs-extra@^9.1.0
1260 silly packumentCache full:https://registry.npmjs.org/fs-extra cache-miss
1261 http fetch GET 200 https://registry.npmjs.org/@expo%2fconfig-types 358ms (cache miss)
1262 silly packumentCache full:https://registry.npmjs.org/@expo%2fconfig-types set size:undefined disposed:false
1263 silly fetch manifest jsc-safe-url@^0.2.4
1264 silly packumentCache full:https://registry.npmjs.org/jsc-safe-url cache-miss
1265 http cache https://registry.npmjs.org/fs-extra 9ms (cache hit)
1266 silly packumentCache full:https://registry.npmjs.org/fs-extra set size:234923 disposed:false
1267 silly fetch manifest lightningcss@~1.27.0
1268 silly packumentCache full:https://registry.npmjs.org/lightningcss cache-miss
1269 http fetch GET 200 https://registry.npmjs.org/find-up 59ms (cache miss)
1270 silly packumentCache full:https://registry.npmjs.org/find-up set size:undefined disposed:false
1271 silly fetch manifest prop-types@^15.8.1
1272 silly packumentCache full:https://registry.npmjs.org/prop-types cache-miss
1273 http fetch GET 200 https://registry.npmjs.org/p-limit 43ms (cache miss)
1274 silly packumentCache full:https://registry.npmjs.org/p-limit set size:undefined disposed:false
1275 silly fetch manifest react-refresh@^0.14.2
1276 silly packumentCache full:https://registry.npmjs.org/react-refresh cache-miss
1277 http cache https://registry.npmjs.org/prop-types 4ms (cache hit)
1278 silly packumentCache full:https://registry.npmjs.org/prop-types set size:76747 disposed:false
1279 silly fetch manifest @babel/preset-react@^7.22.15
1280 silly packumentCache full:https://registry.npmjs.org/@babel%2fpreset-react cache-miss
1281 http cache https://registry.npmjs.org/react-refresh 24ms (cache hit)
1282 silly packumentCache full:https://registry.npmjs.org/react-refresh set size:6329425 disposed:false
1283 silly fetch manifest @babel/preset-typescript@^7.23.0
1284 silly packumentCache full:https://registry.npmjs.org/@babel%2fpreset-typescript cache-miss
1285 http cache https://registry.npmjs.org/@babel%2fpreset-typescript 16ms (cache hit)
1286 silly packumentCache full:https://registry.npmjs.org/@babel%2fpreset-typescript set size:261890 disposed:false
1287 silly fetch manifest @react-native/babel-preset@0.76.9
1288 silly packumentCache full:https://registry.npmjs.org/@react-native%2fbabel-preset cache-miss
1289 http fetch GET 200 https://registry.npmjs.org/@expo%2fsdk-runtime-versions 328ms (cache miss)
1290 silly packumentCache full:https://registry.npmjs.org/@expo%2fsdk-runtime-versions set size:undefined disposed:false
1291 silly fetch manifest babel-plugin-react-native-web@~0.19.13
1292 silly packumentCache full:https://registry.npmjs.org/babel-plugin-react-native-web cache-miss
1293 http fetch GET 200 https://registry.npmjs.org/@babel%2fpreset-react 88ms (cache miss)
1294 silly packumentCache full:https://registry.npmjs.org/@babel%2fpreset-react set size:undefined disposed:false
1295 silly fetch manifest @babel/plugin-proposal-decorators@^7.12.9
1296 silly packumentCache full:https://registry.npmjs.org/@babel%2fplugin-proposal-decorators cache-miss
1297 http fetch GET 200 https://registry.npmjs.org/postcss 133ms (cache miss)
1298 silly packumentCache full:https://registry.npmjs.org/postcss set size:undefined disposed:false
1299 silly fetch manifest @babel/plugin-transform-parameters@^7.22.15
1300 silly packumentCache full:https://registry.npmjs.org/@babel%2fplugin-transform-parameters cache-miss
1301 http fetch GET 200 https://registry.npmjs.org/jsc-safe-url 219ms (cache miss)
1302 silly packumentCache full:https://registry.npmjs.org/jsc-safe-url set size:undefined disposed:false
1303 silly fetch manifest @babel/plugin-transform-object-rest-spread@^7.12.13
1304 silly packumentCache full:https://registry.npmjs.org/@babel%2fplugin-transform-object-rest-spread cache-miss
1305 http fetch GET 200 https://registry.npmjs.org/lightningcss 227ms (cache miss)
1306 silly packumentCache full:https://registry.npmjs.org/lightningcss set size:undefined disposed:false
1307 silly fetch manifest @babel/plugin-transform-export-namespace-from@^7.22.11
1308 silly packumentCache full:https://registry.npmjs.org/@babel%2fplugin-transform-export-namespace-from cache-miss
1309 http fetch GET 200 https://registry.npmjs.org/@babel%2fplugin-transform-export-namespace-from 54ms (cache miss)
1310 silly packumentCache full:https://registry.npmjs.org/@babel%2fplugin-transform-export-namespace-from set size:undefined disposed:false
1311 silly fetch manifest md5-file@^3.2.3
1312 silly packumentCache full:https://registry.npmjs.org/md5-file cache-miss
1313 http fetch GET 200 https://registry.npmjs.org/@react-native%2fdev-middleware 915ms (cache miss)
1314 silly packumentCache full:https://registry.npmjs.org/@react-native%2fdev-middleware set size:undefined disposed:false
1315 silly fetch manifest commander@^7.2.0
1316 silly packumentCache full:https://registry.npmjs.org/commander cache-miss
1317 http fetch GET 200 https://registry.npmjs.org/babel-plugin-react-native-web 255ms (cache miss)
1318 silly packumentCache full:https://registry.npmjs.org/babel-plugin-react-native-web set size:undefined disposed:false
1319 silly fetch manifest fast-glob@^3.2.5
1320 silly packumentCache full:https://registry.npmjs.org/fast-glob cache-miss
1321 http cache https://registry.npmjs.org/fast-glob 7ms (cache hit)
1322 silly packumentCache full:https://registry.npmjs.org/fast-glob set size:220556 disposed:false
1323 silly fetch manifest fbjs@^3.0.0
1324 silly packumentCache full:https://registry.npmjs.org/fbjs cache-miss
1325 http fetch GET 200 https://registry.npmjs.org/@react-native%2fbabel-preset 270ms (cache miss)
1326 silly packumentCache full:https://registry.npmjs.org/@react-native%2fbabel-preset set size:undefined disposed:false
1327 silly fetch manifest buffer@^5.4.3
1328 silly packumentCache full:https://registry.npmjs.org/buffer cache-miss
1329 http cache https://registry.npmjs.org/commander 31ms (cache hit)
1330 silly packumentCache full:https://registry.npmjs.org/commander set size:306288 disposed:false
1331 silly fetch manifest punycode@^2.1.1
1332 silly packumentCache full:https://registry.npmjs.org/punycode cache-miss
1333 http fetch GET 200 https://registry.npmjs.org/@babel%2fplugin-proposal-decorators 283ms (cache miss)
1334 silly packumentCache full:https://registry.npmjs.org/@babel%2fplugin-proposal-decorators set size:undefined disposed:false
1335 silly fetch manifest webidl-conversions@^5.0.0
1336 silly packumentCache full:https://registry.npmjs.org/webidl-conversions cache-miss
1337 http cache https://registry.npmjs.org/fbjs 31ms (cache hit)
1338 silly packumentCache full:https://registry.npmjs.org/fbjs set size:175593 disposed:false
1339 http fetch GET 200 https://registry.npmjs.org/@babel%2fplugin-transform-parameters 284ms (cache miss)
1340 silly packumentCache full:https://registry.npmjs.org/@babel%2fplugin-transform-parameters set size:undefined disposed:false
1341 http fetch GET 200 https://registry.npmjs.org/punycode 36ms (cache miss)
1342 silly packumentCache full:https://registry.npmjs.org/punycode set size:undefined disposed:false
1343 http fetch GET 200 https://registry.npmjs.org/webidl-conversions 34ms (cache miss)
1344 silly packumentCache full:https://registry.npmjs.org/webidl-conversions set size:undefined disposed:false
1345 http fetch GET 200 https://registry.npmjs.org/@babel%2fplugin-transform-object-rest-spread 238ms (cache miss)
1346 silly packumentCache full:https://registry.npmjs.org/@babel%2fplugin-transform-object-rest-spread set size:undefined disposed:false
1347 http fetch GET 200 https://registry.npmjs.org/md5-file 232ms (cache miss)
1348 silly packumentCache full:https://registry.npmjs.org/md5-file set size:undefined disposed:false
1349 http fetch GET 200 https://registry.npmjs.org/buffer 227ms (cache miss)
1350 silly packumentCache full:https://registry.npmjs.org/buffer set size:undefined disposed:false
1351 silly fetch manifest bufferutil@^4.0.1
1352 silly packumentCache full:https://registry.npmjs.org/bufferutil cache-miss
1353 http fetch GET 200 https://registry.npmjs.org/bufferutil 37ms (cache miss)
1354 silly packumentCache full:https://registry.npmjs.org/bufferutil set size:undefined disposed:false
1355 silly fetch manifest utf-8-validate@>=5.0.2
1356 silly packumentCache full:https://registry.npmjs.org/utf-8-validate cache-miss
1357 http fetch GET 200 https://registry.npmjs.org/utf-8-validate 45ms (cache miss)
1358 silly packumentCache full:https://registry.npmjs.org/utf-8-validate set size:undefined disposed:false
1359 silly fetch manifest graphql@^14.0.0 || ^15.0.0 || ^16.0.0
1360 silly packumentCache full:https://registry.npmjs.org/graphql cache-miss
1361 http fetch GET 200 https://registry.npmjs.org/graphql 63ms (cache miss)
1362 silly packumentCache full:https://registry.npmjs.org/graphql set size:undefined disposed:false
1363 silly placeDep ROOT @0no-co/graphql.web@1.2.0 OK for: @expo/cli@0.22.28 want: ^1.0.8
1364 silly placeDep ROOT @expo/code-signing-certificates@0.0.6 OK for: @expo/cli@0.22.28 want: ^0.0.6
1365 silly placeDep ROOT @expo/devcert@1.2.1 OK for: @expo/cli@0.22.28 want: ^1.1.2
1366 silly placeDep ROOT @expo/env@0.4.2 OK for: @expo/cli@0.22.28 want: ~0.4.2
1367 silly placeDep ROOT @expo/image-utils@0.6.5 OK for: @expo/cli@0.22.28 want: ^0.6.5
1368 silly placeDep ROOT @expo/json-file@9.1.5 OK for: @expo/cli@0.22.28 want: ^9.0.2
1369 silly placeDep ROOT @expo/osascript@2.4.3 OK for: @expo/cli@0.22.28 want: ^2.1.6
1370 silly placeDep ROOT @expo/package-manager@1.10.5 OK for: @expo/cli@0.22.28 want: ^1.7.2
1371 silly placeDep ROOT @expo/plist@0.2.2 OK for: @expo/cli@0.22.28 want: ^0.2.2
1372 silly placeDep ROOT @expo/prebuild-config@8.2.0 OK for: @expo/cli@0.22.28 want: ~8.2.0
1373 silly placeDep ROOT @expo/rudder-sdk-node@1.1.1 OK for: @expo/cli@0.22.28 want: ^1.1.1
1374 silly placeDep ROOT @expo/spawn-async@1.7.2 OK for: @expo/cli@0.22.28 want: ^1.7.2
1375 silly placeDep ROOT @expo/ws-tunnel@1.0.6 OK for: @expo/cli@0.22.28 want: ^1.0.1
1376 silly placeDep ROOT @expo/xcpretty@4.4.4 OK for: @expo/cli@0.22.28 want: ^4.3.0
1377 silly placeDep ROOT @react-native/dev-middleware@0.76.9 OK for: @expo/cli@0.22.28 want: 0.76.9
1378 silly placeDep ROOT @urql/core@5.2.0 OK for: @expo/cli@0.22.28 want: ^5.0.6
1379 silly placeDep ROOT @urql/exchange-retry@1.3.2 OK for: @expo/cli@0.22.28 want: ^1.3.0
1380 silly placeDep ROOT accepts@1.3.8 OK for: @expo/cli@0.22.28 want: ^1.3.8
1381 silly placeDep ROOT arg@5.0.2 OK for: @expo/cli@0.22.28 want: ^5.0.2
1382 silly placeDep ROOT better-opn@3.0.2 OK for: @expo/cli@0.22.28 want: ~3.0.2
1383 silly placeDep ROOT bplist-creator@0.0.7 OK for: @expo/cli@0.22.28 want: 0.0.7
1384 silly placeDep ROOT bplist-parser@0.3.2 OK for: @expo/cli@0.22.28 want: ^0.3.1
1385 silly placeDep ROOT cacache@18.0.4 OK for: @expo/cli@0.22.28 want: ^18.0.2
1386 silly placeDep ROOT chalk@4.1.2 OK for: @expo/cli@0.22.28 want: ^4.0.0
1387 silly placeDep ROOT ci-info@3.9.0 OK for: @expo/cli@0.22.28 want: ^3.3.0
1388 silly placeDep ROOT compression@1.8.1 OK for: @expo/cli@0.22.28 want: ^1.7.4
1389 silly placeDep ROOT connect@3.7.0 OK for: @expo/cli@0.22.28 want: ^3.7.0
1390 silly placeDep ROOT env-editor@0.4.2 OK for: @expo/cli@0.22.28 want: ^0.4.1
1391 silly placeDep ROOT fast-glob@3.3.3 OK for: @expo/cli@0.22.28 want: ^3.3.2
1392 silly placeDep ROOT form-data@3.0.4 OK for: @expo/cli@0.22.28 want: ^3.0.1
1393 silly placeDep ROOT freeport-async@2.0.0 OK for: @expo/cli@0.22.28 want: ^2.0.0
1394 silly placeDep ROOT fs-extra@8.1.0 OK for: @expo/cli@0.22.28 want: ~8.1.0
1395 silly placeDep ROOT getenv@1.0.0 OK for: @expo/cli@0.22.28 want: ^1.0.0
1396 silly placeDep ROOT glob@10.5.0 OK for: @expo/cli@0.22.28 want: ^10.4.2
1397 silly placeDep ROOT internal-ip@4.3.0 OK for: @expo/cli@0.22.28 want: ^4.3.0
1398 silly placeDep ROOT is-docker@2.2.1 OK for: @expo/cli@0.22.28 want: ^2.0.0
1399 silly placeDep ROOT is-wsl@2.2.0 OK for: @expo/cli@0.22.28 want: ^2.1.1
1400 silly placeDep ROOT lodash.debounce@4.0.8 OK for: @expo/cli@0.22.28 want: ^4.0.8
1401 silly placeDep ROOT minimatch@3.1.5 OK for: @expo/cli@0.22.28 want: ^3.0.4
1402 silly placeDep ROOT node-forge@1.4.0 OK for: @expo/cli@0.22.28 want: ^1.3.3
1403 silly placeDep ROOT npm-package-arg@11.0.3 OK for: @expo/cli@0.22.28 want: ^11.0.0
1404 silly placeDep ROOT ora@3.4.0 OK for: @expo/cli@0.22.28 want: ^3.4.0
1405 silly placeDep ROOT picomatch@3.0.2 OK for: @expo/cli@0.22.28 want: ^3.0.1
1406 silly placeDep ROOT pretty-bytes@5.6.0 OK for: @expo/cli@0.22.28 want: ^5.6.0
1407 silly placeDep ROOT pretty-format@29.7.0 OK for: @expo/cli@0.22.28 want: ^29.7.0
1408 silly placeDep ROOT progress@2.0.3 OK for: @expo/cli@0.22.28 want: ^2.0.3
1409 silly placeDep ROOT prompts@2.4.2 OK for: @expo/cli@0.22.28 want: ^2.3.2
1410 silly placeDep ROOT qrcode-terminal@0.11.0 OK for: @expo/cli@0.22.28 want: 0.11.0
1411 silly placeDep ROOT require-from-string@2.0.2 OK for: @expo/cli@0.22.28 want: ^2.0.2
1412 silly placeDep ROOT requireg@0.2.2 OK for: @expo/cli@0.22.28 want: ^0.2.2
1413 silly placeDep ROOT resolve@1.22.12 OK for: @expo/cli@0.22.28 want: ^1.22.2
1414 silly placeDep ROOT resolve-from@5.0.0 OK for: @expo/cli@0.22.28 want: ^5.0.0
1415 silly placeDep ROOT resolve.exports@2.0.3 OK for: @expo/cli@0.22.28 want: ^2.0.3
1416 silly placeDep node_modules/@expo/cli semver@7.8.0 OK for: @expo/cli@0.22.28 want: ^7.6.0
1417 silly placeDep ROOT send@0.19.2 OK for: @expo/cli@0.22.28 want: ^0.19.0
1418 silly placeDep ROOT slugify@1.6.9 OK for: @expo/cli@0.22.28 want: ^1.3.4
1419 silly placeDep ROOT source-map-support@0.5.21 OK for: @expo/cli@0.22.28 want: ~0.5.21
1420 silly placeDep ROOT stacktrace-parser@0.1.11 OK for: @expo/cli@0.22.28 want: ^0.1.10
1421 silly placeDep ROOT structured-headers@0.4.1 OK for: @expo/cli@0.22.28 want: ^0.4.1
1422 silly placeDep ROOT tar@6.2.1 OK for: @expo/cli@0.22.28 want: ^6.2.1
1423 silly placeDep ROOT temp-dir@2.0.0 OK for: @expo/cli@0.22.28 want: ^2.0.0
1424 silly placeDep ROOT tempy@0.7.1 OK for: @expo/cli@0.22.28 want: ^0.7.1
1425 silly placeDep ROOT terminal-link@2.1.1 OK for: @expo/cli@0.22.28 want: ^2.1.1
1426 silly placeDep ROOT undici@6.25.0 OK for: @expo/cli@0.22.28 want: ^6.18.2
1427 silly placeDep ROOT unique-string@2.0.0 OK for: @expo/cli@0.22.28 want: ~2.0.0
1428 silly placeDep ROOT wrap-ansi@7.0.0 OK for: @expo/cli@0.22.28 want: ^7.0.0
1429 silly placeDep ROOT ws@8.20.1 OK for: @expo/cli@0.22.28 want: ^8.12.1
1430 silly fetch manifest debug@^3.1.0
1431 silly packumentCache full:https://registry.npmjs.org/debug cache-hit
1432 silly fetch manifest @expo/sudo-prompt@^9.3.1
1433 silly packumentCache full:https://registry.npmjs.org/@expo%2fsudo-prompt cache-miss
1434 silly fetch manifest dotenv@~16.4.5
1435 silly packumentCache full:https://registry.npmjs.org/dotenv cache-miss
1436 silly fetch manifest dotenv-expand@~11.0.6
1437 silly packumentCache full:https://registry.npmjs.org/dotenv-expand cache-miss
1438 silly fetch manifest fs-extra@9.0.0
1439 silly packumentCache full:https://registry.npmjs.org/fs-extra cache-hit
1440 silly fetch manifest temp-dir@~2.0.0
1441 silly packumentCache full:https://registry.npmjs.org/temp-dir cache-miss
1442 silly fetch manifest parse-png@^2.1.0
1443 silly packumentCache full:https://registry.npmjs.org/parse-png cache-miss
1444 silly fetch manifest jimp-compact@0.16.1
1445 silly packumentCache full:https://registry.npmjs.org/jimp-compact cache-miss
1446 silly fetch manifest @expo/json-file@^10.0.14
1447 silly packumentCache full:https://registry.npmjs.org/@expo%2fjson-file cache-hit
1448 silly fetch manifest base64-js@^1.2.3
1449 silly packumentCache full:https://registry.npmjs.org/base64-js cache-miss
1450 http cache https://registry.npmjs.org/temp-dir 9ms (cache hit)
1451 silly packumentCache full:https://registry.npmjs.org/temp-dir set size:8337 disposed:false
1452 silly fetch manifest xmlbuilder@^14.0.0
1453 silly packumentCache full:https://registry.npmjs.org/xmlbuilder cache-miss
1454 http cache https://registry.npmjs.org/base64-js 11ms (cache hit)
1455 silly packumentCache full:https://registry.npmjs.org/base64-js set size:41270 disposed:false
1456 silly fetch manifest @xmldom/xmldom@~0.7.7
1457 silly packumentCache full:https://registry.npmjs.org/@xmldom%2fxmldom cache-miss
1458 http fetch GET 200 https://registry.npmjs.org/jimp-compact 45ms (cache miss)
1459 silly packumentCache full:https://registry.npmjs.org/jimp-compact set size:undefined disposed:false
1460 silly fetch manifest fs-extra@^9.0.0
1461 silly packumentCache full:https://registry.npmjs.org/fs-extra cache-hit
1462 silly fetch manifest @react-native/normalize-colors@0.76.9
1463 silly packumentCache full:https://registry.npmjs.org/@react-native%2fnormalize-colors cache-miss
1464 http fetch GET 200 https://registry.npmjs.org/parse-png 51ms (cache miss)
1465 silly packumentCache full:https://registry.npmjs.org/parse-png set size:undefined disposed:false
1466 silly fetch manifest md5@^2.2.1
1467 silly packumentCache full:https://registry.npmjs.org/md5 cache-miss
1468 http fetch GET 200 https://registry.npmjs.org/dotenv-expand 56ms (cache miss)
1469 silly packumentCache full:https://registry.npmjs.org/dotenv-expand set size:undefined disposed:false
1470 silly fetch manifest uuid@^8.3.2
1471 silly packumentCache full:https://registry.npmjs.org/uuid cache-miss
1472 http fetch GET 200 https://registry.npmjs.org/xmlbuilder 50ms (cache miss)
1473 silly packumentCache full:https://registry.npmjs.org/xmlbuilder set size:undefined disposed:false
1474 silly fetch manifest node-fetch@^2.6.1
1475 silly packumentCache full:https://registry.npmjs.org/node-fetch cache-miss
1476 http cache https://registry.npmjs.org/@react-native%2fnormalize-colors 18ms (cache hit)
1477 silly packumentCache full:https://registry.npmjs.org/@react-native%2fnormalize-colors set size:1869257 disposed:false
1478 silly fetch manifest fetch-retry@^4.1.1
1479 silly packumentCache full:https://registry.npmjs.org/fetch-retry cache-miss
1480 http fetch GET 200 https://registry.npmjs.org/dotenv 85ms (cache miss)
1481 silly packumentCache full:https://registry.npmjs.org/dotenv set size:undefined disposed:false
1482 silly fetch manifest @expo/bunyan@^4.0.0
1483 silly packumentCache full:https://registry.npmjs.org/@expo%2fbunyan cache-miss
1484 http fetch GET 200 https://registry.npmjs.org/md5 44ms (cache miss)
1485 silly packumentCache full:https://registry.npmjs.org/md5 set size:undefined disposed:false
1486 silly fetch manifest remove-trailing-slash@^0.1.0
1487 silly packumentCache full:https://registry.npmjs.org/remove-trailing-slash cache-miss
1488 http fetch GET 200 https://registry.npmjs.org/uuid 44ms (cache miss)
1489 silly packumentCache full:https://registry.npmjs.org/uuid set size:undefined disposed:false
1490 silly fetch manifest @segment/loosely-validate-event@^2.0.0
1491 silly packumentCache full:https://registry.npmjs.org/@segment%2floosely-validate-event cache-miss
1492 http fetch GET 200 https://registry.npmjs.org/node-fetch 85ms (cache miss)
1493 silly packumentCache full:https://registry.npmjs.org/node-fetch set size:undefined disposed:false
1494 silly fetch manifest cross-spawn@^7.0.3
1495 silly packumentCache full:https://registry.npmjs.org/cross-spawn cache-miss
1496 http fetch GET 200 https://registry.npmjs.org/cross-spawn 40ms (cache miss)
1497 silly packumentCache full:https://registry.npmjs.org/cross-spawn set size:undefined disposed:false
1498 silly fetch manifest js-yaml@^4.1.0
1499 silly packumentCache full:https://registry.npmjs.org/js-yaml cache-miss
1500 http fetch GET 200 https://registry.npmjs.org/remove-trailing-slash 206ms (cache miss)
1501 silly packumentCache full:https://registry.npmjs.org/remove-trailing-slash set size:undefined disposed:false
1502 silly fetch manifest open@^7.0.3
1503 silly packumentCache full:https://registry.npmjs.org/open cache-miss
1504 http fetch GET 200 https://registry.npmjs.org/fetch-retry 230ms (cache miss)
1505 silly packumentCache full:https://registry.npmjs.org/fetch-retry set size:undefined disposed:false
1506 silly fetch manifest debug@^2.2.0
1507 silly packumentCache full:https://registry.npmjs.org/debug cache-hit
1508 silly fetch manifest connect@^3.6.5
1509 silly packumentCache full:https://registry.npmjs.org/connect cache-miss
1510 http cache https://registry.npmjs.org/connect 6ms (cache hit)
1511 silly packumentCache full:https://registry.npmjs.org/connect set size:438385 disposed:false
1512 silly fetch manifest selfsigned@^2.4.1
1513 silly packumentCache full:https://registry.npmjs.org/selfsigned cache-miss
1514 http fetch GET 200 https://registry.npmjs.org/@xmldom%2fxmldom 322ms (cache miss)
1515 silly packumentCache full:https://registry.npmjs.org/@xmldom%2fxmldom set size:undefined disposed:false
1516 silly fetch manifest serve-static@^1.13.1
1517 silly packumentCache full:https://registry.npmjs.org/serve-static cache-miss
1518 http fetch GET 200 https://registry.npmjs.org/selfsigned 38ms (cache miss)
1519 silly packumentCache full:https://registry.npmjs.org/selfsigned set size:undefined disposed:false
1520 silly fetch manifest chrome-launcher@^0.15.2
1521 silly packumentCache full:https://registry.npmjs.org/chrome-launcher cache-miss
1522 http fetch GET 200 https://registry.npmjs.org/serve-static 42ms (cache miss)
1523 silly packumentCache full:https://registry.npmjs.org/serve-static set size:undefined disposed:false
1524 silly fetch manifest @isaacs/ttlcache@^1.4.1
1525 silly packumentCache full:https://registry.npmjs.org/@isaacs%2fttlcache cache-miss
1526 http fetch GET 200 https://registry.npmjs.org/@segment%2floosely-validate-event 297ms (cache miss)
1527 silly packumentCache full:https://registry.npmjs.org/@segment%2floosely-validate-event set size:undefined disposed:false
1528 silly fetch manifest chromium-edge-launcher@^0.2.0
1529 silly packumentCache full:https://registry.npmjs.org/chromium-edge-launcher cache-miss
1530 http fetch GET 200 https://registry.npmjs.org/js-yaml 218ms (cache miss)
1531 silly packumentCache full:https://registry.npmjs.org/js-yaml set size:undefined disposed:false
1532 silly fetch manifest @react-native/debugger-frontend@0.76.9
1533 silly packumentCache full:https://registry.npmjs.org/@react-native%2fdebugger-frontend cache-miss
1534 http fetch GET 200 https://registry.npmjs.org/chromium-edge-launcher 36ms (cache miss)
1535 silly packumentCache full:https://registry.npmjs.org/chromium-edge-launcher set size:undefined disposed:false
1536 silly fetch manifest wonka@^6.3.2
1537 silly packumentCache full:https://registry.npmjs.org/wonka cache-miss
1538 http fetch GET 200 https://registry.npmjs.org/@expo%2fsudo-prompt 474ms (cache miss)
1539 silly packumentCache full:https://registry.npmjs.org/@expo%2fsudo-prompt set size:undefined disposed:false
1540 silly fetch manifest wonka@^6.3.2
1541 silly packumentCache full:https://registry.npmjs.org/wonka cache-miss
1542 http fetch GET 200 https://registry.npmjs.org/wonka 48ms (cache miss)
1543 silly packumentCache full:https://registry.npmjs.org/wonka set size:undefined disposed:false
1544 silly fetch manifest mime-types@~2.1.34
1545 silly packumentCache full:https://registry.npmjs.org/mime-types cache-miss
1546 http fetch GET 200 https://registry.npmjs.org/open 246ms (cache miss)
1547 silly packumentCache full:https://registry.npmjs.org/open set size:undefined disposed:false
1548 silly fetch manifest negotiator@0.6.3
1549 silly packumentCache full:https://registry.npmjs.org/negotiator cache-miss
1550 http fetch GET 200 https://registry.npmjs.org/wonka 78ms (cache miss)
1551 silly packumentCache full:https://registry.npmjs.org/wonka set size:undefined disposed:false
1552 silly fetch manifest open@^8.0.4
1553 silly packumentCache full:https://registry.npmjs.org/open cache-miss
1554 http fetch GET 200 https://registry.npmjs.org/mime-types 71ms (cache miss)
1555 silly packumentCache full:https://registry.npmjs.org/mime-types set size:undefined disposed:false
1556 silly fetch manifest stream-buffers@~2.2.0
1557 silly packumentCache full:https://registry.npmjs.org/stream-buffers cache-miss
1558 http cache https://registry.npmjs.org/open 7ms (cache hit)
1559 silly packumentCache full:https://registry.npmjs.org/open set size:136392 disposed:false
1560 silly fetch manifest big-integer@1.6.x
1561 silly packumentCache full:https://registry.npmjs.org/big-integer cache-miss
1562 http fetch GET 200 https://registry.npmjs.org/@expo%2fbunyan 497ms (cache miss)
1563 silly packumentCache full:https://registry.npmjs.org/@expo%2fbunyan set size:undefined disposed:false
1564 silly fetch manifest tar@^6.1.11
1565 silly packumentCache full:https://registry.npmjs.org/tar cache-miss
1566 http fetch GET 200 https://registry.npmjs.org/negotiator 39ms (cache miss)
1567 silly packumentCache full:https://registry.npmjs.org/negotiator set size:undefined disposed:false
1568 silly fetch manifest glob@^10.2.2
1569 silly packumentCache full:https://registry.npmjs.org/glob cache-hit
1570 silly fetch manifest ssri@^10.0.0
1571 silly packumentCache full:https://registry.npmjs.org/ssri cache-miss
1572 http cache https://registry.npmjs.org/tar 17ms (cache hit)
1573 silly packumentCache full:https://registry.npmjs.org/tar set size:544656 disposed:false
1574 silly fetch manifest p-map@^4.0.0
1575 silly packumentCache full:https://registry.npmjs.org/p-map cache-miss
1576 http fetch GET 200 https://registry.npmjs.org/stream-buffers 51ms (cache miss)
1577 silly packumentCache full:https://registry.npmjs.org/stream-buffers set size:undefined disposed:false
1578 silly fetch manifest minipass@^7.0.3
1579 silly packumentCache full:https://registry.npmjs.org/minipass cache-miss
1580 http fetch GET 200 https://registry.npmjs.org/chrome-launcher 241ms (cache miss)
1581 silly packumentCache full:https://registry.npmjs.org/chrome-launcher set size:undefined disposed:false
1582 silly fetch manifest lru-cache@^10.0.1
1583 silly packumentCache full:https://registry.npmjs.org/lru-cache cache-miss
1584 http cache https://registry.npmjs.org/lru-cache 7ms (cache hit)
1585 silly packumentCache full:https://registry.npmjs.org/lru-cache set size:443567 disposed:false
1586 silly fetch manifest @npmcli/fs@^3.1.0
1587 silly packumentCache full:https://registry.npmjs.org/@npmcli%2ffs cache-miss
1588 http fetch GET 200 https://registry.npmjs.org/p-map 36ms (cache miss)
1589 silly packumentCache full:https://registry.npmjs.org/p-map set size:undefined disposed:false
1590 silly fetch manifest fs-minipass@^3.0.0
1591 silly packumentCache full:https://registry.npmjs.org/fs-minipass cache-miss
1592 http fetch GET 200 https://registry.npmjs.org/minipass 57ms (cache miss)
1593 silly packumentCache full:https://registry.npmjs.org/minipass set size:undefined disposed:false
1594 silly fetch manifest minipass-flush@^1.0.5
1595 silly packumentCache full:https://registry.npmjs.org/minipass-flush cache-miss
1596 http fetch GET 200 https://registry.npmjs.org/@isaacs%2fttlcache 296ms (cache miss)
1597 silly packumentCache full:https://registry.npmjs.org/@isaacs%2fttlcache set size:undefined disposed:false
1598 silly fetch manifest unique-filename@^3.0.0
1599 silly packumentCache full:https://registry.npmjs.org/unique-filename cache-miss
1600 http fetch GET 200 https://registry.npmjs.org/unique-filename 33ms (cache miss)
1601 silly packumentCache full:https://registry.npmjs.org/unique-filename set size:undefined disposed:false
1602 silly fetch manifest minipass-collect@^2.0.1
1603 silly packumentCache full:https://registry.npmjs.org/minipass-collect cache-miss
1604 http fetch GET 200 https://registry.npmjs.org/minipass-flush 38ms (cache miss)
1605 silly packumentCache full:https://registry.npmjs.org/minipass-flush set size:undefined disposed:false
1606 silly fetch manifest minipass-pipeline@^1.2.4
1607 silly packumentCache full:https://registry.npmjs.org/minipass-pipeline cache-miss
1608 http fetch GET 200 https://registry.npmjs.org/minipass-pipeline 41ms (cache miss)
1609 silly packumentCache full:https://registry.npmjs.org/minipass-pipeline set size:undefined disposed:false
1610 silly fetch manifest ansi-styles@^4.1.0
1611 silly packumentCache full:https://registry.npmjs.org/ansi-styles cache-miss
1612 http fetch GET 200 https://registry.npmjs.org/minipass-collect 47ms (cache miss)
1613 silly packumentCache full:https://registry.npmjs.org/minipass-collect set size:undefined disposed:false
1614 silly fetch manifest supports-color@^7.1.0
1615 silly packumentCache full:https://registry.npmjs.org/supports-color cache-miss
1616 http fetch GET 200 https://registry.npmjs.org/ansi-styles 47ms (cache miss)
1617 silly packumentCache full:https://registry.npmjs.org/ansi-styles set size:undefined disposed:false
1618 silly fetch manifest vary@~1.1.2
1619 silly packumentCache full:https://registry.npmjs.org/vary cache-miss
1620 http fetch GET 200 https://registry.npmjs.org/supports-color 50ms (cache miss)
1621 silly packumentCache full:https://registry.npmjs.org/supports-color set size:undefined disposed:false
1622 silly fetch manifest bytes@3.1.2
1623 silly packumentCache full:https://registry.npmjs.org/bytes cache-miss
1624 http fetch GET 200 https://registry.npmjs.org/big-integer 241ms (cache miss)
1625 silly packumentCache full:https://registry.npmjs.org/big-integer set size:undefined disposed:false
1626 silly fetch manifest debug@2.6.9
1627 silly packumentCache full:https://registry.npmjs.org/debug cache-hit
1628 silly fetch manifest negotiator@~0.6.4
1629 silly packumentCache full:https://registry.npmjs.org/negotiator cache-miss
1630 http cache https://registry.npmjs.org/negotiator 3ms (cache hit)
1631 silly packumentCache full:https://registry.npmjs.org/negotiator set size:48046 disposed:false
1632 silly fetch manifest on-headers@~1.1.0
1633 silly packumentCache full:https://registry.npmjs.org/on-headers cache-miss
1634 http fetch GET 200 https://registry.npmjs.org/ssri 239ms (cache miss)
1635 silly packumentCache full:https://registry.npmjs.org/ssri set size:undefined disposed:false
1636 silly fetch manifest safe-buffer@5.2.1
1637 silly packumentCache full:https://registry.npmjs.org/safe-buffer cache-miss
1638 http fetch GET 200 https://registry.npmjs.org/vary 42ms (cache miss)
1639 silly packumentCache full:https://registry.npmjs.org/vary set size:undefined disposed:false
1640 silly fetch manifest compressible@~2.0.18
1641 silly packumentCache full:https://registry.npmjs.org/compressible cache-miss
1642 http fetch GET 200 https://registry.npmjs.org/fs-minipass 219ms (cache miss)
1643 silly packumentCache full:https://registry.npmjs.org/fs-minipass set size:undefined disposed:false
1644 silly fetch manifest finalhandler@1.1.2
1645 silly packumentCache full:https://registry.npmjs.org/finalhandler cache-miss
1646 http fetch GET 200 https://registry.npmjs.org/on-headers 41ms (cache miss)
1647 silly packumentCache full:https://registry.npmjs.org/on-headers set size:undefined disposed:false
1648 silly fetch manifest parseurl@~1.3.3
1649 silly packumentCache full:https://registry.npmjs.org/parseurl cache-miss
1650 http fetch GET 200 https://registry.npmjs.org/compressible 36ms (cache miss)
1651 silly packumentCache full:https://registry.npmjs.org/compressible set size:undefined disposed:false
1652 silly fetch manifest utils-merge@1.0.1
1653 silly packumentCache full:https://registry.npmjs.org/utils-merge cache-miss
1654 http fetch GET 200 https://registry.npmjs.org/parseurl 35ms (cache miss)
1655 silly packumentCache full:https://registry.npmjs.org/parseurl set size:undefined disposed:false
1656 silly fetch manifest @nodelib/fs.stat@^2.0.2
1657 silly packumentCache full:https://registry.npmjs.org/@nodelib%2ffs.stat cache-miss
1658 http fetch GET 200 https://registry.npmjs.org/@npmcli%2ffs 324ms (cache miss)
1659 silly packumentCache full:https://registry.npmjs.org/@npmcli%2ffs set size:undefined disposed:false
1660 silly fetch manifest @nodelib/fs.walk@^1.2.3
1661 silly packumentCache full:https://registry.npmjs.org/@nodelib%2ffs.walk cache-miss
1662 http fetch GET 200 https://registry.npmjs.org/@react-native%2fdebugger-frontend 567ms (cache miss)
1663 silly packumentCache full:https://registry.npmjs.org/@react-native%2fdebugger-frontend set size:undefined disposed:false
1664 silly fetch manifest glob-parent@^5.1.2
1665 silly packumentCache full:https://registry.npmjs.org/glob-parent cache-miss
1666 http fetch GET 200 https://registry.npmjs.org/bytes 238ms (cache miss)
1667 silly packumentCache full:https://registry.npmjs.org/bytes set size:undefined disposed:false
1668 silly fetch manifest merge2@^1.3.0
1669 silly packumentCache full:https://registry.npmjs.org/merge2 cache-miss
1670 http fetch GET 200 https://registry.npmjs.org/finalhandler 230ms (cache miss)
1671 silly packumentCache full:https://registry.npmjs.org/finalhandler set size:undefined disposed:false
1672 silly fetch manifest micromatch@^4.0.8
1673 silly packumentCache full:https://registry.npmjs.org/micromatch cache-miss
1674 http fetch GET 200 https://registry.npmjs.org/merge2 57ms (cache miss)
1675 silly packumentCache full:https://registry.npmjs.org/merge2 set size:undefined disposed:false
1676 silly fetch manifest hasown@^2.0.2
1677 silly packumentCache full:https://registry.npmjs.org/hasown cache-miss
1678 http fetch GET 200 https://registry.npmjs.org/utils-merge 221ms (cache miss)
1679 silly packumentCache full:https://registry.npmjs.org/utils-merge set size:undefined disposed:false
1680 silly fetch manifest asynckit@^0.4.0
1681 silly packumentCache full:https://registry.npmjs.org/asynckit cache-miss
1682 http fetch GET 200 https://registry.npmjs.org/glob-parent 219ms (cache miss)
1683 silly packumentCache full:https://registry.npmjs.org/glob-parent set size:undefined disposed:false
1684 silly fetch manifest mime-types@^2.1.35
1685 silly packumentCache full:https://registry.npmjs.org/mime-types cache-miss
1686 http cache https://registry.npmjs.org/mime-types 45ms (cache hit)
1687 silly packumentCache full:https://registry.npmjs.org/mime-types set size:139110 disposed:false
1688 silly fetch manifest combined-stream@^1.0.8
1689 silly packumentCache full:https://registry.npmjs.org/combined-stream cache-miss
1690 http fetch GET 200 https://registry.npmjs.org/safe-buffer 441ms (cache miss)
1691 silly packumentCache full:https://registry.npmjs.org/safe-buffer set size:undefined disposed:false
1692 silly fetch manifest es-set-tostringtag@^2.1.0
1693 silly packumentCache full:https://registry.npmjs.org/es-set-tostringtag cache-miss
1694 http fetch GET 200 https://registry.npmjs.org/@nodelib%2ffs.walk 325ms (cache miss)
1695 silly packumentCache full:https://registry.npmjs.org/@nodelib%2ffs.walk set size:undefined disposed:false
1696 silly fetch manifest jsonfile@^4.0.0
1697 silly packumentCache full:https://registry.npmjs.org/jsonfile cache-miss
1698 http fetch GET 200 https://registry.npmjs.org/asynckit 222ms (cache miss)
1699 silly packumentCache full:https://registry.npmjs.org/asynckit set size:undefined disposed:false
1700 silly fetch manifest graceful-fs@^4.2.0
1701 silly packumentCache full:https://registry.npmjs.org/graceful-fs cache-miss
1702 http fetch GET 200 https://registry.npmjs.org/micromatch 241ms (cache miss)
1703 silly packumentCache full:https://registry.npmjs.org/micromatch set size:undefined disposed:false
1704 silly fetch manifest universalify@^0.1.0
1705 silly packumentCache full:https://registry.npmjs.org/universalify cache-miss
1706 http fetch GET 200 https://registry.npmjs.org/hasown 232ms (cache miss)
1707 silly packumentCache full:https://registry.npmjs.org/hasown set size:undefined disposed:false
1708 silly fetch manifest minipass@^7.1.2
1709 silly packumentCache full:https://registry.npmjs.org/minipass cache-miss
1710 http cache https://registry.npmjs.org/minipass 2ms (cache hit)
1711 silly packumentCache full:https://registry.npmjs.org/minipass set size:276925 disposed:false
1712 silly fetch manifest jackspeak@^3.1.2
1713 silly packumentCache full:https://registry.npmjs.org/jackspeak cache-miss
1714 http fetch GET 200 https://registry.npmjs.org/universalify 34ms (cache miss)
1715 silly packumentCache full:https://registry.npmjs.org/universalify set size:undefined disposed:false
1716 silly fetch manifest minimatch@^9.0.4
1717 silly packumentCache full:https://registry.npmjs.org/minimatch cache-miss
1718 http fetch GET 200 https://registry.npmjs.org/graceful-fs 42ms (cache miss)
1719 silly packumentCache full:https://registry.npmjs.org/graceful-fs set size:undefined disposed:false
1720 silly fetch manifest path-scurry@^1.11.1
1721 silly packumentCache full:https://registry.npmjs.org/path-scurry cache-miss
1722 http cache https://registry.npmjs.org/minimatch 10ms (cache hit)
1723 silly packumentCache full:https://registry.npmjs.org/minimatch set size:375282 disposed:false
1724 silly fetch manifest foreground-child@^3.1.0
1725 silly packumentCache full:https://registry.npmjs.org/foreground-child cache-miss
1726 http fetch GET 200 https://registry.npmjs.org/@nodelib%2ffs.stat 484ms (cache miss)
1727 silly packumentCache full:https://registry.npmjs.org/@nodelib%2ffs.stat set size:undefined disposed:false
1728 silly fetch manifest package-json-from-dist@^1.0.0
1729 silly packumentCache full:https://registry.npmjs.org/package-json-from-dist cache-miss
1730 http fetch GET 200 https://registry.npmjs.org/jackspeak 44ms (cache miss)
1731 silly packumentCache full:https://registry.npmjs.org/jackspeak set size:undefined disposed:false
1732 silly fetch manifest ipaddr.js@^1.9.0
1733 silly packumentCache full:https://registry.npmjs.org/ipaddr.js cache-miss
1734 http fetch GET 200 https://registry.npmjs.org/path-scurry 42ms (cache miss)
1735 silly packumentCache full:https://registry.npmjs.org/path-scurry set size:undefined disposed:false
1736 silly fetch manifest default-gateway@^4.2.0
1737 silly packumentCache full:https://registry.npmjs.org/default-gateway cache-miss
1738 http fetch GET 200 https://registry.npmjs.org/ipaddr.js 38ms (cache miss)
1739 silly packumentCache full:https://registry.npmjs.org/ipaddr.js set size:undefined disposed:false
1740 silly fetch manifest brace-expansion@^1.1.7
1741 silly packumentCache full:https://registry.npmjs.org/brace-expansion cache-miss
1742 http fetch GET 200 https://registry.npmjs.org/default-gateway 35ms (cache miss)
1743 silly packumentCache full:https://registry.npmjs.org/default-gateway set size:undefined disposed:false
1744 silly fetch manifest semver@^7.3.5
1745 silly packumentCache full:https://registry.npmjs.org/semver cache-hit
1746 silly fetch manifest proc-log@^4.0.0
1747 silly packumentCache full:https://registry.npmjs.org/proc-log cache-miss
1748 http fetch GET 200 https://registry.npmjs.org/combined-stream 242ms (cache miss)
1749 silly packumentCache full:https://registry.npmjs.org/combined-stream set size:undefined disposed:false
1750 silly fetch manifest hosted-git-info@^7.0.0
1751 silly packumentCache full:https://registry.npmjs.org/hosted-git-info cache-miss
1752 http fetch GET 200 https://registry.npmjs.org/brace-expansion 60ms (cache miss)
1753 silly packumentCache full:https://registry.npmjs.org/brace-expansion set size:undefined disposed:false
1754 silly fetch manifest validate-npm-package-name@^5.0.0
1755 silly packumentCache full:https://registry.npmjs.org/validate-npm-package-name cache-miss
1756 http fetch GET 200 https://registry.npmjs.org/proc-log 38ms (cache miss)
1757 silly packumentCache full:https://registry.npmjs.org/proc-log set size:undefined disposed:false
1758 silly fetch manifest chalk@^2.4.2
1759 silly packumentCache full:https://registry.npmjs.org/chalk cache-hit
1760 silly fetch manifest wcwidth@^1.0.1
1761 silly packumentCache full:https://registry.npmjs.org/wcwidth cache-miss
1762 http fetch GET 200 https://registry.npmjs.org/es-set-tostringtag 230ms (cache miss)
1763 silly packumentCache full:https://registry.npmjs.org/es-set-tostringtag set size:undefined disposed:false
1764 silly fetch manifest cli-cursor@^2.1.0
1765 silly packumentCache full:https://registry.npmjs.org/cli-cursor cache-miss
1766 http fetch GET 200 https://registry.npmjs.org/wcwidth 33ms (cache miss)
1767 silly packumentCache full:https://registry.npmjs.org/wcwidth set size:undefined disposed:false
1768 silly fetch manifest strip-ansi@^5.2.0
1769 silly packumentCache full:https://registry.npmjs.org/strip-ansi cache-miss
1770 http fetch GET 200 https://registry.npmjs.org/jsonfile 251ms (cache miss)
1771 silly packumentCache full:https://registry.npmjs.org/jsonfile set size:undefined disposed:false
1772 silly fetch manifest log-symbols@^2.2.0
1773 silly packumentCache full:https://registry.npmjs.org/log-symbols cache-miss
1774 http fetch GET 200 https://registry.npmjs.org/hosted-git-info 53ms (cache miss)
1775 silly packumentCache full:https://registry.npmjs.org/hosted-git-info set size:undefined disposed:false
1776 silly fetch manifest cli-spinners@^2.0.0
1777 silly packumentCache full:https://registry.npmjs.org/cli-spinners cache-miss
1778 http fetch GET 200 https://registry.npmjs.org/log-symbols 42ms (cache miss)
1779 silly packumentCache full:https://registry.npmjs.org/log-symbols set size:undefined disposed:false
1780 silly fetch manifest react-is@^18.0.0
1781 silly packumentCache full:https://registry.npmjs.org/react-is cache-miss
1782 http fetch GET 200 https://registry.npmjs.org/strip-ansi 47ms (cache miss)
1783 silly packumentCache full:https://registry.npmjs.org/strip-ansi set size:undefined disposed:false
1784 silly fetch manifest ansi-styles@^5.0.0
1785 silly packumentCache full:https://registry.npmjs.org/ansi-styles cache-miss
1786 http cache https://registry.npmjs.org/ansi-styles 3ms (cache hit)
1787 silly packumentCache full:https://registry.npmjs.org/ansi-styles set size:63233 disposed:false
1788 silly fetch manifest @jest/schemas@^29.6.3
1789 silly packumentCache full:https://registry.npmjs.org/@jest%2fschemas cache-miss
1790 http fetch GET 200 https://registry.npmjs.org/cli-spinners 40ms (cache miss)
1791 silly packumentCache full:https://registry.npmjs.org/cli-spinners set size:undefined disposed:false
1792 silly fetch manifest kleur@^3.0.3
1793 silly packumentCache full:https://registry.npmjs.org/kleur cache-miss
1794 http fetch GET 200 https://registry.npmjs.org/foreground-child 218ms (cache miss)
1795 silly packumentCache full:https://registry.npmjs.org/foreground-child set size:undefined disposed:false
1796 silly fetch manifest sisteransi@^1.0.5
1797 silly packumentCache full:https://registry.npmjs.org/sisteransi cache-miss
1798 http fetch GET 200 https://registry.npmjs.org/package-json-from-dist 220ms (cache miss)
1799 silly packumentCache full:https://registry.npmjs.org/package-json-from-dist set size:undefined disposed:false
1800 silly fetch manifest nested-error-stacks@~2.0.1
1801 silly packumentCache full:https://registry.npmjs.org/nested-error-stacks cache-miss
1802 http fetch GET 200 https://registry.npmjs.org/kleur 42ms (cache miss)
1803 silly packumentCache full:https://registry.npmjs.org/kleur set size:undefined disposed:false
1804 silly fetch manifest rc@~1.2.7
1805 silly packumentCache full:https://registry.npmjs.org/rc cache-miss
1806 http fetch GET 200 https://registry.npmjs.org/@jest%2fschemas 102ms (cache miss)
1807 silly packumentCache full:https://registry.npmjs.org/@jest%2fschemas set size:undefined disposed:false
1808 silly fetch manifest resolve@~1.7.1
1809 silly packumentCache full:https://registry.npmjs.org/resolve cache-miss
1810 http cache https://registry.npmjs.org/resolve 5ms (cache hit)
1811 silly packumentCache full:https://registry.npmjs.org/resolve set size:252941 disposed:false
1812 silly fetch manifest es-errors@^1.3.0
1813 silly packumentCache full:https://registry.npmjs.org/es-errors cache-miss
1814 http fetch GET 200 https://registry.npmjs.org/validate-npm-package-name 216ms (cache miss)
1815 silly packumentCache full:https://registry.npmjs.org/validate-npm-package-name set size:undefined disposed:false
1816 silly fetch manifest is-core-module@^2.16.1
1817 silly packumentCache full:https://registry.npmjs.org/is-core-module cache-miss
1818 http fetch GET 200 https://registry.npmjs.org/cli-cursor 216ms (cache miss)
1819 silly packumentCache full:https://registry.npmjs.org/cli-cursor set size:undefined disposed:false
1820 silly fetch manifest path-parse@^1.0.7
1821 silly packumentCache full:https://registry.npmjs.org/path-parse cache-miss
1822 http fetch GET 200 https://registry.npmjs.org/path-parse 33ms (cache miss)
1823 silly packumentCache full:https://registry.npmjs.org/path-parse set size:undefined disposed:false
1824 silly fetch manifest supports-preserve-symlinks-flag@^1.0.0
1825 silly packumentCache full:https://registry.npmjs.org/supports-preserve-symlinks-flag cache-miss
1826 http fetch GET 200 https://registry.npmjs.org/react-is 181ms (cache miss)
1827 silly packumentCache full:https://registry.npmjs.org/react-is set size:undefined disposed:false
1828 silly fetch manifest depd@2.0.0
1829 silly packumentCache full:https://registry.npmjs.org/depd cache-miss
1830 http fetch GET 200 https://registry.npmjs.org/supports-preserve-symlinks-flag 49ms (cache miss)
1831 silly packumentCache full:https://registry.npmjs.org/supports-preserve-symlinks-flag set size:undefined disposed:false
1832 silly fetch manifest etag@~1.8.1
1833 silly packumentCache full:https://registry.npmjs.org/etag cache-miss
1834 http fetch GET 200 https://registry.npmjs.org/sisteransi 209ms (cache miss)
1835 silly packumentCache full:https://registry.npmjs.org/sisteransi set size:undefined disposed:false
1836 silly fetch manifest mime@1.6.0
1837 silly packumentCache full:https://registry.npmjs.org/mime cache-miss
1838 http fetch GET 200 https://registry.npmjs.org/nested-error-stacks 217ms (cache miss)
1839 silly packumentCache full:https://registry.npmjs.org/nested-error-stacks set size:undefined disposed:false
1840 silly fetch manifest fresh@~0.5.2
1841 silly packumentCache full:https://registry.npmjs.org/fresh cache-miss
1842 http fetch GET 200 https://registry.npmjs.org/etag 29ms (cache miss)
1843 silly packumentCache full:https://registry.npmjs.org/etag set size:undefined disposed:false
1844 silly fetch manifest destroy@1.2.0
1845 silly packumentCache full:https://registry.npmjs.org/destroy cache-miss
1846 http fetch GET 200 https://registry.npmjs.org/depd 34ms (cache miss)
1847 silly packumentCache full:https://registry.npmjs.org/depd set size:undefined disposed:false
1848 silly fetch manifest statuses@~2.0.2
1849 silly packumentCache full:https://registry.npmjs.org/statuses cache-miss
1850 http fetch GET 200 https://registry.npmjs.org/mime 39ms (cache miss)
1851 silly packumentCache full:https://registry.npmjs.org/mime set size:undefined disposed:false
1852 silly fetch manifest encodeurl@~2.0.0
1853 silly packumentCache full:https://registry.npmjs.org/encodeurl cache-miss
1854 http fetch GET 200 https://registry.npmjs.org/rc 218ms (cache miss)
1855 silly packumentCache full:https://registry.npmjs.org/rc set size:undefined disposed:false
1856 silly fetch manifest escape-html@~1.0.3
1857 silly packumentCache full:https://registry.npmjs.org/escape-html cache-miss
1858 http fetch GET 200 https://registry.npmjs.org/fresh 35ms (cache miss)
1859 silly packumentCache full:https://registry.npmjs.org/fresh set size:undefined disposed:false
1860 silly fetch manifest http-errors@~2.0.1
1861 silly packumentCache full:https://registry.npmjs.org/http-errors cache-miss
1862 http fetch GET 200 https://registry.npmjs.org/statuses 33ms (cache miss)
1863 silly packumentCache full:https://registry.npmjs.org/statuses set size:undefined disposed:false
1864 silly fetch manifest on-finished@~2.4.1
1865 silly packumentCache full:https://registry.npmjs.org/on-finished cache-miss
1866 http fetch GET 200 https://registry.npmjs.org/encodeurl 36ms (cache miss)
1867 silly packumentCache full:https://registry.npmjs.org/encodeurl set size:undefined disposed:false
1868 silly fetch manifest range-parser@~1.2.1
1869 silly packumentCache full:https://registry.npmjs.org/range-parser cache-miss
1870 http fetch GET 200 https://registry.npmjs.org/escape-html 40ms (cache miss)
1871 silly packumentCache full:https://registry.npmjs.org/escape-html set size:undefined disposed:false
1872 silly fetch manifest buffer-from@^1.0.0
1873 silly packumentCache full:https://registry.npmjs.org/buffer-from cache-miss
1874 http fetch GET 200 https://registry.npmjs.org/on-finished 33ms (cache miss)
1875 silly packumentCache full:https://registry.npmjs.org/on-finished set size:undefined disposed:false
1876 silly fetch manifest source-map@^0.6.0
1877 silly packumentCache full:https://registry.npmjs.org/source-map cache-miss
1878 http fetch GET 200 https://registry.npmjs.org/es-errors 204ms (cache miss)
1879 silly packumentCache full:https://registry.npmjs.org/es-errors set size:undefined disposed:false
1880 silly fetch manifest type-fest@^0.7.1
1881 silly packumentCache full:https://registry.npmjs.org/type-fest cache-miss
1882 http fetch GET 200 https://registry.npmjs.org/range-parser 42ms (cache miss)
1883 silly packumentCache full:https://registry.npmjs.org/range-parser set size:undefined disposed:false
1884 silly fetch manifest chownr@^2.0.0
1885 silly packumentCache full:https://registry.npmjs.org/chownr cache-miss
1886 http fetch GET 200 https://registry.npmjs.org/buffer-from 42ms (cache miss)
1887 silly packumentCache full:https://registry.npmjs.org/buffer-from set size:undefined disposed:false
1888 silly fetch manifest mkdirp@^1.0.3
1889 silly packumentCache full:https://registry.npmjs.org/mkdirp cache-miss
1890 http fetch GET 200 https://registry.npmjs.org/is-core-module 231ms (cache miss)
1891 silly packumentCache full:https://registry.npmjs.org/is-core-module set size:undefined disposed:false
1892 silly fetch manifest yallist@^4.0.0
1893 silly packumentCache full:https://registry.npmjs.org/yallist cache-miss
1894 http cache https://registry.npmjs.org/yallist 2ms (cache hit)
1895 silly packumentCache full:https://registry.npmjs.org/yallist set size:34610 disposed:false
1896 silly fetch manifest minipass@^5.0.0
1897 silly packumentCache full:https://registry.npmjs.org/minipass cache-hit
1898 silly fetch manifest minizlib@^2.1.1
1899 silly packumentCache full:https://registry.npmjs.org/minizlib cache-miss
1900 http cache https://registry.npmjs.org/mkdirp 8ms (cache hit)
1901 silly packumentCache full:https://registry.npmjs.org/mkdirp set size:116431 disposed:false
1902 silly fetch manifest fs-minipass@^2.0.0
1903 silly packumentCache full:https://registry.npmjs.org/fs-minipass cache-miss
1904 http cache https://registry.npmjs.org/fs-minipass 9ms (cache hit)
1905 silly packumentCache full:https://registry.npmjs.org/fs-minipass set size:44606 disposed:false
1906 silly fetch manifest del@^6.0.0
1907 silly packumentCache full:https://registry.npmjs.org/del cache-miss
1908 http fetch GET 200 https://registry.npmjs.org/type-fest 58ms (cache miss)
1909 silly packumentCache full:https://registry.npmjs.org/type-fest set size:undefined disposed:false
1910 silly fetch manifest is-stream@^2.0.0
1911 silly packumentCache full:https://registry.npmjs.org/is-stream cache-miss
1912 http fetch GET 200 https://registry.npmjs.org/minizlib 42ms (cache miss)
1913 silly packumentCache full:https://registry.npmjs.org/minizlib set size:undefined disposed:false
1914 silly fetch manifest type-fest@^0.16.0
1915 silly packumentCache full:https://registry.npmjs.org/type-fest cache-miss
1916 http cache https://registry.npmjs.org/type-fest 4ms (cache hit)
1917 silly packumentCache full:https://registry.npmjs.org/type-fest set size:560517 disposed:false
1918 silly fetch manifest unique-string@^2.0.0
1919 silly packumentCache full:https://registry.npmjs.org/unique-string cache-miss
1920 http cache https://registry.npmjs.org/unique-string 7ms (cache hit)
1921 silly packumentCache full:https://registry.npmjs.org/unique-string set size:8164 disposed:false
1922 silly fetch manifest ansi-escapes@^4.2.1
1923 silly packumentCache full:https://registry.npmjs.org/ansi-escapes cache-miss
1924 http fetch GET 200 https://registry.npmjs.org/destroy 228ms (cache miss)
1925 silly packumentCache full:https://registry.npmjs.org/destroy set size:undefined disposed:false
1926 silly fetch manifest supports-hyperlinks@^2.0.0
1927 silly packumentCache full:https://registry.npmjs.org/supports-hyperlinks cache-miss
1928 http fetch GET 200 https://registry.npmjs.org/http-errors 226ms (cache miss)
1929 silly packumentCache full:https://registry.npmjs.org/http-errors set size:undefined disposed:false
1930 silly fetch manifest crypto-random-string@^2.0.0
1931 silly packumentCache full:https://registry.npmjs.org/crypto-random-string cache-miss
1932 http fetch GET 200 https://registry.npmjs.org/source-map 233ms (cache miss)
1933 silly packumentCache full:https://registry.npmjs.org/source-map set size:undefined disposed:false
1934 silly fetch manifest strip-ansi@^6.0.0
1935 silly packumentCache full:https://registry.npmjs.org/strip-ansi cache-miss
1936 http cache https://registry.npmjs.org/strip-ansi 7ms (cache hit)
1937 silly packumentCache full:https://registry.npmjs.org/strip-ansi set size:44998 disposed:false
1938 silly fetch manifest ansi-styles@^4.0.0
1939 silly packumentCache full:https://registry.npmjs.org/ansi-styles cache-hit
1940 silly fetch manifest string-width@^4.1.0
1941 silly packumentCache full:https://registry.npmjs.org/string-width cache-miss
1942 http fetch GET 200 https://registry.npmjs.org/chownr 228ms (cache miss)
1943 silly packumentCache full:https://registry.npmjs.org/chownr set size:undefined disposed:false
1944 http fetch GET 200 https://registry.npmjs.org/is-stream 212ms (cache miss)
1945 silly packumentCache full:https://registry.npmjs.org/is-stream set size:undefined disposed:false
1946 http fetch GET 200 https://registry.npmjs.org/string-width 35ms (cache miss)
1947 silly packumentCache full:https://registry.npmjs.org/string-width set size:undefined disposed:false
1948 http fetch GET 200 https://registry.npmjs.org/del 224ms (cache miss)
1949 silly packumentCache full:https://registry.npmjs.org/del set size:undefined disposed:false
1950 http fetch GET 200 https://registry.npmjs.org/ansi-escapes 219ms (cache miss)
1951 silly packumentCache full:https://registry.npmjs.org/ansi-escapes set size:undefined disposed:false
1952 http fetch GET 200 https://registry.npmjs.org/supports-hyperlinks 220ms (cache miss)
1953 silly packumentCache full:https://registry.npmjs.org/supports-hyperlinks set size:undefined disposed:false
1954 http fetch GET 200 https://registry.npmjs.org/crypto-random-string 240ms (cache miss)
1955 silly packumentCache full:https://registry.npmjs.org/crypto-random-string set size:undefined disposed:false
1956 silly placeDep node_modules/@expo/config @babel/code-frame@7.10.4 OK for: @expo/config@10.0.11 want: ~7.10.4
1957 silly placeDep ROOT @expo/config-types@52.0.5 OK for: @expo/config@10.0.11 want: ^52.0.5
1958 silly placeDep ROOT deepmerge@4.3.1 OK for: @expo/config@10.0.11 want: ^4.3.1
1959 silly placeDep ROOT resolve-workspace-root@2.0.1 OK for: @expo/config@10.0.11 want: ^2.0.0
1960 silly placeDep node_modules/@expo/config semver@7.8.0 OK for: @expo/config@10.0.11 want: ^7.6.0
1961 silly placeDep ROOT sucrase@3.35.0 OK for: @expo/config@10.0.11 want: 3.35.0
1962 silly fetch manifest @babel/highlight@^7.10.4
1963 silly packumentCache full:https://registry.npmjs.org/@babel%2fhighlight cache-miss
1964 silly fetch manifest mz@^2.7.0
1965 silly packumentCache full:https://registry.npmjs.org/mz cache-miss
1966 silly fetch manifest pirates@^4.0.1
1967 silly packumentCache full:https://registry.npmjs.org/pirates cache-miss
1968 silly fetch manifest commander@^4.0.0
1969 silly packumentCache full:https://registry.npmjs.org/commander cache-hit
1970 silly fetch manifest lines-and-columns@^1.1.6
1971 silly packumentCache full:https://registry.npmjs.org/lines-and-columns cache-miss
1972 silly fetch manifest ts-interface-checker@^0.1.9
1973 silly packumentCache full:https://registry.npmjs.org/ts-interface-checker cache-miss
1974 http fetch GET 200 https://registry.npmjs.org/pirates 48ms (cache miss)
1975 silly packumentCache full:https://registry.npmjs.org/pirates set size:undefined disposed:false
1976 http fetch GET 200 https://registry.npmjs.org/mz 52ms (cache miss)
1977 silly packumentCache full:https://registry.npmjs.org/mz set size:undefined disposed:false
1978 http fetch GET 200 https://registry.npmjs.org/ts-interface-checker 53ms (cache miss)
1979 silly packumentCache full:https://registry.npmjs.org/ts-interface-checker set size:undefined disposed:false
1980 http fetch GET 200 https://registry.npmjs.org/@babel%2fhighlight 56ms (cache miss)
1981 silly packumentCache full:https://registry.npmjs.org/@babel%2fhighlight set size:undefined disposed:false
1982 http fetch GET 200 https://registry.npmjs.org/lines-and-columns 233ms (cache miss)
1983 silly packumentCache full:https://registry.npmjs.org/lines-and-columns set size:undefined disposed:false
1984 silly placeDep node_modules/@expo/config-plugins @expo/json-file@9.0.2 OK for: @expo/config-plugins@9.0.17 want: ~9.0.2
1985 silly placeDep ROOT @expo/sdk-runtime-versions@1.0.0 OK for: @expo/config-plugins@9.0.17 want: ^1.0.0
1986 silly placeDep node_modules/@expo/config-plugins semver@7.8.0 OK for: @expo/config-plugins@9.0.17 want: ^7.5.4
1987 silly placeDep ROOT slash@3.0.0 OK for: @expo/config-plugins@9.0.17 want: ^3.0.0
1988 silly placeDep ROOT xcode@3.0.1 OK for: @expo/config-plugins@9.0.17 want: ^3.0.1
1989 silly placeDep ROOT xml2js@0.6.0 OK for: @expo/config-plugins@9.0.17 want: 0.6.0
1990 silly fetch manifest write-file-atomic@^2.3.0
1991 silly packumentCache full:https://registry.npmjs.org/write-file-atomic cache-miss
1992 silly fetch manifest uuid@^7.0.3
1993 silly packumentCache full:https://registry.npmjs.org/uuid cache-miss
1994 silly fetch manifest simple-plist@^1.1.0
1995 silly packumentCache full:https://registry.npmjs.org/simple-plist cache-miss
1996 silly fetch manifest sax@>=0.6.0
1997 silly packumentCache full:https://registry.npmjs.org/sax cache-miss
1998 silly fetch manifest xmlbuilder@~11.0.0
1999 silly packumentCache full:https://registry.npmjs.org/xmlbuilder cache-miss
2000 http cache https://registry.npmjs.org/xmlbuilder 11ms (cache hit)
2001 silly packumentCache full:https://registry.npmjs.org/xmlbuilder set size:158707 disposed:false
2002 http cache https://registry.npmjs.org/uuid 16ms (cache hit)
2003 silly packumentCache full:https://registry.npmjs.org/uuid set size:234700 disposed:false
2004 http fetch GET 200 https://registry.npmjs.org/simple-plist 34ms (cache miss)
2005 silly packumentCache full:https://registry.npmjs.org/simple-plist set size:undefined disposed:false
2006 http fetch GET 200 https://registry.npmjs.org/write-file-atomic 36ms (cache miss)
2007 silly packumentCache full:https://registry.npmjs.org/write-file-atomic set size:undefined disposed:false
2008 http fetch GET 200 https://registry.npmjs.org/sax 234ms (cache miss)
2009 silly packumentCache full:https://registry.npmjs.org/sax set size:undefined disposed:false
2010 silly placeDep ROOT @expo/sudo-prompt@9.3.2 OK for: @expo/devcert@1.2.1 want: ^9.3.1
2011 silly placeDep node_modules/@expo/devcert debug@3.2.7 OK for: @expo/devcert@1.2.1 want: ^3.1.0
2012 silly placeDep ROOT dotenv@16.4.7 OK for: @expo/env@0.4.2 want: ~16.4.5
2013 silly placeDep ROOT dotenv-expand@11.0.7 OK for: @expo/env@0.4.2 want: ~11.0.6
2014 silly placeDep ROOT find-up@5.0.0 OK for: @expo/fingerprint@0.11.11 want: ^5.0.0
2015 silly placeDep ROOT p-limit@3.1.0 OK for: @expo/fingerprint@0.11.11 want: ^3.1.0
2016 silly placeDep node_modules/@expo/fingerprint semver@7.8.0 OK for: @expo/fingerprint@0.11.11 want: ^7.6.0
2017 silly fetch manifest locate-path@^6.0.0
2018 silly packumentCache full:https://registry.npmjs.org/locate-path cache-miss
2019 silly fetch manifest path-exists@^4.0.0
2020 silly packumentCache full:https://registry.npmjs.org/path-exists cache-miss
2021 silly fetch manifest yocto-queue@^0.1.0
2022 silly packumentCache full:https://registry.npmjs.org/yocto-queue cache-miss
2023 http fetch GET 200 https://registry.npmjs.org/yocto-queue 44ms (cache miss)
2024 silly packumentCache full:https://registry.npmjs.org/yocto-queue set size:undefined disposed:false
2025 http fetch GET 200 https://registry.npmjs.org/path-exists 57ms (cache miss)
2026 silly packumentCache full:https://registry.npmjs.org/path-exists set size:undefined disposed:false
2027 http fetch GET 200 https://registry.npmjs.org/locate-path 226ms (cache miss)
2028 silly packumentCache full:https://registry.npmjs.org/locate-path set size:undefined disposed:false
2029 silly placeDep node_modules/@expo/image-utils fs-extra@9.0.0 OK for: @expo/image-utils@0.6.5 want: 9.0.0
2030 silly placeDep ROOT jimp-compact@0.16.1 OK for: @expo/image-utils@0.6.5 want: 0.16.1
2031 silly placeDep ROOT parse-png@2.1.0 OK for: @expo/image-utils@0.6.5 want: ^2.1.0
2032 silly placeDep node_modules/@expo/image-utils semver@7.8.0 OK for: @expo/image-utils@0.6.5 want: ^7.6.0
2033 silly fetch manifest jsonfile@^6.0.1
2034 silly packumentCache full:https://registry.npmjs.org/jsonfile cache-miss
2035 silly fetch manifest universalify@^1.0.0
2036 silly packumentCache full:https://registry.npmjs.org/universalify cache-miss
2037 silly fetch manifest at-least-node@^1.0.0
2038 silly packumentCache full:https://registry.npmjs.org/at-least-node cache-miss
2039 silly fetch manifest pngjs@^3.3.0
2040 silly packumentCache full:https://registry.npmjs.org/pngjs cache-miss
2041 http cache https://registry.npmjs.org/universalify 11ms (cache hit)
2042 silly packumentCache full:https://registry.npmjs.org/universalify set size:19431 disposed:false
2043 http cache https://registry.npmjs.org/jsonfile 12ms (cache hit)
2044 silly packumentCache full:https://registry.npmjs.org/jsonfile set size:53210 disposed:false
2045 http fetch GET 200 https://registry.npmjs.org/at-least-node 48ms (cache miss)
2046 silly packumentCache full:https://registry.npmjs.org/at-least-node set size:undefined disposed:false
2047 http fetch GET 200 https://registry.npmjs.org/pngjs 48ms (cache miss)
2048 silly packumentCache full:https://registry.npmjs.org/pngjs set size:undefined disposed:false
2049 silly placeDep node_modules/@expo/json-file @babel/code-frame@7.10.4 OK for: @expo/json-file@9.1.5 want: ~7.10.4
2050 silly placeDep node_modules/@expo/metro-config @expo/json-file@9.0.2 OK for: @expo/metro-config@0.19.12 want: ~9.0.2
2051 silly placeDep node_modules/@expo/metro-config fs-extra@9.1.0 OK for: @expo/metro-config@0.19.12 want: ^9.1.0
2052 silly placeDep ROOT jsc-safe-url@0.2.4 OK for: @expo/metro-config@0.19.12 want: ^0.2.4
2053 silly placeDep ROOT lightningcss@1.27.0 OK for: @expo/metro-config@0.19.12 want: ~1.27.0
2054 silly placeDep ROOT postcss@8.4.49 OK for: @expo/metro-config@0.19.12 want: ~8.4.32
2055 silly fetch manifest universalify@^2.0.0
2056 silly packumentCache full:https://registry.npmjs.org/universalify cache-hit
2057 silly fetch manifest detect-libc@^1.0.3
2058 silly packumentCache full:https://registry.npmjs.org/detect-libc cache-miss
2059 silly fetch manifest lightningcss-darwin-x64@1.27.0
2060 silly packumentCache full:https://registry.npmjs.org/lightningcss-darwin-x64 cache-miss
2061 silly fetch manifest lightningcss-freebsd-x64@1.27.0
2062 silly packumentCache full:https://registry.npmjs.org/lightningcss-freebsd-x64 cache-miss
2063 silly fetch manifest lightningcss-darwin-arm64@1.27.0
2064 silly packumentCache full:https://registry.npmjs.org/lightningcss-darwin-arm64 cache-miss
2065 silly fetch manifest lightningcss-linux-x64-gnu@1.27.0
2066 silly packumentCache full:https://registry.npmjs.org/lightningcss-linux-x64-gnu cache-miss
2067 silly fetch manifest lightningcss-linux-x64-musl@1.27.0
2068 silly packumentCache full:https://registry.npmjs.org/lightningcss-linux-x64-musl cache-miss
2069 silly fetch manifest lightningcss-win32-x64-msvc@1.27.0
2070 silly packumentCache full:https://registry.npmjs.org/lightningcss-win32-x64-msvc cache-miss
2071 http fetch GET 200 https://registry.npmjs.org/detect-libc 50ms (cache miss)
2072 silly packumentCache full:https://registry.npmjs.org/detect-libc set size:undefined disposed:false
2073 silly fetch manifest lightningcss-linux-arm64-gnu@1.27.0
2074 silly packumentCache full:https://registry.npmjs.org/lightningcss-linux-arm64-gnu cache-miss
2075 http fetch GET 200 https://registry.npmjs.org/lightningcss-linux-x64-gnu 51ms (cache miss)
2076 silly packumentCache full:https://registry.npmjs.org/lightningcss-linux-x64-gnu set size:undefined disposed:false
2077 silly fetch manifest lightningcss-linux-arm64-musl@1.27.0
2078 silly packumentCache full:https://registry.npmjs.org/lightningcss-linux-arm64-musl cache-miss
2079 http fetch GET 200 https://registry.npmjs.org/lightningcss-freebsd-x64 53ms (cache miss)
2080 silly packumentCache full:https://registry.npmjs.org/lightningcss-freebsd-x64 set size:undefined disposed:false
2081 silly fetch manifest lightningcss-win32-arm64-msvc@1.27.0
2082 silly packumentCache full:https://registry.npmjs.org/lightningcss-win32-arm64-msvc cache-miss
2083 http fetch GET 200 https://registry.npmjs.org/lightningcss-darwin-x64 55ms (cache miss)
2084 silly packumentCache full:https://registry.npmjs.org/lightningcss-darwin-x64 set size:undefined disposed:false
2085 silly fetch manifest lightningcss-linux-arm-gnueabihf@1.27.0
2086 silly packumentCache full:https://registry.npmjs.org/lightningcss-linux-arm-gnueabihf cache-miss
2087 http fetch GET 200 https://registry.npmjs.org/lightningcss-linux-x64-musl 67ms (cache miss)
2088 silly packumentCache full:https://registry.npmjs.org/lightningcss-linux-x64-musl set size:undefined disposed:false
2089 silly fetch manifest nanoid@^3.3.7
2090 silly packumentCache full:https://registry.npmjs.org/nanoid cache-miss
2091 http fetch GET 200 https://registry.npmjs.org/lightningcss-win32-x64-msvc 67ms (cache miss)
2092 silly packumentCache full:https://registry.npmjs.org/lightningcss-win32-x64-msvc set size:undefined disposed:false
2093 silly fetch manifest source-map-js@^1.2.1
2094 silly packumentCache full:https://registry.npmjs.org/source-map-js cache-miss
2095 http fetch GET 200 https://registry.npmjs.org/lightningcss-linux-arm64-musl 36ms (cache miss)
2096 silly packumentCache full:https://registry.npmjs.org/lightningcss-linux-arm64-musl set size:undefined disposed:false
2097 http fetch GET 200 https://registry.npmjs.org/lightningcss-win32-arm64-msvc 49ms (cache miss)
2098 silly packumentCache full:https://registry.npmjs.org/lightningcss-win32-arm64-msvc set size:undefined disposed:false
2099 http fetch GET 200 https://registry.npmjs.org/lightningcss-linux-arm-gnueabihf 39ms (cache miss)
2100 silly packumentCache full:https://registry.npmjs.org/lightningcss-linux-arm-gnueabihf set size:undefined disposed:false
2101 http fetch GET 200 https://registry.npmjs.org/lightningcss-darwin-arm64 236ms (cache miss)
2102 silly packumentCache full:https://registry.npmjs.org/lightningcss-darwin-arm64 set size:undefined disposed:false
2103 http fetch GET 200 https://registry.npmjs.org/lightningcss-linux-arm64-gnu 218ms (cache miss)
2104 silly packumentCache full:https://registry.npmjs.org/lightningcss-linux-arm64-gnu set size:undefined disposed:false
2105 http fetch GET 200 https://registry.npmjs.org/source-map-js 229ms (cache miss)
2106 silly packumentCache full:https://registry.npmjs.org/source-map-js set size:undefined disposed:false
2107 http fetch GET 200 https://registry.npmjs.org/nanoid 235ms (cache miss)
2108 silly packumentCache full:https://registry.npmjs.org/nanoid set size:undefined disposed:false
2109 silly placeDep node_modules/@expo/package-manager @expo/json-file@10.0.14 OK for: @expo/package-manager@1.10.5 want: ^10.0.14
2110 silly placeDep ROOT @xmldom/xmldom@0.7.13 OK for: @expo/plist@0.2.2 want: ~0.7.7
2111 silly placeDep ROOT base64-js@1.5.1 OK for: @expo/plist@0.2.2 want: ^1.2.3
2112 silly placeDep ROOT xmlbuilder@14.0.0 OK for: @expo/plist@0.2.2 want: ^14.0.0
2113 silly placeDep ROOT @react-native/normalize-colors@0.76.9 OK for: @expo/prebuild-config@8.2.0 want: 0.76.9
2114 silly placeDep node_modules/@expo/prebuild-config fs-extra@9.1.0 OK for: @expo/prebuild-config@8.2.0 want: ^9.0.0
2115 silly placeDep node_modules/@expo/prebuild-config semver@7.8.0 OK for: @expo/prebuild-config@8.2.0 want: ^7.6.0
2116 silly fetch manifest encoding@^0.1.0
2117 silly packumentCache full:https://registry.npmjs.org/encoding cache-miss
2118 http fetch GET 200 https://registry.npmjs.org/encoding 38ms (cache miss)
2119 silly packumentCache full:https://registry.npmjs.org/encoding set size:undefined disposed:false
2120 silly placeDep ROOT @expo/bunyan@4.0.1 OK for: @expo/rudder-sdk-node@1.1.1 want: ^4.0.0
2121 silly placeDep ROOT @segment/loosely-validate-event@2.0.0 OK for: @expo/rudder-sdk-node@1.1.1 want: ^2.0.0
2122 silly placeDep ROOT fetch-retry@4.1.1 OK for: @expo/rudder-sdk-node@1.1.1 want: ^4.1.1
2123 silly placeDep ROOT md5@2.3.0 OK for: @expo/rudder-sdk-node@1.1.1 want: ^2.2.1
2124 silly placeDep ROOT node-fetch@2.7.0 OK for: @expo/rudder-sdk-node@1.1.1 want: ^2.6.1
2125 silly placeDep ROOT remove-trailing-slash@0.1.1 OK for: @expo/rudder-sdk-node@1.1.1 want: ^0.1.0
2126 silly placeDep ROOT uuid@8.3.2 OK for: @expo/rudder-sdk-node@1.1.1 want: ^8.3.2
2127 silly fetch manifest uuid@^8.0.0
2128 silly packumentCache full:https://registry.npmjs.org/uuid cache-hit
2129 silly fetch manifest component-type@^1.2.1
2130 silly packumentCache full:https://registry.npmjs.org/component-type cache-miss
2131 silly fetch manifest join-component@^1.1.0
2132 silly packumentCache full:https://registry.npmjs.org/join-component cache-miss
2133 silly fetch manifest crypt@0.0.2
2134 silly packumentCache full:https://registry.npmjs.org/crypt cache-miss
2135 silly fetch manifest charenc@0.0.2
2136 silly packumentCache full:https://registry.npmjs.org/charenc cache-miss
2137 silly fetch manifest is-buffer@~1.1.6
2138 silly packumentCache full:https://registry.npmjs.org/is-buffer cache-miss
2139 silly fetch manifest whatwg-url@^5.0.0
2140 silly packumentCache full:https://registry.npmjs.org/whatwg-url cache-miss
2141 http fetch GET 200 https://registry.npmjs.org/crypt 48ms (cache miss)
2142 silly packumentCache full:https://registry.npmjs.org/crypt set size:undefined disposed:false
2143 http fetch GET 200 https://registry.npmjs.org/join-component 49ms (cache miss)
2144 silly packumentCache full:https://registry.npmjs.org/join-component set size:undefined disposed:false
2145 http fetch GET 200 https://registry.npmjs.org/is-buffer 62ms (cache miss)
2146 silly packumentCache full:https://registry.npmjs.org/is-buffer set size:undefined disposed:false
2147 http fetch GET 200 https://registry.npmjs.org/charenc 227ms (cache miss)
2148 silly packumentCache full:https://registry.npmjs.org/charenc set size:undefined disposed:false
2149 http fetch GET 200 https://registry.npmjs.org/component-type 228ms (cache miss)
2150 silly packumentCache full:https://registry.npmjs.org/component-type set size:undefined disposed:false
2151 http fetch GET 200 https://registry.npmjs.org/whatwg-url 376ms (cache miss)
2152 silly packumentCache full:https://registry.npmjs.org/whatwg-url set size:undefined disposed:false
2153 silly placeDep ROOT cross-spawn@7.0.6 OK for: @expo/spawn-async@1.7.2 want: ^7.0.3
2154 silly fetch manifest which@^2.0.1
2155 silly packumentCache full:https://registry.npmjs.org/which cache-miss
2156 silly fetch manifest path-key@^3.1.0
2157 silly packumentCache full:https://registry.npmjs.org/path-key cache-miss
2158 silly fetch manifest shebang-command@^2.0.0
2159 silly packumentCache full:https://registry.npmjs.org/shebang-command cache-miss
2160 http fetch GET 200 https://registry.npmjs.org/shebang-command 40ms (cache miss)
2161 silly packumentCache full:https://registry.npmjs.org/shebang-command set size:undefined disposed:false
2162 http fetch GET 200 https://registry.npmjs.org/which 41ms (cache miss)
2163 silly packumentCache full:https://registry.npmjs.org/which set size:undefined disposed:false
2164 http fetch GET 200 https://registry.npmjs.org/path-key 234ms (cache miss)
2165 silly packumentCache full:https://registry.npmjs.org/path-key set size:undefined disposed:false
2166 silly placeDep ROOT js-yaml@4.1.1 OK for: @expo/xcpretty@4.4.4 want: ^4.1.0
2167 silly fetch manifest argparse@^2.0.1
2168 silly packumentCache full:https://registry.npmjs.org/argparse cache-miss
2169 http fetch GET 200 https://registry.npmjs.org/argparse 36ms (cache miss)
2170 silly packumentCache full:https://registry.npmjs.org/argparse set size:undefined disposed:false
2171 silly placeDep ROOT @isaacs/ttlcache@1.4.1 OK for: @react-native/dev-middleware@0.76.9 want: ^1.4.1
2172 silly placeDep ROOT @react-native/debugger-frontend@0.76.9 OK for: @react-native/dev-middleware@0.76.9 want: 0.76.9
2173 silly placeDep ROOT chrome-launcher@0.15.2 OK for: @react-native/dev-middleware@0.76.9 want: ^0.15.2
2174 silly placeDep ROOT chromium-edge-launcher@0.2.0 OK for: @react-native/dev-middleware@0.76.9 want: ^0.2.0
2175 silly placeDep node_modules/@react-native/dev-middleware debug@2.6.9 OK for: @react-native/dev-middleware@0.76.9 want: ^2.2.0
2176 silly placeDep ROOT invariant@2.2.4 OK for: @react-native/dev-middleware@0.76.9 want: ^2.2.4
2177 silly placeDep ROOT nullthrows@1.1.1 OK for: @react-native/dev-middleware@0.76.9 want: ^1.1.1
2178 silly placeDep ROOT open@7.4.2 OK for: @react-native/dev-middleware@0.76.9 want: ^7.0.3
2179 silly placeDep ROOT selfsigned@2.4.1 OK for: @react-native/dev-middleware@0.76.9 want: ^2.4.1
2180 silly placeDep ROOT serve-static@1.16.3 OK for: @react-native/dev-middleware@0.76.9 want: ^1.13.1
2181 silly placeDep node_modules/@react-native/dev-middleware ws@6.2.3 OK for: @react-native/dev-middleware@0.76.9 want: ^6.2.3
2182 silly fetch manifest @types/node@*
2183 silly packumentCache full:https://registry.npmjs.org/@types%2fnode cache-miss
2184 silly fetch manifest lighthouse-logger@^1.0.0
2185 silly packumentCache full:https://registry.npmjs.org/lighthouse-logger cache-miss
2186 silly fetch manifest escape-string-regexp@^4.0.0
2187 silly packumentCache full:https://registry.npmjs.org/escape-string-regexp cache-miss
2188 silly fetch manifest mkdirp@^1.0.4
2189 silly packumentCache full:https://registry.npmjs.org/mkdirp cache-hit
2190 silly fetch manifest rimraf@^3.0.2
2191 silly packumentCache full:https://registry.npmjs.org/rimraf cache-miss
2192 silly fetch manifest @types/node@*
2193 silly packumentCache full:https://registry.npmjs.org/@types%2fnode cache-miss
2194 silly fetch manifest lighthouse-logger@^1.0.0
2195 silly packumentCache full:https://registry.npmjs.org/lighthouse-logger cache-miss
2196 silly fetch manifest escape-string-regexp@^4.0.0
2197 silly packumentCache full:https://registry.npmjs.org/escape-string-regexp cache-miss
2198 http fetch GET 200 https://registry.npmjs.org/rimraf 51ms (cache miss)
2199 silly packumentCache full:https://registry.npmjs.org/rimraf set size:undefined disposed:false
2200 silly fetch manifest ms@2.0.0
2201 silly packumentCache full:https://registry.npmjs.org/ms cache-miss
2202 http cache https://registry.npmjs.org/ms 17ms (cache hit)
2203 silly packumentCache full:https://registry.npmjs.org/ms set size:92208 disposed:false
2204 silly fetch manifest loose-envify@^1.0.0
2205 silly packumentCache full:https://registry.npmjs.org/loose-envify cache-miss
2206 http cache https://registry.npmjs.org/loose-envify 5ms (cache hit)
2207 silly packumentCache full:https://registry.npmjs.org/loose-envify set size:12559 disposed:false
2208 silly fetch manifest @types/node-forge@^1.3.0
2209 silly packumentCache full:https://registry.npmjs.org/@types%2fnode-forge cache-miss
2210 http fetch GET 200 https://registry.npmjs.org/lighthouse-logger 220ms (cache miss)
2211 silly packumentCache full:https://registry.npmjs.org/lighthouse-logger set size:undefined disposed:false
2212 silly fetch manifest async-limiter@~1.0.0
2213 silly packumentCache full:https://registry.npmjs.org/async-limiter cache-miss
2214 http fetch GET 200 https://registry.npmjs.org/lighthouse-logger 226ms (cache miss)
2215 silly packumentCache full:https://registry.npmjs.org/lighthouse-logger set size:undefined disposed:false
2216 http fetch GET 200 https://registry.npmjs.org/@types%2fnode 264ms (cache miss)
2217 silly packumentCache full:https://registry.npmjs.org/@types%2fnode set size:undefined disposed:false
2218 http fetch GET 200 https://registry.npmjs.org/escape-string-regexp 375ms (cache miss)
2219 silly packumentCache full:https://registry.npmjs.org/escape-string-regexp set size:undefined disposed:false
2220 http fetch GET 200 https://registry.npmjs.org/escape-string-regexp 379ms (cache miss)
2221 silly packumentCache full:https://registry.npmjs.org/escape-string-regexp set size:undefined disposed:false
2222 http fetch GET 200 https://registry.npmjs.org/@types%2fnode 394ms (cache miss)
2223 silly packumentCache full:https://registry.npmjs.org/@types%2fnode set size:undefined disposed:false
2224 http fetch GET 200 https://registry.npmjs.org/async-limiter 256ms (cache miss)
2225 silly packumentCache full:https://registry.npmjs.org/async-limiter set size:undefined disposed:false
2226 http fetch GET 200 https://registry.npmjs.org/@types%2fnode-forge 437ms (cache miss)
2227 silly packumentCache full:https://registry.npmjs.org/@types%2fnode-forge set size:undefined disposed:false
2228 silly placeDep ROOT component-type@1.2.2 OK for: @segment/loosely-validate-event@2.0.0 want: ^1.2.1
2229 silly placeDep ROOT join-component@1.1.0 OK for: @segment/loosely-validate-event@2.0.0 want: ^1.1.0
2230 silly placeDep ROOT wonka@6.3.6 OK for: @urql/core@5.2.0 want: ^6.3.2
2231 silly placeDep ROOT mime-types@2.1.35 OK for: accepts@1.3.8 want: ~2.1.34
2232 silly placeDep ROOT negotiator@0.6.3 OK for: accepts@1.3.8 want: 0.6.3
2233 silly fetch manifest mime-db@1.52.0
2234 silly packumentCache full:https://registry.npmjs.org/mime-db cache-miss
2235 http fetch GET 200 https://registry.npmjs.org/mime-db 297ms (cache miss)
2236 silly packumentCache full:https://registry.npmjs.org/mime-db set size:undefined disposed:false
2237 silly fetch manifest @babel/core@^7.0.0-0
2238 silly packumentCache full:https://registry.npmjs.org/@babel%2fcore cache-hit
2239 silly placeDep ROOT @babel/plugin-proposal-decorators@7.29.0 OK for: babel-preset-expo@12.0.12 want: ^7.12.9
2240 silly placeDep ROOT @babel/plugin-transform-export-namespace-from@7.27.1 OK for: babel-preset-expo@12.0.12 want: ^7.22.11
2241 silly placeDep ROOT @babel/plugin-transform-object-rest-spread@7.28.6 OK for: babel-preset-expo@12.0.12 want: ^7.12.13
2242 silly placeDep ROOT @babel/plugin-transform-parameters@7.27.7 OK for: babel-preset-expo@12.0.12 want: ^7.22.15
2243 silly placeDep ROOT @babel/preset-react@7.28.5 OK for: babel-preset-expo@12.0.12 want: ^7.22.15
2244 silly placeDep ROOT @babel/preset-typescript@7.28.5 OK for: babel-preset-expo@12.0.12 want: ^7.23.0
2245 silly placeDep ROOT @react-native/babel-preset@0.76.9 OK for: babel-preset-expo@12.0.12 want: 0.76.9
2246 silly placeDep ROOT babel-plugin-react-native-web@0.19.13 OK for: babel-preset-expo@12.0.12 want: ~0.19.13
2247 silly placeDep ROOT react-refresh@0.14.2 OK for: babel-preset-expo@12.0.12 want: ^0.14.2
2248 silly fetch manifest @babel/helper-plugin-utils@^7.28.6
2249 silly packumentCache full:https://registry.npmjs.org/@babel%2fhelper-plugin-utils cache-miss
2250 silly fetch manifest @babel/plugin-syntax-decorators@^7.28.6
2251 silly packumentCache full:https://registry.npmjs.org/@babel%2fplugin-syntax-decorators cache-miss
2252 silly fetch manifest @babel/helper-create-class-features-plugin@^7.28.6
2253 silly packumentCache full:https://registry.npmjs.org/@babel%2fhelper-create-class-features-plugin cache-miss
2254 silly fetch manifest @babel/helper-plugin-utils@^7.27.1
2255 silly packumentCache full:https://registry.npmjs.org/@babel%2fhelper-plugin-utils cache-miss
2256 silly fetch manifest @babel/helper-plugin-utils@^7.28.6
2257 silly packumentCache full:https://registry.npmjs.org/@babel%2fhelper-plugin-utils cache-miss
2258 silly fetch manifest @babel/plugin-transform-parameters@^7.27.7
2259 silly packumentCache full:https://registry.npmjs.org/@babel%2fplugin-transform-parameters cache-miss
2260 silly fetch manifest @babel/plugin-transform-destructuring@^7.28.5
2261 silly packumentCache full:https://registry.npmjs.org/@babel%2fplugin-transform-destructuring cache-miss
2262 http cache https://registry.npmjs.org/@babel%2fplugin-transform-parameters 13ms (cache hit)
2263 silly packumentCache full:https://registry.npmjs.org/@babel%2fplugin-transform-parameters set size:273530 disposed:false
2264 silly fetch manifest @babel/helper-plugin-utils@^7.27.1
2265 silly packumentCache full:https://registry.npmjs.org/@babel%2fhelper-plugin-utils cache-miss
2266 http fetch GET 200 https://registry.npmjs.org/@babel%2fplugin-syntax-decorators 56ms (cache miss)
2267 silly packumentCache full:https://registry.npmjs.org/@babel%2fplugin-syntax-decorators set size:undefined disposed:false
2268 silly fetch manifest @babel/helper-plugin-utils@^7.27.1
2269 silly packumentCache full:https://registry.npmjs.org/@babel%2fhelper-plugin-utils cache-miss
2270 http fetch GET 200 https://registry.npmjs.org/@babel%2fhelper-create-class-features-plugin 66ms (cache miss)
2271 silly packumentCache full:https://registry.npmjs.org/@babel%2fhelper-create-class-features-plugin set size:undefined disposed:false
2272 silly fetch manifest @babel/plugin-transform-react-jsx@^7.27.1
2273 silly packumentCache full:https://registry.npmjs.org/@babel%2fplugin-transform-react-jsx cache-miss
2274 http fetch GET 200 https://registry.npmjs.org/@babel%2fplugin-transform-react-jsx 54ms (cache miss)
2275 silly packumentCache full:https://registry.npmjs.org/@babel%2fplugin-transform-react-jsx set size:undefined disposed:false
2276 silly fetch manifest @babel/plugin-transform-react-display-name@^7.28.0
2277 silly packumentCache full:https://registry.npmjs.org/@babel%2fplugin-transform-react-display-name cache-miss
2278 http fetch GET 200 https://registry.npmjs.org/@babel%2fplugin-transform-react-display-name 56ms (cache miss)
2279 silly packumentCache full:https://registry.npmjs.org/@babel%2fplugin-transform-react-display-name set size:undefined disposed:false
2280 silly fetch manifest @babel/plugin-transform-react-jsx-development@^7.27.1
2281 silly packumentCache full:https://registry.npmjs.org/@babel%2fplugin-transform-react-jsx-development cache-miss
2282 http fetch GET 200 https://registry.npmjs.org/@babel%2fplugin-transform-react-jsx-development 70ms (cache miss)
2283 silly packumentCache full:https://registry.npmjs.org/@babel%2fplugin-transform-react-jsx-development set size:undefined disposed:false
2284 silly fetch manifest @babel/plugin-transform-react-pure-annotations@^7.27.1
2285 silly packumentCache full:https://registry.npmjs.org/@babel%2fplugin-transform-react-pure-annotations cache-miss
2286 http fetch GET 200 https://registry.npmjs.org/@babel%2fhelper-plugin-utils 268ms (cache miss)
2287 silly packumentCache full:https://registry.npmjs.org/@babel%2fhelper-plugin-utils set size:undefined disposed:false
2288 silly fetch manifest @babel/plugin-syntax-jsx@^7.27.1
2289 silly packumentCache full:https://registry.npmjs.org/@babel%2fplugin-syntax-jsx cache-miss
2290 http fetch GET 200 https://registry.npmjs.org/@babel%2fhelper-plugin-utils 267ms (cache miss)
2291 silly packumentCache full:https://registry.npmjs.org/@babel%2fhelper-plugin-utils set size:undefined disposed:false
2292 silly fetch manifest @babel/helper-plugin-utils@^7.27.1
2293 silly packumentCache full:https://registry.npmjs.org/@babel%2fhelper-plugin-utils cache-miss
2294 http fetch GET 200 https://registry.npmjs.org/@babel%2fhelper-plugin-utils 269ms (cache miss)
2295 silly packumentCache full:https://registry.npmjs.org/@babel%2fhelper-plugin-utils set size:undefined disposed:false
2296 silly fetch manifest @babel/plugin-transform-typescript@^7.28.5
2297 silly packumentCache full:https://registry.npmjs.org/@babel%2fplugin-transform-typescript cache-miss
2298 http fetch GET 200 https://registry.npmjs.org/@babel%2fhelper-plugin-utils 255ms (cache miss)
2299 silly packumentCache full:https://registry.npmjs.org/@babel%2fhelper-plugin-utils set size:undefined disposed:false
2300 silly fetch manifest @babel/plugin-transform-modules-commonjs@^7.27.1
2301 silly packumentCache full:https://registry.npmjs.org/@babel%2fplugin-transform-modules-commonjs cache-miss
2302 http fetch GET 200 https://registry.npmjs.org/@babel%2fhelper-plugin-utils 216ms (cache miss)
2303 silly packumentCache full:https://registry.npmjs.org/@babel%2fhelper-plugin-utils set size:undefined disposed:false
2304 silly fetch manifest @babel/plugin-transform-for-of@^7.24.7
2305 silly packumentCache full:https://registry.npmjs.org/@babel%2fplugin-transform-for-of cache-miss
2306 http cache https://registry.npmjs.org/@babel%2fhelper-plugin-utils 17ms (cache hit)
2307 silly packumentCache full:https://registry.npmjs.org/@babel%2fhelper-plugin-utils set size:167686 disposed:false
2308 silly fetch manifest @babel/plugin-transform-spread@^7.24.7
2309 silly packumentCache full:https://registry.npmjs.org/@babel%2fplugin-transform-spread cache-miss
2310 http fetch GET 200 https://registry.npmjs.org/@babel%2fplugin-transform-react-pure-annotations 58ms (cache miss)
2311 silly packumentCache full:https://registry.npmjs.org/@babel%2fplugin-transform-react-pure-annotations set size:undefined disposed:false
2312 silly fetch manifest @babel/plugin-transform-classes@^7.25.4
2313 silly packumentCache full:https://registry.npmjs.org/@babel%2fplugin-transform-classes cache-miss
2314 http cache https://registry.npmjs.org/@babel%2fplugin-transform-classes 6ms (cache hit)
2315 silly packumentCache full:https://registry.npmjs.org/@babel%2fplugin-transform-classes set size:330663 disposed:false
2316 silly fetch manifest @babel/plugin-transform-runtime@^7.24.7
2317 silly packumentCache full:https://registry.npmjs.org/@babel%2fplugin-transform-runtime cache-miss
2318 http fetch GET 200 https://registry.npmjs.org/@babel%2fplugin-transform-spread 58ms (cache miss)
2319 silly packumentCache full:https://registry.npmjs.org/@babel%2fplugin-transform-spread set size:undefined disposed:false
2320 silly fetch manifest @babel/plugin-transform-literals@^7.25.2
2321 silly packumentCache full:https://registry.npmjs.org/@babel%2fplugin-transform-literals cache-miss
2322 http fetch GET 200 https://registry.npmjs.org/@babel%2fplugin-transform-modules-commonjs 76ms (cache miss)
2323 silly packumentCache full:https://registry.npmjs.org/@babel%2fplugin-transform-modules-commonjs set size:undefined disposed:false
2324 silly fetch manifest @babel/plugin-transform-react-jsx@^7.25.2
2325 silly packumentCache full:https://registry.npmjs.org/@babel%2fplugin-transform-react-jsx cache-miss
2326 http fetch GET 200 https://registry.npmjs.org/@babel%2fplugin-transform-typescript 82ms (cache miss)
2327 silly packumentCache full:https://registry.npmjs.org/@babel%2fplugin-transform-typescript set size:undefined disposed:false
2328 silly fetch manifest babel-plugin-syntax-hermes-parser@^0.25.1
2329 silly packumentCache full:https://registry.npmjs.org/babel-plugin-syntax-hermes-parser cache-miss
2330 http cache https://registry.npmjs.org/@babel%2fplugin-transform-react-jsx 6ms (cache hit)
2331 silly packumentCache full:https://registry.npmjs.org/@babel%2fplugin-transform-react-jsx set size:289070 disposed:false
2332 silly fetch manifest babel-plugin-transform-flow-enums@^0.0.2
2333 silly packumentCache full:https://registry.npmjs.org/babel-plugin-transform-flow-enums cache-miss
2334 http cache https://registry.npmjs.org/babel-plugin-syntax-hermes-parser 8ms (cache hit)
2335 silly packumentCache full:https://registry.npmjs.org/babel-plugin-syntax-hermes-parser set size:105499 disposed:false
2336 silly fetch manifest @babel/plugin-transform-typescript@^7.25.2
2337 silly packumentCache full:https://registry.npmjs.org/@babel%2fplugin-transform-typescript cache-miss
2338 http cache https://registry.npmjs.org/@babel%2fplugin-transform-typescript 2ms (cache hit)
2339 silly packumentCache full:https://registry.npmjs.org/@babel%2fplugin-transform-typescript set size:393009 disposed:false
2340 silly fetch manifest @react-native/babel-plugin-codegen@0.76.9
2341 silly packumentCache full:https://registry.npmjs.org/@react-native%2fbabel-plugin-codegen cache-miss
2342 http fetch GET 200 https://registry.npmjs.org/@babel%2fplugin-transform-runtime 56ms (cache miss)
2343 silly packumentCache full:https://registry.npmjs.org/@babel%2fplugin-transform-runtime set size:undefined disposed:false
2344 silly fetch manifest @babel/plugin-syntax-dynamic-import@^7.8.3
2345 silly packumentCache full:https://registry.npmjs.org/@babel%2fplugin-syntax-dynamic-import cache-miss
2346 http fetch GET 200 https://registry.npmjs.org/@babel%2fplugin-transform-literals 50ms (cache miss)
2347 silly packumentCache full:https://registry.npmjs.org/@babel%2fplugin-transform-literals set size:undefined disposed:false
2348 silly fetch manifest @babel/plugin-transform-regenerator@^7.24.7
2349 silly packumentCache full:https://registry.npmjs.org/@babel%2fplugin-transform-regenerator cache-miss
2350 http fetch GET 200 https://registry.npmjs.org/@babel%2fplugin-transform-regenerator 57ms (cache miss)
2351 silly packumentCache full:https://registry.npmjs.org/@babel%2fplugin-transform-regenerator set size:undefined disposed:false
2352 silly fetch manifest @babel/plugin-transform-sticky-regex@^7.24.7
2353 silly packumentCache full:https://registry.npmjs.org/@babel%2fplugin-transform-sticky-regex cache-miss
2354 http fetch GET 200 https://registry.npmjs.org/@babel%2fplugin-transform-sticky-regex 55ms (cache miss)
2355 silly packumentCache full:https://registry.npmjs.org/@babel%2fplugin-transform-sticky-regex set size:undefined disposed:false
2356 silly fetch manifest @babel/plugin-transform-block-scoping@^7.25.0
2357 silly packumentCache full:https://registry.npmjs.org/@babel%2fplugin-transform-block-scoping cache-miss
2358 http fetch GET 200 https://registry.npmjs.org/@babel%2fplugin-transform-destructuring 530ms (cache miss)
2359 silly packumentCache full:https://registry.npmjs.org/@babel%2fplugin-transform-destructuring set size:undefined disposed:false
2360 silly fetch manifest @babel/plugin-transform-destructuring@^7.24.8
2361 silly packumentCache full:https://registry.npmjs.org/@babel%2fplugin-transform-destructuring cache-miss
2362 http cache https://registry.npmjs.org/@babel%2fplugin-transform-destructuring 4ms (cache hit)
2363 silly packumentCache full:https://registry.npmjs.org/@babel%2fplugin-transform-destructuring set size:292840 disposed:false
2364 silly fetch manifest @babel/plugin-transform-function-name@^7.25.1
2365 silly packumentCache full:https://registry.npmjs.org/@babel%2fplugin-transform-function-name cache-miss
2366 http fetch GET 200 https://registry.npmjs.org/@babel%2fplugin-transform-for-of 295ms (cache miss)
2367 silly packumentCache full:https://registry.npmjs.org/@babel%2fplugin-transform-for-of set size:undefined disposed:false
2368 silly fetch manifest @babel/plugin-transform-unicode-regex@^7.24.7
2369 silly packumentCache full:https://registry.npmjs.org/@babel%2fplugin-transform-unicode-regex cache-miss
2370 http fetch GET 200 https://registry.npmjs.org/babel-plugin-transform-flow-enums 239ms (cache miss)
2371 silly packumentCache full:https://registry.npmjs.org/babel-plugin-transform-flow-enums set size:undefined disposed:false
2372 silly fetch manifest @babel/plugin-syntax-optional-chaining@^7.8.3
2373 silly packumentCache full:https://registry.npmjs.org/@babel%2fplugin-syntax-optional-chaining cache-miss
2374 http cache https://registry.npmjs.org/@babel%2fplugin-transform-unicode-regex 16ms (cache hit)
2375 silly packumentCache full:https://registry.npmjs.org/@babel%2fplugin-transform-unicode-regex set size:211905 disposed:false
2376 silly fetch manifest @babel/plugin-transform-react-jsx-self@^7.24.7
2377 silly packumentCache full:https://registry.npmjs.org/@babel%2fplugin-transform-react-jsx-self cache-miss
2378 http fetch GET 200 https://registry.npmjs.org/@babel%2fplugin-transform-react-jsx-self 59ms (cache miss)
2379 silly packumentCache full:https://registry.npmjs.org/@babel%2fplugin-transform-react-jsx-self set size:undefined disposed:false
2380 silly fetch manifest @babel/plugin-transform-arrow-functions@^7.24.7
2381 silly packumentCache full:https://registry.npmjs.org/@babel%2fplugin-transform-arrow-functions cache-miss
2382 http fetch GET 200 https://registry.npmjs.org/@babel%2fplugin-syntax-jsx 424ms (cache miss)
2383 silly packumentCache full:https://registry.npmjs.org/@babel%2fplugin-syntax-jsx set size:undefined disposed:false
2384 silly fetch manifest @babel/plugin-transform-private-methods@^7.24.7
2385 silly packumentCache full:https://registry.npmjs.org/@babel%2fplugin-transform-private-methods cache-miss
2386 http cache https://registry.npmjs.org/@babel%2fplugin-transform-arrow-functions 15ms (cache hit)
2387 silly packumentCache full:https://registry.npmjs.org/@babel%2fplugin-transform-arrow-functions set size:210013 disposed:false
2388 silly fetch manifest @babel/plugin-syntax-export-default-from@^7.24.7
2389 silly packumentCache full:https://registry.npmjs.org/@babel%2fplugin-syntax-export-default-from cache-miss
2390 http fetch GET 200 https://registry.npmjs.org/@babel%2fplugin-transform-private-methods 52ms (cache miss)
2391 silly packumentCache full:https://registry.npmjs.org/@babel%2fplugin-transform-private-methods set size:undefined disposed:false
2392 silly fetch manifest @babel/plugin-transform-class-properties@^7.25.4
2393 silly packumentCache full:https://registry.npmjs.org/@babel%2fplugin-transform-class-properties cache-miss
2394 http cache https://registry.npmjs.org/@babel%2fplugin-transform-class-properties 21ms (cache hit)
2395 silly packumentCache full:https://registry.npmjs.org/@babel%2fplugin-transform-class-properties set size:85824 disposed:false
2396 silly fetch manifest @babel/plugin-transform-flow-strip-types@^7.25.2
2397 silly packumentCache full:https://registry.npmjs.org/@babel%2fplugin-transform-flow-strip-types cache-miss
2398 http fetch GET 200 https://registry.npmjs.org/@babel%2fplugin-transform-function-name 246ms (cache miss)
2399 silly packumentCache full:https://registry.npmjs.org/@babel%2fplugin-transform-function-name set size:undefined disposed:false
2400 silly fetch manifest @babel/plugin-transform-modules-commonjs@^7.24.8
2401 silly packumentCache full:https://registry.npmjs.org/@babel%2fplugin-transform-modules-commonjs cache-miss
2402 http fetch GET 200 https://registry.npmjs.org/@babel%2fplugin-transform-block-scoping 267ms (cache miss)
2403 silly packumentCache full:https://registry.npmjs.org/@babel%2fplugin-transform-block-scoping set size:undefined disposed:false
2404 silly fetch manifest @babel/plugin-transform-react-jsx-source@^7.24.7
2405 silly packumentCache full:https://registry.npmjs.org/@babel%2fplugin-transform-react-jsx-source cache-miss
2406 http cache https://registry.npmjs.org/@babel%2fplugin-transform-modules-commonjs 13ms (cache hit)
2407 silly packumentCache full:https://registry.npmjs.org/@babel%2fplugin-transform-modules-commonjs set size:304149 disposed:false
2408 silly fetch manifest @babel/plugin-transform-numeric-separator@^7.24.7
2409 silly packumentCache full:https://registry.npmjs.org/@babel%2fplugin-transform-numeric-separator cache-miss
2410 http fetch GET 200 https://registry.npmjs.org/@babel%2fplugin-syntax-dynamic-import 422ms (cache miss)
2411 silly packumentCache full:https://registry.npmjs.org/@babel%2fplugin-syntax-dynamic-import set size:undefined disposed:false
2412 silly fetch manifest @babel/plugin-transform-optional-chaining@^7.24.8
2413 silly packumentCache full:https://registry.npmjs.org/@babel%2fplugin-transform-optional-chaining cache-miss
2414 http cache https://registry.npmjs.org/@babel%2fplugin-transform-optional-chaining 3ms (cache hit)
2415 silly packumentCache full:https://registry.npmjs.org/@babel%2fplugin-transform-optional-chaining set size:109143 disposed:false
2416 silly fetch manifest @babel/plugin-proposal-export-default-from@^7.24.7
2417 silly packumentCache full:https://registry.npmjs.org/@babel%2fplugin-proposal-export-default-from cache-miss
2418 http fetch GET 200 https://registry.npmjs.org/@babel%2fplugin-syntax-optional-chaining 247ms (cache miss)
2419 silly packumentCache full:https://registry.npmjs.org/@babel%2fplugin-syntax-optional-chaining set size:undefined disposed:false
2420 silly fetch manifest @babel/plugin-transform-async-to-generator@^7.24.7
2421 silly packumentCache full:https://registry.npmjs.org/@babel%2fplugin-transform-async-to-generator cache-miss
2422 http fetch GET 200 https://registry.npmjs.org/@babel%2fplugin-transform-flow-strip-types 74ms (cache miss)
2423 silly packumentCache full:https://registry.npmjs.org/@babel%2fplugin-transform-flow-strip-types set size:undefined disposed:false
2424 silly fetch manifest @babel/plugin-transform-react-display-name@^7.24.7
2425 silly packumentCache full:https://registry.npmjs.org/@babel%2fplugin-transform-react-display-name cache-miss
2426 http cache https://registry.npmjs.org/@babel%2fplugin-transform-react-display-name 9ms (cache hit)
2427 silly packumentCache full:https://registry.npmjs.org/@babel%2fplugin-transform-react-display-name set size:210006 disposed:false
2428 silly fetch manifest @babel/plugin-transform-computed-properties@^7.24.7
2429 silly packumentCache full:https://registry.npmjs.org/@babel%2fplugin-transform-computed-properties cache-miss
2430 http fetch GET 200 https://registry.npmjs.org/@babel%2fplugin-transform-computed-properties 53ms (cache miss)
2431 silly packumentCache full:https://registry.npmjs.org/@babel%2fplugin-transform-computed-properties set size:undefined disposed:false
2432 silly fetch manifest @babel/plugin-transform-shorthand-properties@^7.24.7
2433 silly packumentCache full:https://registry.npmjs.org/@babel%2fplugin-transform-shorthand-properties cache-miss
2434 http cache https://registry.npmjs.org/@babel%2fplugin-transform-shorthand-properties 12ms (cache hit)
2435 silly packumentCache full:https://registry.npmjs.org/@babel%2fplugin-transform-shorthand-properties set size:197986 disposed:false
2436 silly fetch manifest @babel/plugin-transform-optional-catch-binding@^7.24.7
2437 silly packumentCache full:https://registry.npmjs.org/@babel%2fplugin-transform-optional-catch-binding cache-miss
2438 http fetch GET 200 https://registry.npmjs.org/@babel%2fplugin-transform-optional-catch-binding 71ms (cache miss)
2439 silly packumentCache full:https://registry.npmjs.org/@babel%2fplugin-transform-optional-catch-binding set size:undefined disposed:false
2440 silly fetch manifest @babel/plugin-syntax-nullish-coalescing-operator@^7.8.3
2441 silly packumentCache full:https://registry.npmjs.org/@babel%2fplugin-syntax-nullish-coalescing-operator cache-miss
2442 http fetch GET 200 https://registry.npmjs.org/@babel%2fplugin-transform-react-jsx-source 237ms (cache miss)
2443 silly packumentCache full:https://registry.npmjs.org/@babel%2fplugin-transform-react-jsx-source set size:undefined disposed:false
2444 silly fetch manifest @babel/plugin-transform-async-generator-functions@^7.25.4
2445 silly packumentCache full:https://registry.npmjs.org/@babel%2fplugin-transform-async-generator-functions cache-miss
2446 http fetch GET 200 https://registry.npmjs.org/@babel%2fplugin-syntax-nullish-coalescing-operator 56ms (cache miss)
2447 silly packumentCache full:https://registry.npmjs.org/@babel%2fplugin-syntax-nullish-coalescing-operator set size:undefined disposed:false
2448 silly fetch manifest @babel/plugin-transform-private-property-in-object@^7.24.7
2449 silly packumentCache full:https://registry.npmjs.org/@babel%2fplugin-transform-private-property-in-object cache-miss
2450 http fetch GET 200 https://registry.npmjs.org/@babel%2fplugin-transform-async-to-generator 238ms (cache miss)
2451 silly packumentCache full:https://registry.npmjs.org/@babel%2fplugin-transform-async-to-generator set size:undefined disposed:false
2452 silly fetch manifest @babel/plugin-transform-nullish-coalescing-operator@^7.24.7
2453 silly packumentCache full:https://registry.npmjs.org/@babel%2fplugin-transform-nullish-coalescing-operator cache-miss
2454 http fetch GET 200 https://registry.npmjs.org/@react-native%2fbabel-plugin-codegen 731ms (cache miss)
2455 silly packumentCache full:https://registry.npmjs.org/@react-native%2fbabel-plugin-codegen set size:undefined disposed:false
2456 silly fetch manifest @babel/plugin-transform-logical-assignment-operators@^7.24.7
2457 silly packumentCache full:https://registry.npmjs.org/@babel%2fplugin-transform-logical-assignment-operators cache-miss
2458 http cache https://registry.npmjs.org/@babel%2fplugin-transform-nullish-coalescing-operator 40ms (cache hit)
2459 silly packumentCache full:https://registry.npmjs.org/@babel%2fplugin-transform-nullish-coalescing-operator set size:91680 disposed:false
2460 silly fetch manifest @babel/plugin-transform-named-capturing-groups-regex@^7.24.7
2461 silly packumentCache full:https://registry.npmjs.org/@babel%2fplugin-transform-named-capturing-groups-regex cache-miss
2462 http fetch GET 200 https://registry.npmjs.org/@babel%2fplugin-transform-private-property-in-object 67ms (cache miss)
2463 silly packumentCache full:https://registry.npmjs.org/@babel%2fplugin-transform-private-property-in-object set size:undefined disposed:false
2464 http fetch GET 200 https://registry.npmjs.org/@babel%2fplugin-syntax-export-default-from 439ms (cache miss)
2465 silly packumentCache full:https://registry.npmjs.org/@babel%2fplugin-syntax-export-default-from set size:undefined disposed:false
2466 http fetch GET 200 https://registry.npmjs.org/@babel%2fplugin-transform-logical-assignment-operators 65ms (cache miss)
2467 silly packumentCache full:https://registry.npmjs.org/@babel%2fplugin-transform-logical-assignment-operators set size:undefined disposed:false
2468 http fetch GET 200 https://registry.npmjs.org/@babel%2fplugin-transform-named-capturing-groups-regex 58ms (cache miss)
2469 silly packumentCache full:https://registry.npmjs.org/@babel%2fplugin-transform-named-capturing-groups-regex set size:undefined disposed:false
2470 http fetch GET 200 https://registry.npmjs.org/@babel%2fplugin-transform-numeric-separator 418ms (cache miss)
2471 silly packumentCache full:https://registry.npmjs.org/@babel%2fplugin-transform-numeric-separator set size:undefined disposed:false
2472 http fetch GET 200 https://registry.npmjs.org/@babel%2fplugin-proposal-export-default-from 406ms (cache miss)
2473 silly packumentCache full:https://registry.npmjs.org/@babel%2fplugin-proposal-export-default-from set size:undefined disposed:false
2474 http fetch GET 200 https://registry.npmjs.org/@babel%2fplugin-transform-async-generator-functions 245ms (cache miss)
2475 silly packumentCache full:https://registry.npmjs.org/@babel%2fplugin-transform-async-generator-functions set size:undefined disposed:false
2476 silly placeDep ROOT @babel/helper-create-class-features-plugin@7.29.3 OK for: @babel/plugin-proposal-decorators@7.29.0 want: ^7.28.6
2477 silly placeDep ROOT @babel/helper-plugin-utils@7.28.6 OK for: @babel/plugin-proposal-decorators@7.29.0 want: ^7.28.6
2478 silly placeDep ROOT @babel/plugin-syntax-decorators@7.28.6 OK for: @babel/plugin-proposal-decorators@7.29.0 want: ^7.28.6
2479 silly fetch manifest @babel/helper-replace-supers@^7.28.6
2480 silly packumentCache full:https://registry.npmjs.org/@babel%2fhelper-replace-supers cache-miss
2481 silly fetch manifest @babel/helper-annotate-as-pure@^7.27.3
2482 silly packumentCache full:https://registry.npmjs.org/@babel%2fhelper-annotate-as-pure cache-miss
2483 silly fetch manifest @babel/helper-optimise-call-expression@^7.27.1
2484 silly packumentCache full:https://registry.npmjs.org/@babel%2fhelper-optimise-call-expression cache-miss
2485 silly fetch manifest @babel/helper-member-expression-to-functions@^7.28.5
2486 silly packumentCache full:https://registry.npmjs.org/@babel%2fhelper-member-expression-to-functions cache-miss
2487 silly fetch manifest @babel/helper-skip-transparent-expression-wrappers@^7.27.1
2488 silly packumentCache full:https://registry.npmjs.org/@babel%2fhelper-skip-transparent-expression-wrappers cache-miss
2489 http fetch GET 200 https://registry.npmjs.org/@babel%2fhelper-skip-transparent-expression-wrappers 50ms (cache miss)
2490 silly packumentCache full:https://registry.npmjs.org/@babel%2fhelper-skip-transparent-expression-wrappers set size:undefined disposed:false
2491 http fetch GET 200 https://registry.npmjs.org/@babel%2fhelper-annotate-as-pure 60ms (cache miss)
2492 silly packumentCache full:https://registry.npmjs.org/@babel%2fhelper-annotate-as-pure set size:undefined disposed:false
2493 http fetch GET 200 https://registry.npmjs.org/@babel%2fhelper-optimise-call-expression 62ms (cache miss)
2494 silly packumentCache full:https://registry.npmjs.org/@babel%2fhelper-optimise-call-expression set size:undefined disposed:false
2495 http fetch GET 200 https://registry.npmjs.org/@babel%2fhelper-member-expression-to-functions 253ms (cache miss)
2496 silly packumentCache full:https://registry.npmjs.org/@babel%2fhelper-member-expression-to-functions set size:undefined disposed:false
2497 http fetch GET 200 https://registry.npmjs.org/@babel%2fhelper-replace-supers 427ms (cache miss)
2498 silly packumentCache full:https://registry.npmjs.org/@babel%2fhelper-replace-supers set size:undefined disposed:false
2499 silly placeDep ROOT @babel/helper-annotate-as-pure@7.27.3 OK for: @babel/helper-create-class-features-plugin@7.29.3 want: ^7.27.3
2500 silly placeDep ROOT @babel/helper-member-expression-to-functions@7.28.5 OK for: @babel/helper-create-class-features-plugin@7.29.3 want: ^7.28.5
2501 silly placeDep ROOT @babel/helper-optimise-call-expression@7.27.1 OK for: @babel/helper-create-class-features-plugin@7.29.3 want: ^7.27.1
2502 silly placeDep ROOT @babel/helper-replace-supers@7.28.6 OK for: @babel/helper-create-class-features-plugin@7.29.3 want: ^7.28.6
2503 silly placeDep ROOT @babel/helper-skip-transparent-expression-wrappers@7.27.1 OK for: @babel/helper-create-class-features-plugin@7.29.3 want: ^7.27.1
2504 silly placeDep ROOT @babel/plugin-transform-destructuring@7.28.5 OK for: @babel/plugin-transform-object-rest-spread@7.28.6 want: ^7.28.5
2505 silly placeDep ROOT @babel/plugin-transform-react-display-name@7.28.0 OK for: @babel/preset-react@7.28.5 want: ^7.28.0
2506 silly placeDep ROOT @babel/plugin-transform-react-jsx@7.28.6 OK for: @babel/preset-react@7.28.5 want: ^7.27.1
2507 silly placeDep ROOT @babel/plugin-transform-react-jsx-development@7.27.1 OK for: @babel/preset-react@7.28.5 want: ^7.27.1
2508 silly placeDep ROOT @babel/plugin-transform-react-pure-annotations@7.27.1 OK for: @babel/preset-react@7.28.5 want: ^7.27.1
2509 silly fetch manifest @babel/plugin-syntax-jsx@^7.28.6
2510 silly packumentCache full:https://registry.npmjs.org/@babel%2fplugin-syntax-jsx cache-miss
2511 http cache https://registry.npmjs.org/@babel%2fplugin-syntax-jsx 5ms (cache hit)
2512 silly packumentCache full:https://registry.npmjs.org/@babel%2fplugin-syntax-jsx set size:186824 disposed:false
2513 silly placeDep ROOT @babel/plugin-syntax-jsx@7.28.6 OK for: @babel/plugin-transform-react-jsx@7.28.6 want: ^7.28.6
2514 silly placeDep ROOT @babel/plugin-transform-modules-commonjs@7.28.6 OK for: @babel/preset-typescript@7.28.5 want: ^7.27.1
2515 silly placeDep ROOT @babel/plugin-transform-typescript@7.28.6 OK for: @babel/preset-typescript@7.28.5 want: ^7.28.5
2516 silly fetch manifest @babel/plugin-syntax-typescript@^7.28.6
2517 silly packumentCache full:https://registry.npmjs.org/@babel%2fplugin-syntax-typescript cache-miss
2518 http fetch GET 200 https://registry.npmjs.org/@babel%2fplugin-syntax-typescript 97ms (cache miss)
2519 silly packumentCache full:https://registry.npmjs.org/@babel%2fplugin-syntax-typescript set size:undefined disposed:false
2520 silly placeDep ROOT @babel/plugin-syntax-typescript@7.28.6 OK for: @babel/plugin-transform-typescript@7.28.6 want: ^7.28.6
2521 silly placeDep ROOT @babel/plugin-proposal-export-default-from@7.27.1 OK for: @react-native/babel-preset@0.76.9 want: ^7.24.7
2522 silly placeDep ROOT @babel/plugin-syntax-dynamic-import@7.8.3 OK for: @react-native/babel-preset@0.76.9 want: ^7.8.3
2523 silly placeDep ROOT @babel/plugin-syntax-export-default-from@7.28.6 OK for: @react-native/babel-preset@0.76.9 want: ^7.24.7
2524 silly placeDep ROOT @babel/plugin-syntax-nullish-coalescing-operator@7.8.3 OK for: @react-native/babel-preset@0.76.9 want: ^7.8.3
2525 silly placeDep ROOT @babel/plugin-syntax-optional-chaining@7.8.3 OK for: @react-native/babel-preset@0.76.9 want: ^7.8.3
2526 silly placeDep ROOT @babel/plugin-transform-arrow-functions@7.27.1 OK for: @react-native/babel-preset@0.76.9 want: ^7.24.7
2527 silly placeDep ROOT @babel/plugin-transform-async-generator-functions@7.29.0 OK for: @react-native/babel-preset@0.76.9 want: ^7.25.4
2528 silly placeDep ROOT @babel/plugin-transform-async-to-generator@7.28.6 OK for: @react-native/babel-preset@0.76.9 want: ^7.24.7
2529 silly placeDep ROOT @babel/plugin-transform-block-scoping@7.28.6 OK for: @react-native/babel-preset@0.76.9 want: ^7.25.0
2530 silly placeDep ROOT @babel/plugin-transform-class-properties@7.28.6 OK for: @react-native/babel-preset@0.76.9 want: ^7.25.4
2531 silly placeDep ROOT @babel/plugin-transform-classes@7.28.6 OK for: @react-native/babel-preset@0.76.9 want: ^7.25.4
2532 silly placeDep ROOT @babel/plugin-transform-computed-properties@7.28.6 OK for: @react-native/babel-preset@0.76.9 want: ^7.24.7
2533 silly placeDep ROOT @babel/plugin-transform-flow-strip-types@7.27.1 OK for: @react-native/babel-preset@0.76.9 want: ^7.25.2
2534 silly placeDep ROOT @babel/plugin-transform-for-of@7.27.1 OK for: @react-native/babel-preset@0.76.9 want: ^7.24.7
2535 silly placeDep ROOT @babel/plugin-transform-function-name@7.27.1 OK for: @react-native/babel-preset@0.76.9 want: ^7.25.1
2536 silly placeDep ROOT @babel/plugin-transform-literals@7.27.1 OK for: @react-native/babel-preset@0.76.9 want: ^7.25.2
2537 silly placeDep ROOT @babel/plugin-transform-logical-assignment-operators@7.28.6 OK for: @react-native/babel-preset@0.76.9 want: ^7.24.7
2538 silly placeDep ROOT @babel/plugin-transform-named-capturing-groups-regex@7.29.0 OK for: @react-native/babel-preset@0.76.9 want: ^7.24.7
2539 silly placeDep ROOT @babel/plugin-transform-nullish-coalescing-operator@7.28.6 OK for: @react-native/babel-preset@0.76.9 want: ^7.24.7
2540 silly placeDep ROOT @babel/plugin-transform-numeric-separator@7.28.6 OK for: @react-native/babel-preset@0.76.9 want: ^7.24.7
2541 silly placeDep ROOT @babel/plugin-transform-optional-catch-binding@7.28.6 OK for: @react-native/babel-preset@0.76.9 want: ^7.24.7
2542 silly placeDep ROOT @babel/plugin-transform-optional-chaining@7.28.6 OK for: @react-native/babel-preset@0.76.9 want: ^7.24.8
2543 silly placeDep ROOT @babel/plugin-transform-private-methods@7.28.6 OK for: @react-native/babel-preset@0.76.9 want: ^7.24.7
2544 silly placeDep ROOT @babel/plugin-transform-private-property-in-object@7.28.6 OK for: @react-native/babel-preset@0.76.9 want: ^7.24.7
2545 silly placeDep ROOT @babel/plugin-transform-react-jsx-self@7.27.1 OK for: @react-native/babel-preset@0.76.9 want: ^7.24.7
2546 silly placeDep ROOT @babel/plugin-transform-react-jsx-source@7.27.1 OK for: @react-native/babel-preset@0.76.9 want: ^7.24.7
2547 silly placeDep ROOT @babel/plugin-transform-regenerator@7.29.0 OK for: @react-native/babel-preset@0.76.9 want: ^7.24.7
2548 silly placeDep ROOT @babel/plugin-transform-runtime@7.29.0 OK for: @react-native/babel-preset@0.76.9 want: ^7.24.7
2549 silly placeDep ROOT @babel/plugin-transform-shorthand-properties@7.27.1 OK for: @react-native/babel-preset@0.76.9 want: ^7.24.7
2550 silly placeDep ROOT @babel/plugin-transform-spread@7.28.6 OK for: @react-native/babel-preset@0.76.9 want: ^7.24.7
2551 silly placeDep ROOT @babel/plugin-transform-sticky-regex@7.27.1 OK for: @react-native/babel-preset@0.76.9 want: ^7.24.7
2552 silly placeDep ROOT @babel/plugin-transform-unicode-regex@7.27.1 OK for: @react-native/babel-preset@0.76.9 want: ^7.24.7
2553 silly placeDep ROOT @react-native/babel-plugin-codegen@0.76.9 OK for: @react-native/babel-preset@0.76.9 want: 0.76.9
2554 silly placeDep ROOT babel-plugin-syntax-hermes-parser@0.25.1 OK for: @react-native/babel-preset@0.76.9 want: ^0.25.1
2555 silly placeDep ROOT babel-plugin-transform-flow-enums@0.0.2 OK for: @react-native/babel-preset@0.76.9 want: ^0.0.2
2556 silly fetch manifest @babel/helper-remap-async-to-generator@^7.27.1
2557 silly packumentCache full:https://registry.npmjs.org/@babel%2fhelper-remap-async-to-generator cache-miss
2558 silly fetch manifest @babel/helper-remap-async-to-generator@^7.27.1
2559 silly packumentCache full:https://registry.npmjs.org/@babel%2fhelper-remap-async-to-generator cache-miss
2560 silly fetch manifest @babel/plugin-syntax-flow@^7.27.1
2561 silly packumentCache full:https://registry.npmjs.org/@babel%2fplugin-syntax-flow cache-miss
2562 silly fetch manifest @babel/helper-create-regexp-features-plugin@^7.28.5
2563 silly packumentCache full:https://registry.npmjs.org/@babel%2fhelper-create-regexp-features-plugin cache-miss
2564 silly fetch manifest babel-plugin-polyfill-corejs2@^0.4.14
2565 silly packumentCache full:https://registry.npmjs.org/babel-plugin-polyfill-corejs2 cache-miss
2566 silly fetch manifest babel-plugin-polyfill-corejs3@^0.13.0
2567 silly packumentCache full:https://registry.npmjs.org/babel-plugin-polyfill-corejs3 cache-miss
2568 silly fetch manifest babel-plugin-polyfill-regenerator@^0.6.5
2569 silly packumentCache full:https://registry.npmjs.org/babel-plugin-polyfill-regenerator cache-miss
2570 http fetch GET 200 https://registry.npmjs.org/babel-plugin-polyfill-regenerator 50ms (cache miss)
2571 silly packumentCache full:https://registry.npmjs.org/babel-plugin-polyfill-regenerator set size:undefined disposed:false
2572 silly fetch manifest @babel/helper-create-regexp-features-plugin@^7.27.1
2573 silly packumentCache full:https://registry.npmjs.org/@babel%2fhelper-create-regexp-features-plugin cache-miss
2574 http fetch GET 200 https://registry.npmjs.org/babel-plugin-polyfill-corejs2 52ms (cache miss)
2575 silly packumentCache full:https://registry.npmjs.org/babel-plugin-polyfill-corejs2 set size:undefined disposed:false
2576 silly fetch manifest @react-native/codegen@0.76.9
2577 silly packumentCache full:https://registry.npmjs.org/@react-native%2fcodegen cache-miss
2578 http fetch GET 200 https://registry.npmjs.org/babel-plugin-polyfill-corejs3 59ms (cache miss)
2579 silly packumentCache full:https://registry.npmjs.org/babel-plugin-polyfill-corejs3 set size:undefined disposed:false
2580 silly fetch manifest hermes-parser@0.25.1
2581 silly packumentCache full:https://registry.npmjs.org/hermes-parser cache-miss
2582 http fetch GET 200 https://registry.npmjs.org/@babel%2fplugin-syntax-flow 67ms (cache miss)
2583 silly packumentCache full:https://registry.npmjs.org/@babel%2fplugin-syntax-flow set size:undefined disposed:false
2584 silly fetch manifest @babel/plugin-syntax-flow@^7.12.1
2585 silly packumentCache full:https://registry.npmjs.org/@babel%2fplugin-syntax-flow cache-miss
2586 http cache https://registry.npmjs.org/@react-native%2fcodegen 20ms (cache hit)
2587 silly packumentCache full:https://registry.npmjs.org/@react-native%2fcodegen set size:2831674 disposed:false
2588 http fetch GET 200 https://registry.npmjs.org/@babel%2fhelper-create-regexp-features-plugin 91ms (cache miss)
2589 silly packumentCache full:https://registry.npmjs.org/@babel%2fhelper-create-regexp-features-plugin set size:undefined disposed:false
2590 http cache https://registry.npmjs.org/@babel%2fplugin-syntax-flow 28ms (cache hit)
2591 silly packumentCache full:https://registry.npmjs.org/@babel%2fplugin-syntax-flow set size:192800 disposed:false
2592 http fetch GET 200 https://registry.npmjs.org/@babel%2fhelper-create-regexp-features-plugin 59ms (cache miss)
2593 silly packumentCache full:https://registry.npmjs.org/@babel%2fhelper-create-regexp-features-plugin set size:undefined disposed:false
2594 http fetch GET 200 https://registry.npmjs.org/@babel%2fhelper-remap-async-to-generator 241ms (cache miss)
2595 silly packumentCache full:https://registry.npmjs.org/@babel%2fhelper-remap-async-to-generator set size:undefined disposed:false
2596 http fetch GET 200 https://registry.npmjs.org/@babel%2fhelper-remap-async-to-generator 254ms (cache miss)
2597 silly packumentCache full:https://registry.npmjs.org/@babel%2fhelper-remap-async-to-generator set size:undefined disposed:false
2598 http fetch GET 200 https://registry.npmjs.org/hermes-parser 220ms (cache miss)
2599 silly packumentCache full:https://registry.npmjs.org/hermes-parser set size:undefined disposed:false
2600 silly placeDep ROOT @babel/helper-remap-async-to-generator@7.27.1 OK for: @babel/plugin-transform-async-generator-functions@7.29.0 want: ^7.27.1
2601 silly fetch manifest @babel/helper-wrap-function@^7.27.1
2602 silly packumentCache full:https://registry.npmjs.org/@babel%2fhelper-wrap-function cache-miss
2603 http fetch GET 200 https://registry.npmjs.org/@babel%2fhelper-wrap-function 80ms (cache miss)
2604 silly packumentCache full:https://registry.npmjs.org/@babel%2fhelper-wrap-function set size:undefined disposed:false
2605 silly placeDep ROOT @babel/helper-wrap-function@7.28.6 OK for: @babel/helper-remap-async-to-generator@7.27.1 want: ^7.27.1
2606 silly placeDep ROOT @babel/plugin-syntax-flow@7.28.6 OK for: @babel/plugin-transform-flow-strip-types@7.27.1 want: ^7.27.1
2607 silly placeDep ROOT @babel/helper-create-regexp-features-plugin@7.28.5 OK for: @babel/plugin-transform-named-capturing-groups-regex@7.29.0 want: ^7.28.5
2608 silly fetch manifest regexpu-core@^6.3.1
2609 silly packumentCache full:https://registry.npmjs.org/regexpu-core cache-miss
2610 http fetch GET 200 https://registry.npmjs.org/regexpu-core 39ms (cache miss)
2611 silly packumentCache full:https://registry.npmjs.org/regexpu-core set size:undefined disposed:false
2612 silly placeDep ROOT regexpu-core@6.4.0 OK for: @babel/helper-create-regexp-features-plugin@7.28.5 want: ^6.3.1
2613 silly fetch manifest regenerate@^1.4.2
2614 silly packumentCache full:https://registry.npmjs.org/regenerate cache-miss
2615 silly fetch manifest regenerate-unicode-properties@^10.2.2
2616 silly packumentCache full:https://registry.npmjs.org/regenerate-unicode-properties cache-miss
2617 silly fetch manifest regjsgen@^0.8.0
2618 silly packumentCache full:https://registry.npmjs.org/regjsgen cache-miss
2619 silly fetch manifest regjsparser@^0.13.0
2620 silly packumentCache full:https://registry.npmjs.org/regjsparser cache-miss
2621 silly fetch manifest unicode-match-property-ecmascript@^2.0.0
2622 silly packumentCache full:https://registry.npmjs.org/unicode-match-property-ecmascript cache-miss
2623 silly fetch manifest unicode-match-property-value-ecmascript@^2.2.1
2624 silly packumentCache full:https://registry.npmjs.org/unicode-match-property-value-ecmascript cache-miss
2625 http fetch GET 200 https://registry.npmjs.org/unicode-match-property-value-ecmascript 51ms (cache miss)
2626 silly packumentCache full:https://registry.npmjs.org/unicode-match-property-value-ecmascript set size:undefined disposed:false
2627 http fetch GET 200 https://registry.npmjs.org/regjsgen 53ms (cache miss)
2628 silly packumentCache full:https://registry.npmjs.org/regjsgen set size:undefined disposed:false
2629 http fetch GET 200 https://registry.npmjs.org/unicode-match-property-ecmascript 54ms (cache miss)
2630 silly packumentCache full:https://registry.npmjs.org/unicode-match-property-ecmascript set size:undefined disposed:false
2631 http fetch GET 200 https://registry.npmjs.org/regenerate 56ms (cache miss)
2632 silly packumentCache full:https://registry.npmjs.org/regenerate set size:undefined disposed:false
2633 http fetch GET 200 https://registry.npmjs.org/regenerate-unicode-properties 57ms (cache miss)
2634 silly packumentCache full:https://registry.npmjs.org/regenerate-unicode-properties set size:undefined disposed:false
2635 http fetch GET 200 https://registry.npmjs.org/regjsparser 220ms (cache miss)
2636 silly packumentCache full:https://registry.npmjs.org/regjsparser set size:undefined disposed:false
2637 silly placeDep ROOT babel-plugin-polyfill-corejs2@0.4.17 OK for: @babel/plugin-transform-runtime@7.29.0 want: ^0.4.14
2638 silly placeDep ROOT babel-plugin-polyfill-corejs3@0.13.0 OK for: @babel/plugin-transform-runtime@7.29.0 want: ^0.13.0
2639 silly placeDep ROOT babel-plugin-polyfill-regenerator@0.6.8 OK for: @babel/plugin-transform-runtime@7.29.0 want: ^0.6.5
2640 silly fetch manifest @babel/helper-define-polyfill-provider@^0.6.8
2641 silly packumentCache full:https://registry.npmjs.org/@babel%2fhelper-define-polyfill-provider cache-miss
2642 silly fetch manifest core-js-compat@^3.43.0
2643 silly packumentCache full:https://registry.npmjs.org/core-js-compat cache-miss
2644 silly fetch manifest @babel/helper-define-polyfill-provider@^0.6.5
2645 silly packumentCache full:https://registry.npmjs.org/@babel%2fhelper-define-polyfill-provider cache-miss
2646 silly fetch manifest @babel/helper-define-polyfill-provider@^0.6.8
2647 silly packumentCache full:https://registry.npmjs.org/@babel%2fhelper-define-polyfill-provider cache-miss
2648 http fetch GET 200 https://registry.npmjs.org/@babel%2fhelper-define-polyfill-provider 94ms (cache miss)
2649 silly packumentCache full:https://registry.npmjs.org/@babel%2fhelper-define-polyfill-provider set size:undefined disposed:false
2650 http fetch GET 200 https://registry.npmjs.org/@babel%2fhelper-define-polyfill-provider 95ms (cache miss)
2651 silly packumentCache full:https://registry.npmjs.org/@babel%2fhelper-define-polyfill-provider set size:undefined disposed:false
2652 http fetch GET 200 https://registry.npmjs.org/@babel%2fhelper-define-polyfill-provider 97ms (cache miss)
2653 silly packumentCache full:https://registry.npmjs.org/@babel%2fhelper-define-polyfill-provider set size:undefined disposed:false
2654 http fetch GET 200 https://registry.npmjs.org/core-js-compat 99ms (cache miss)
2655 silly packumentCache full:https://registry.npmjs.org/core-js-compat set size:undefined disposed:false
2656 silly fetch manifest @babel/preset-env@^7.1.6
2657 silly packumentCache full:https://registry.npmjs.org/@babel%2fpreset-env cache-miss
2658 http fetch GET 200 https://registry.npmjs.org/@babel%2fpreset-env 87ms (cache miss)
2659 silly packumentCache full:https://registry.npmjs.org/@babel%2fpreset-env set size:undefined disposed:false
2660 silly placeDep ROOT @react-native/codegen@0.76.9 OK for: @react-native/babel-plugin-codegen@0.76.9 want: 0.76.9
2661 silly placeDep ROOT @babel/preset-env@7.29.5 OK for: @react-native/codegen@0.76.9 want: ^7.1.6
2662 silly fetch manifest jscodeshift@^0.14.0
2663 silly packumentCache full:https://registry.npmjs.org/jscodeshift cache-miss
2664 silly fetch manifest hermes-parser@0.23.1
2665 silly packumentCache full:https://registry.npmjs.org/hermes-parser cache-miss
2666 silly fetch manifest core-js-compat@^3.48.0
2667 silly packumentCache full:https://registry.npmjs.org/core-js-compat cache-miss
2668 silly fetch manifest @babel/preset-modules@0.1.6-no-external-plugins
2669 silly packumentCache full:https://registry.npmjs.org/@babel%2fpreset-modules cache-miss
2670 silly fetch manifest babel-plugin-polyfill-corejs3@^0.14.0
2671 silly packumentCache full:https://registry.npmjs.org/babel-plugin-polyfill-corejs3 cache-miss
2672 silly fetch manifest @babel/plugin-transform-new-target@^7.27.1
2673 silly packumentCache full:https://registry.npmjs.org/@babel%2fplugin-transform-new-target cache-miss
2674 silly fetch manifest @babel/plugin-transform-modules-amd@^7.27.1
2675 silly packumentCache full:https://registry.npmjs.org/@babel%2fplugin-transform-modules-amd cache-miss
2676 http cache https://registry.npmjs.org/hermes-parser 15ms (cache hit)
2677 silly packumentCache full:https://registry.npmjs.org/hermes-parser set size:170002 disposed:false
2678 silly fetch manifest @babel/plugin-transform-modules-umd@^7.27.1
2679 silly packumentCache full:https://registry.npmjs.org/@babel%2fplugin-transform-modules-umd cache-miss
2680 http cache https://registry.npmjs.org/babel-plugin-polyfill-corejs3 15ms (cache hit)
2681 silly packumentCache full:https://registry.npmjs.org/babel-plugin-polyfill-corejs3 set size:150424 disposed:false
2682 silly fetch manifest @babel/plugin-transform-dotall-regex@^7.28.6
2683 silly packumentCache full:https://registry.npmjs.org/@babel%2fplugin-transform-dotall-regex cache-miss
2684 http cache https://registry.npmjs.org/core-js-compat 19ms (cache hit)
2685 silly packumentCache full:https://registry.npmjs.org/core-js-compat set size:345744 disposed:false
2686 silly fetch manifest @babel/plugin-transform-json-strings@^7.28.6
2687 silly packumentCache full:https://registry.npmjs.org/@babel%2fplugin-transform-json-strings cache-miss
2688 http fetch GET 200 https://registry.npmjs.org/@babel%2fplugin-transform-new-target 51ms (cache miss)
2689 silly packumentCache full:https://registry.npmjs.org/@babel%2fplugin-transform-new-target set size:undefined disposed:false
2690 silly fetch manifest @babel/plugin-transform-object-super@^7.27.1
2691 silly packumentCache full:https://registry.npmjs.org/@babel%2fplugin-transform-object-super cache-miss
2692 http fetch GET 200 https://registry.npmjs.org/@babel%2fplugin-transform-dotall-regex 51ms (cache miss)
2693 silly packumentCache full:https://registry.npmjs.org/@babel%2fplugin-transform-dotall-regex set size:undefined disposed:false
2694 silly fetch manifest @babel/plugin-transform-typeof-symbol@^7.27.1
2695 silly packumentCache full:https://registry.npmjs.org/@babel%2fplugin-transform-typeof-symbol cache-miss
2696 http fetch GET 200 https://registry.npmjs.org/@babel%2fplugin-transform-json-strings 62ms (cache miss)
2697 silly packumentCache full:https://registry.npmjs.org/@babel%2fplugin-transform-json-strings set size:undefined disposed:false
2698 silly fetch manifest @babel/plugin-syntax-import-assertions@^7.28.6
2699 silly packumentCache full:https://registry.npmjs.org/@babel%2fplugin-syntax-import-assertions cache-miss
2700 http fetch GET 200 https://registry.npmjs.org/@babel%2fplugin-transform-object-super 66ms (cache miss)
2701 silly packumentCache full:https://registry.npmjs.org/@babel%2fplugin-transform-object-super set size:undefined disposed:false
2702 silly fetch manifest @babel/plugin-syntax-import-attributes@^7.28.6
2703 silly packumentCache full:https://registry.npmjs.org/@babel%2fplugin-syntax-import-attributes cache-miss
2704 http fetch GET 200 https://registry.npmjs.org/@babel%2fplugin-transform-modules-umd 112ms (cache miss)
2705 silly packumentCache full:https://registry.npmjs.org/@babel%2fplugin-transform-modules-umd set size:undefined disposed:false
2706 silly fetch manifest @babel/plugin-transform-duplicate-keys@^7.27.1
2707 silly packumentCache full:https://registry.npmjs.org/@babel%2fplugin-transform-duplicate-keys cache-miss
2708 http fetch GET 200 https://registry.npmjs.org/@babel%2fplugin-syntax-import-attributes 58ms (cache miss)
2709 silly packumentCache full:https://registry.npmjs.org/@babel%2fplugin-syntax-import-attributes set size:undefined disposed:false
2710 silly fetch manifest @babel/plugin-transform-dynamic-import@^7.27.1
2711 silly packumentCache full:https://registry.npmjs.org/@babel%2fplugin-transform-dynamic-import cache-miss
2712 http fetch GET 200 https://registry.npmjs.org/jscodeshift 229ms (cache miss)
2713 silly packumentCache full:https://registry.npmjs.org/jscodeshift set size:undefined disposed:false
2714 silly fetch manifest @babel/plugin-transform-reserved-words@^7.27.1
2715 silly packumentCache full:https://registry.npmjs.org/@babel%2fplugin-transform-reserved-words cache-miss
2716 http fetch GET 200 https://registry.npmjs.org/@babel%2fpreset-modules 238ms (cache miss)
2717 silly packumentCache full:https://registry.npmjs.org/@babel%2fpreset-modules set size:undefined disposed:false
2718 silly fetch manifest @babel/plugin-syntax-unicode-sets-regex@^7.18.6
2719 silly packumentCache full:https://registry.npmjs.org/@babel%2fplugin-syntax-unicode-sets-regex cache-miss
2720 http fetch GET 200 https://registry.npmjs.org/@babel%2fplugin-transform-modules-amd 249ms (cache miss)
2721 silly packumentCache full:https://registry.npmjs.org/@babel%2fplugin-transform-modules-amd set size:undefined disposed:false
2722 silly fetch manifest @babel/plugin-transform-unicode-escapes@^7.27.1
2723 silly packumentCache full:https://registry.npmjs.org/@babel%2fplugin-transform-unicode-escapes cache-miss
2724 http fetch GET 200 https://registry.npmjs.org/@babel%2fplugin-transform-typeof-symbol 235ms (cache miss)
2725 silly packumentCache full:https://registry.npmjs.org/@babel%2fplugin-transform-typeof-symbol set size:undefined disposed:false
2726 silly fetch manifest @babel/plugin-transform-modules-systemjs@^7.29.4
2727 silly packumentCache full:https://registry.npmjs.org/@babel%2fplugin-transform-modules-systemjs cache-miss
2728 http fetch GET 200 https://registry.npmjs.org/@babel%2fplugin-syntax-import-assertions 247ms (cache miss)
2729 silly packumentCache full:https://registry.npmjs.org/@babel%2fplugin-syntax-import-assertions set size:undefined disposed:false
2730 silly fetch manifest @babel/plugin-transform-regexp-modifiers@^7.28.6
2731 silly packumentCache full:https://registry.npmjs.org/@babel%2fplugin-transform-regexp-modifiers cache-miss
2732 http fetch GET 200 https://registry.npmjs.org/@babel%2fplugin-transform-modules-systemjs 55ms (cache miss)
2733 silly packumentCache full:https://registry.npmjs.org/@babel%2fplugin-transform-modules-systemjs set size:undefined disposed:false
2734 silly fetch manifest @babel/plugin-transform-property-literals@^7.27.1
2735 silly packumentCache full:https://registry.npmjs.org/@babel%2fplugin-transform-property-literals cache-miss
2736 http fetch GET 200 https://registry.npmjs.org/@babel%2fplugin-transform-duplicate-keys 244ms (cache miss)
2737 silly packumentCache full:https://registry.npmjs.org/@babel%2fplugin-transform-duplicate-keys set size:undefined disposed:false
2738 silly fetch manifest @babel/plugin-transform-template-literals@^7.27.1
2739 silly packumentCache full:https://registry.npmjs.org/@babel%2fplugin-transform-template-literals cache-miss
2740 http fetch GET 200 https://registry.npmjs.org/@babel%2fplugin-transform-regexp-modifiers 53ms (cache miss)
2741 silly packumentCache full:https://registry.npmjs.org/@babel%2fplugin-transform-regexp-modifiers set size:undefined disposed:false
2742 silly fetch manifest @babel/plugin-transform-class-static-block@^7.28.6
2743 silly packumentCache full:https://registry.npmjs.org/@babel%2fplugin-transform-class-static-block cache-miss
2744 http cache https://registry.npmjs.org/@babel%2fplugin-transform-template-literals 7ms (cache hit)
2745 silly packumentCache full:https://registry.npmjs.org/@babel%2fplugin-transform-template-literals set size:220692 disposed:false
2746 silly fetch manifest @babel/plugin-transform-unicode-sets-regex@^7.28.6
2747 silly packumentCache full:https://registry.npmjs.org/@babel%2fplugin-transform-unicode-sets-regex cache-miss
2748 http fetch GET 200 https://registry.npmjs.org/@babel%2fplugin-transform-dynamic-import 230ms (cache miss)
2749 silly packumentCache full:https://registry.npmjs.org/@babel%2fplugin-transform-dynamic-import set size:undefined disposed:false
2750 silly fetch manifest @babel/plugin-transform-block-scoped-functions@^7.27.1
2751 silly packumentCache full:https://registry.npmjs.org/@babel%2fplugin-transform-block-scoped-functions cache-miss
2752 http fetch GET 200 https://registry.npmjs.org/@babel%2fplugin-transform-block-scoped-functions 46ms (cache miss)
2753 silly packumentCache full:https://registry.npmjs.org/@babel%2fplugin-transform-block-scoped-functions set size:undefined disposed:false
2754 silly fetch manifest @babel/plugin-transform-unicode-property-regex@^7.28.6
2755 silly packumentCache full:https://registry.npmjs.org/@babel%2fplugin-transform-unicode-property-regex cache-miss
2756 http fetch GET 200 https://registry.npmjs.org/@babel%2fplugin-transform-reserved-words 237ms (cache miss)
2757 silly packumentCache full:https://registry.npmjs.org/@babel%2fplugin-transform-reserved-words set size:undefined disposed:false
2758 silly fetch manifest @babel/plugin-transform-exponentiation-operator@^7.28.6
2759 silly packumentCache full:https://registry.npmjs.org/@babel%2fplugin-transform-exponentiation-operator cache-miss
2760 http fetch GET 200 https://registry.npmjs.org/@babel%2fplugin-transform-unicode-escapes 227ms (cache miss)
2761 silly packumentCache full:https://registry.npmjs.org/@babel%2fplugin-transform-unicode-escapes set size:undefined disposed:false
2762 silly fetch manifest @babel/plugin-proposal-private-property-in-object@7.21.0-placeholder-for-preset-env.2
2763 silly packumentCache full:https://registry.npmjs.org/@babel%2fplugin-proposal-private-property-in-object cache-miss
2764 http fetch GET 200 https://registry.npmjs.org/@babel%2fplugin-syntax-unicode-sets-regex 282ms (cache miss)
2765 silly packumentCache full:https://registry.npmjs.org/@babel%2fplugin-syntax-unicode-sets-regex set size:undefined disposed:false
2766 silly fetch manifest @babel/plugin-transform-member-expression-literals@^7.27.1
2767 silly packumentCache full:https://registry.npmjs.org/@babel%2fplugin-transform-member-expression-literals cache-miss
2768 http fetch GET 200 https://registry.npmjs.org/@babel%2fplugin-transform-exponentiation-operator 61ms (cache miss)
2769 silly packumentCache full:https://registry.npmjs.org/@babel%2fplugin-transform-exponentiation-operator set size:undefined disposed:false
2770 silly fetch manifest @babel/plugin-transform-explicit-resource-management@^7.28.6
2771 silly packumentCache full:https://registry.npmjs.org/@babel%2fplugin-transform-explicit-resource-management cache-miss
2772 http fetch GET 200 https://registry.npmjs.org/@babel%2fplugin-transform-member-expression-literals 43ms (cache miss)
2773 silly packumentCache full:https://registry.npmjs.org/@babel%2fplugin-transform-member-expression-literals set size:undefined disposed:false
2774 silly fetch manifest @babel/plugin-bugfix-firefox-class-in-computed-class-key@^7.28.5
2775 silly packumentCache full:https://registry.npmjs.org/@babel%2fplugin-bugfix-firefox-class-in-computed-class-key cache-miss
2776 http fetch GET 200 https://registry.npmjs.org/@babel%2fplugin-transform-explicit-resource-management 45ms (cache miss)
2777 silly packumentCache full:https://registry.npmjs.org/@babel%2fplugin-transform-explicit-resource-management set size:undefined disposed:false
2778 silly fetch manifest @babel/plugin-bugfix-safari-rest-destructuring-rhs-array@^7.29.3
2779 silly packumentCache full:https://registry.npmjs.org/@babel%2fplugin-bugfix-safari-rest-destructuring-rhs-array cache-miss
2780 http fetch GET 200 https://registry.npmjs.org/@babel%2fplugin-transform-property-literals 244ms (cache miss)
2781 silly packumentCache full:https://registry.npmjs.org/@babel%2fplugin-transform-property-literals set size:undefined disposed:false
2782 silly fetch manifest @babel/plugin-bugfix-safari-class-field-initializer-scope@^7.27.1
2783 silly packumentCache full:https://registry.npmjs.org/@babel%2fplugin-bugfix-safari-class-field-initializer-scope cache-miss
2784 http fetch GET 200 https://registry.npmjs.org/@babel%2fplugin-transform-unicode-sets-regex 234ms (cache miss)
2785 silly packumentCache full:https://registry.npmjs.org/@babel%2fplugin-transform-unicode-sets-regex set size:undefined disposed:false
2786 silly fetch manifest @babel/plugin-bugfix-v8-static-class-fields-redefine-readonly@^7.28.6
2787 silly packumentCache full:https://registry.npmjs.org/@babel%2fplugin-bugfix-v8-static-class-fields-redefine-readonly cache-miss
2788 http fetch GET 200 https://registry.npmjs.org/@babel%2fplugin-bugfix-safari-rest-destructuring-rhs-array 52ms (cache miss)
2789 silly packumentCache full:https://registry.npmjs.org/@babel%2fplugin-bugfix-safari-rest-destructuring-rhs-array set size:undefined disposed:false
2790 silly fetch manifest @babel/plugin-bugfix-v8-spread-parameters-in-optional-chaining@^7.27.1
2791 silly packumentCache full:https://registry.npmjs.org/@babel%2fplugin-bugfix-v8-spread-parameters-in-optional-chaining cache-miss
2792 http fetch GET 200 https://registry.npmjs.org/@babel%2fplugin-bugfix-safari-class-field-initializer-scope 48ms (cache miss)
2793 silly packumentCache full:https://registry.npmjs.org/@babel%2fplugin-bugfix-safari-class-field-initializer-scope set size:undefined disposed:false
2794 silly fetch manifest @babel/plugin-transform-duplicate-named-capturing-groups-regex@^7.29.0
2795 silly packumentCache full:https://registry.npmjs.org/@babel%2fplugin-transform-duplicate-named-capturing-groups-regex cache-miss
2796 http fetch GET 200 https://registry.npmjs.org/@babel%2fplugin-bugfix-v8-static-class-fields-redefine-readonly 45ms (cache miss)
2797 silly packumentCache full:https://registry.npmjs.org/@babel%2fplugin-bugfix-v8-static-class-fields-redefine-readonly set size:undefined disposed:false
2798 silly fetch manifest @babel/plugin-bugfix-safari-id-destructuring-collision-in-function-expression@^7.27.1
2799 silly packumentCache full:https://registry.npmjs.org/@babel%2fplugin-bugfix-safari-id-destructuring-collision-in-function-expression cache-miss
2800 http fetch GET 200 https://registry.npmjs.org/@babel%2fplugin-transform-unicode-property-regex 220ms (cache miss)
2801 silly packumentCache full:https://registry.npmjs.org/@babel%2fplugin-transform-unicode-property-regex set size:undefined disposed:false
2802 http fetch GET 200 https://registry.npmjs.org/@babel%2fplugin-proposal-private-property-in-object 241ms (cache miss)
2803 silly packumentCache full:https://registry.npmjs.org/@babel%2fplugin-proposal-private-property-in-object set size:undefined disposed:false
2804 http fetch GET 200 https://registry.npmjs.org/@babel%2fplugin-transform-duplicate-named-capturing-groups-regex 58ms (cache miss)
2805 silly packumentCache full:https://registry.npmjs.org/@babel%2fplugin-transform-duplicate-named-capturing-groups-regex set size:undefined disposed:false
2806 http fetch GET 200 https://registry.npmjs.org/@babel%2fplugin-bugfix-firefox-class-in-computed-class-key 235ms (cache miss)
2807 silly packumentCache full:https://registry.npmjs.org/@babel%2fplugin-bugfix-firefox-class-in-computed-class-key set size:undefined disposed:false
2808 http fetch GET 200 https://registry.npmjs.org/@babel%2fplugin-transform-class-static-block 430ms (cache miss)
2809 silly packumentCache full:https://registry.npmjs.org/@babel%2fplugin-transform-class-static-block set size:undefined disposed:false
2810 http fetch GET 200 https://registry.npmjs.org/@babel%2fplugin-bugfix-v8-spread-parameters-in-optional-chaining 281ms (cache miss)
2811 silly packumentCache full:https://registry.npmjs.org/@babel%2fplugin-bugfix-v8-spread-parameters-in-optional-chaining set size:undefined disposed:false
2812 http fetch GET 200 https://registry.npmjs.org/@babel%2fplugin-bugfix-safari-id-destructuring-collision-in-function-expression 243ms (cache miss)
2813 silly packumentCache full:https://registry.npmjs.org/@babel%2fplugin-bugfix-safari-id-destructuring-collision-in-function-expression set size:undefined disposed:false
2814 silly placeDep ROOT @babel/plugin-bugfix-firefox-class-in-computed-class-key@7.28.5 OK for: @babel/preset-env@7.29.5 want: ^7.28.5
2815 silly placeDep ROOT @babel/plugin-bugfix-safari-class-field-initializer-scope@7.27.1 OK for: @babel/preset-env@7.29.5 want: ^7.27.1
2816 silly placeDep ROOT @babel/plugin-bugfix-safari-id-destructuring-collision-in-function-expression@7.27.1 OK for: @babel/preset-env@7.29.5 want: ^7.27.1
2817 silly placeDep ROOT @babel/plugin-bugfix-safari-rest-destructuring-rhs-array@7.29.3 OK for: @babel/preset-env@7.29.5 want: ^7.29.3
2818 silly placeDep ROOT @babel/plugin-bugfix-v8-spread-parameters-in-optional-chaining@7.27.1 OK for: @babel/preset-env@7.29.5 want: ^7.27.1
2819 silly placeDep ROOT @babel/plugin-bugfix-v8-static-class-fields-redefine-readonly@7.28.6 OK for: @babel/preset-env@7.29.5 want: ^7.28.6
2820 silly placeDep ROOT @babel/plugin-proposal-private-property-in-object@7.21.0-placeholder-for-preset-env.2 OK for: @babel/preset-env@7.29.5 want: 7.21.0-placeholder-for-preset-env.2
2821 silly placeDep ROOT @babel/plugin-syntax-import-assertions@7.28.6 OK for: @babel/preset-env@7.29.5 want: ^7.28.6
2822 silly placeDep ROOT @babel/plugin-syntax-import-attributes@7.28.6 OK for: @babel/preset-env@7.29.5 want: ^7.28.6
2823 silly placeDep ROOT @babel/plugin-syntax-unicode-sets-regex@7.18.6 OK for: @babel/preset-env@7.29.5 want: ^7.18.6
2824 silly placeDep ROOT @babel/plugin-transform-block-scoped-functions@7.27.1 OK for: @babel/preset-env@7.29.5 want: ^7.27.1
2825 silly placeDep ROOT @babel/plugin-transform-class-static-block@7.28.6 OK for: @babel/preset-env@7.29.5 want: ^7.28.6
2826 silly placeDep ROOT @babel/plugin-transform-dotall-regex@7.28.6 OK for: @babel/preset-env@7.29.5 want: ^7.28.6
2827 silly placeDep ROOT @babel/plugin-transform-duplicate-keys@7.27.1 OK for: @babel/preset-env@7.29.5 want: ^7.27.1
2828 silly placeDep ROOT @babel/plugin-transform-duplicate-named-capturing-groups-regex@7.29.0 OK for: @babel/preset-env@7.29.5 want: ^7.29.0
2829 silly placeDep ROOT @babel/plugin-transform-dynamic-import@7.27.1 OK for: @babel/preset-env@7.29.5 want: ^7.27.1
2830 silly placeDep ROOT @babel/plugin-transform-explicit-resource-management@7.28.6 OK for: @babel/preset-env@7.29.5 want: ^7.28.6
2831 silly placeDep ROOT @babel/plugin-transform-exponentiation-operator@7.28.6 OK for: @babel/preset-env@7.29.5 want: ^7.28.6
2832 silly placeDep ROOT @babel/plugin-transform-json-strings@7.28.6 OK for: @babel/preset-env@7.29.5 want: ^7.28.6
2833 silly placeDep ROOT @babel/plugin-transform-member-expression-literals@7.27.1 OK for: @babel/preset-env@7.29.5 want: ^7.27.1
2834 silly placeDep ROOT @babel/plugin-transform-modules-amd@7.27.1 OK for: @babel/preset-env@7.29.5 want: ^7.27.1
2835 silly placeDep ROOT @babel/plugin-transform-modules-systemjs@7.29.4 OK for: @babel/preset-env@7.29.5 want: ^7.29.4
2836 silly placeDep ROOT @babel/plugin-transform-modules-umd@7.27.1 OK for: @babel/preset-env@7.29.5 want: ^7.27.1
2837 silly placeDep ROOT @babel/plugin-transform-new-target@7.27.1 OK for: @babel/preset-env@7.29.5 want: ^7.27.1
2838 silly placeDep ROOT @babel/plugin-transform-object-super@7.27.1 OK for: @babel/preset-env@7.29.5 want: ^7.27.1
2839 silly placeDep ROOT @babel/plugin-transform-property-literals@7.27.1 OK for: @babel/preset-env@7.29.5 want: ^7.27.1
2840 silly placeDep ROOT @babel/plugin-transform-regexp-modifiers@7.28.6 OK for: @babel/preset-env@7.29.5 want: ^7.28.6
2841 silly placeDep ROOT @babel/plugin-transform-reserved-words@7.27.1 OK for: @babel/preset-env@7.29.5 want: ^7.27.1
2842 silly placeDep ROOT @babel/plugin-transform-template-literals@7.27.1 OK for: @babel/preset-env@7.29.5 want: ^7.27.1
2843 silly placeDep ROOT @babel/plugin-transform-typeof-symbol@7.27.1 OK for: @babel/preset-env@7.29.5 want: ^7.27.1
2844 silly placeDep ROOT @babel/plugin-transform-unicode-escapes@7.27.1 OK for: @babel/preset-env@7.29.5 want: ^7.27.1
2845 silly placeDep ROOT @babel/plugin-transform-unicode-property-regex@7.28.6 OK for: @babel/preset-env@7.29.5 want: ^7.28.6
2846 silly placeDep ROOT @babel/plugin-transform-unicode-sets-regex@7.28.6 OK for: @babel/preset-env@7.29.5 want: ^7.28.6
2847 silly placeDep ROOT @babel/preset-modules@0.1.6-no-external-plugins OK for: @babel/preset-env@7.29.5 want: 0.1.6-no-external-plugins
2848 silly placeDep node_modules/@babel/preset-env babel-plugin-polyfill-corejs3@0.14.2 OK for: @babel/preset-env@7.29.5 want: ^0.14.0
2849 silly placeDep ROOT core-js-compat@3.49.0 OK for: @babel/preset-env@7.29.5 want: ^3.48.0
2850 silly fetch manifest esutils@^2.0.2
2851 silly packumentCache full:https://registry.npmjs.org/esutils cache-miss
2852 http fetch GET 200 https://registry.npmjs.org/esutils 50ms (cache miss)
2853 silly packumentCache full:https://registry.npmjs.org/esutils set size:undefined disposed:false
2854 silly placeDep ROOT esutils@2.0.3 OK for: @babel/preset-modules@0.1.6-no-external-plugins want: ^2.0.2
2855 silly placeDep node_modules/@react-native/codegen glob@7.2.3 OK for: @react-native/codegen@0.76.9 want: ^7.1.1
2856 silly placeDep ROOT hermes-parser@0.23.1 OK for: @react-native/codegen@0.76.9 want: 0.23.1
2857 silly placeDep ROOT jscodeshift@0.14.0 OK for: @react-native/codegen@0.76.9 want: ^0.14.0
2858 silly placeDep ROOT mkdirp@0.5.6 OK for: @react-native/codegen@0.76.9 want: ^0.5.1
2859 silly placeDep ROOT yargs@17.7.2 OK for: @react-native/codegen@0.76.9 want: ^17.6.2
2860 silly fetch manifest once@^1.3.0
2861 silly packumentCache full:https://registry.npmjs.org/once cache-miss
2862 silly fetch manifest inflight@^1.0.4
2863 silly packumentCache full:https://registry.npmjs.org/inflight cache-miss
2864 silly fetch manifest inherits@2
2865 silly packumentCache full:https://registry.npmjs.org/inherits cache-miss
2866 silly fetch manifest fs.realpath@^1.0.0
2867 silly packumentCache full:https://registry.npmjs.org/fs.realpath cache-miss
2868 silly fetch manifest path-is-absolute@^1.0.0
2869 silly packumentCache full:https://registry.npmjs.org/path-is-absolute cache-miss
2870 silly fetch manifest hermes-estree@0.23.1
2871 silly packumentCache full:https://registry.npmjs.org/hermes-estree cache-miss
2872 silly fetch manifest temp@^0.8.4
2873 silly packumentCache full:https://registry.npmjs.org/temp cache-miss
2874 http fetch GET 200 https://registry.npmjs.org/path-is-absolute 40ms (cache miss)
2875 silly packumentCache full:https://registry.npmjs.org/path-is-absolute set size:undefined disposed:false
2876 silly fetch manifest recast@^0.21.0
2877 silly packumentCache full:https://registry.npmjs.org/recast cache-miss
2878 http fetch GET 200 https://registry.npmjs.org/fs.realpath 43ms (cache miss)
2879 silly packumentCache full:https://registry.npmjs.org/fs.realpath set size:undefined disposed:false
2880 silly fetch manifest node-dir@^0.1.17
2881 silly packumentCache full:https://registry.npmjs.org/node-dir cache-miss
2882 http fetch GET 200 https://registry.npmjs.org/inherits 49ms (cache miss)
2883 silly packumentCache full:https://registry.npmjs.org/inherits set size:undefined disposed:false
2884 silly fetch manifest neo-async@^2.5.0
2885 silly packumentCache full:https://registry.npmjs.org/neo-async cache-miss
2886 http fetch GET 200 https://registry.npmjs.org/node-dir 54ms (cache miss)
2887 silly packumentCache full:https://registry.npmjs.org/node-dir set size:undefined disposed:false
2888 silly fetch manifest babel-core@^7.0.0-bridge.0
2889 silly packumentCache full:https://registry.npmjs.org/babel-core cache-miss
2890 http fetch GET 200 https://registry.npmjs.org/neo-async 50ms (cache miss)
2891 silly packumentCache full:https://registry.npmjs.org/neo-async set size:undefined disposed:false
2892 silly fetch manifest micromatch@^4.0.4
2893 silly packumentCache full:https://registry.npmjs.org/micromatch cache-miss
2894 http cache https://registry.npmjs.org/micromatch 7ms (cache hit)
2895 silly packumentCache full:https://registry.npmjs.org/micromatch set size:240630 disposed:false
2896 silly fetch manifest flow-parser@0.*
2897 silly packumentCache full:https://registry.npmjs.org/flow-parser cache-miss
2898 http fetch GET 200 https://registry.npmjs.org/babel-core 68ms (cache miss)
2899 silly packumentCache full:https://registry.npmjs.org/babel-core set size:undefined disposed:false
2900 silly fetch manifest graceful-fs@^4.2.4
2901 silly packumentCache full:https://registry.npmjs.org/graceful-fs cache-miss
2902 http cache https://registry.npmjs.org/graceful-fs 5ms (cache hit)
2903 silly packumentCache full:https://registry.npmjs.org/graceful-fs set size:124285 disposed:false
2904 silly fetch manifest @babel/register@^7.13.16
2905 silly packumentCache full:https://registry.npmjs.org/@babel%2fregister cache-miss
2906 http fetch GET 200 https://registry.npmjs.org/flow-parser 82ms (cache miss)
2907 silly packumentCache full:https://registry.npmjs.org/flow-parser set size:undefined disposed:false
2908 silly fetch manifest @babel/preset-flow@^7.13.13
2909 silly packumentCache full:https://registry.npmjs.org/@babel%2fpreset-flow cache-miss
2910 http fetch GET 200 https://registry.npmjs.org/inflight 216ms (cache miss)
2911 silly packumentCache full:https://registry.npmjs.org/inflight set size:undefined disposed:false
2912 silly fetch manifest @babel/plugin-proposal-class-properties@^7.13.0
2913 silly packumentCache full:https://registry.npmjs.org/@babel%2fplugin-proposal-class-properties cache-miss
2914 http fetch GET 200 https://registry.npmjs.org/hermes-estree 217ms (cache miss)
2915 silly packumentCache full:https://registry.npmjs.org/hermes-estree set size:undefined disposed:false
2916 silly fetch manifest @babel/plugin-proposal-optional-chaining@^7.13.12
2917 silly packumentCache full:https://registry.npmjs.org/@babel%2fplugin-proposal-optional-chaining cache-miss
2918 http fetch GET 200 https://registry.npmjs.org/once 221ms (cache miss)
2919 silly packumentCache full:https://registry.npmjs.org/once set size:undefined disposed:false
2920 silly fetch manifest @babel/plugin-proposal-nullish-coalescing-operator@^7.13.8
2921 silly packumentCache full:https://registry.npmjs.org/@babel%2fplugin-proposal-nullish-coalescing-operator cache-miss
2922 http fetch GET 200 https://registry.npmjs.org/temp 225ms (cache miss)
2923 silly packumentCache full:https://registry.npmjs.org/temp set size:undefined disposed:false
2924 silly fetch manifest minimist@^1.2.6
2925 silly packumentCache full:https://registry.npmjs.org/minimist cache-miss
2926 http fetch GET 200 https://registry.npmjs.org/@babel%2fregister 60ms (cache miss)
2927 silly packumentCache full:https://registry.npmjs.org/@babel%2fregister set size:undefined disposed:false
2928 silly fetch manifest y18n@^5.0.5
2929 silly packumentCache full:https://registry.npmjs.org/y18n cache-miss
2930 http fetch GET 200 https://registry.npmjs.org/minimist 38ms (cache miss)
2931 silly packumentCache full:https://registry.npmjs.org/minimist set size:undefined disposed:false
2932 silly fetch manifest cliui@^8.0.1
2933 silly packumentCache full:https://registry.npmjs.org/cliui cache-miss
2934 http fetch GET 200 https://registry.npmjs.org/@babel%2fplugin-proposal-nullish-coalescing-operator 48ms (cache miss)
2935 silly packumentCache full:https://registry.npmjs.org/@babel%2fplugin-proposal-nullish-coalescing-operator set size:undefined disposed:false
2936 silly fetch manifest escalade@^3.1.1
2937 silly packumentCache full:https://registry.npmjs.org/escalade cache-miss
2938 http fetch GET 200 https://registry.npmjs.org/recast 233ms (cache miss)
2939 silly packumentCache full:https://registry.npmjs.org/recast set size:undefined disposed:false
2940 silly fetch manifest string-width@^4.2.3
2941 silly packumentCache full:https://registry.npmjs.org/string-width cache-miss
2942 http cache https://registry.npmjs.org/escalade 12ms (cache hit)
2943 silly packumentCache full:https://registry.npmjs.org/escalade set size:33724 disposed:false
2944 silly fetch manifest yargs-parser@^21.1.1
2945 silly packumentCache full:https://registry.npmjs.org/yargs-parser cache-miss
2946 http cache https://registry.npmjs.org/string-width 3ms (cache hit)
2947 silly packumentCache full:https://registry.npmjs.org/string-width set size:70381 disposed:false
2948 silly fetch manifest get-caller-file@^2.0.5
2949 silly packumentCache full:https://registry.npmjs.org/get-caller-file cache-miss
2950 http fetch GET 200 https://registry.npmjs.org/get-caller-file 32ms (cache miss)
2951 silly packumentCache full:https://registry.npmjs.org/get-caller-file set size:undefined disposed:false
2952 silly fetch manifest require-directory@^2.1.1
2953 silly packumentCache full:https://registry.npmjs.org/require-directory cache-miss
2954 http fetch GET 200 https://registry.npmjs.org/yargs-parser 42ms (cache miss)
2955 silly packumentCache full:https://registry.npmjs.org/yargs-parser set size:undefined disposed:false
2956 http fetch GET 200 https://registry.npmjs.org/require-directory 30ms (cache miss)
2957 silly packumentCache full:https://registry.npmjs.org/require-directory set size:undefined disposed:false
2958 http fetch GET 200 https://registry.npmjs.org/@babel%2fpreset-flow 243ms (cache miss)
2959 silly packumentCache full:https://registry.npmjs.org/@babel%2fpreset-flow set size:undefined disposed:false
2960 http fetch GET 200 https://registry.npmjs.org/@babel%2fplugin-proposal-optional-chaining 240ms (cache miss)
2961 silly packumentCache full:https://registry.npmjs.org/@babel%2fplugin-proposal-optional-chaining set size:undefined disposed:false
2962 http fetch GET 200 https://registry.npmjs.org/@babel%2fplugin-proposal-class-properties 250ms (cache miss)
2963 silly packumentCache full:https://registry.npmjs.org/@babel%2fplugin-proposal-class-properties set size:undefined disposed:false
2964 http fetch GET 200 https://registry.npmjs.org/cliui 231ms (cache miss)
2965 silly packumentCache full:https://registry.npmjs.org/cliui set size:undefined disposed:false
2966 http fetch GET 200 https://registry.npmjs.org/y18n 910ms (cache miss)
2967 silly packumentCache full:https://registry.npmjs.org/y18n set size:undefined disposed:false
2968 silly fetch manifest @babel/core@^7.4.0 || ^8.0.0-0 <8.0.0
2969 silly packumentCache full:https://registry.npmjs.org/@babel%2fcore cache-hit
2970 silly placeDep ROOT @babel/helper-define-polyfill-provider@0.6.8 OK for: babel-plugin-polyfill-corejs2@0.4.17 want: ^0.6.8
2971 silly placeDep node_modules/babel-plugin-syntax-hermes-parser hermes-parser@0.25.1 OK for: babel-plugin-syntax-hermes-parser@0.25.1 want: 0.25.1
2972 silly fetch manifest hermes-estree@0.25.1
2973 silly packumentCache full:https://registry.npmjs.org/hermes-estree cache-miss
2974 http cache https://registry.npmjs.org/hermes-estree 9ms (cache hit)
2975 silly packumentCache full:https://registry.npmjs.org/hermes-estree set size:130205 disposed:false
2976 silly placeDep node_modules/better-opn open@8.4.2 OK for: better-opn@3.0.2 want: ^8.0.4
2977 silly fetch manifest define-lazy-prop@^2.0.0
2978 silly packumentCache full:https://registry.npmjs.org/define-lazy-prop cache-miss
2979 http fetch GET 200 https://registry.npmjs.org/define-lazy-prop 219ms (cache miss)
2980 silly packumentCache full:https://registry.npmjs.org/define-lazy-prop set size:undefined disposed:false
2981 silly placeDep ROOT stream-buffers@2.2.0 OK for: bplist-creator@0.0.7 want: ~2.2.0
2982 silly placeDep ROOT big-integer@1.6.52 OK for: bplist-parser@0.3.2 want: 1.6.x
2983 silly placeDep ROOT @npmcli/fs@3.1.1 OK for: cacache@18.0.4 want: ^3.1.0
2984 silly placeDep ROOT fs-minipass@3.0.3 OK for: cacache@18.0.4 want: ^3.0.0
2985 silly placeDep node_modules/cacache lru-cache@10.4.3 OK for: cacache@18.0.4 want: ^10.0.1
2986 silly placeDep ROOT minipass@7.1.3 OK for: cacache@18.0.4 want: ^7.0.3
2987 silly placeDep ROOT minipass-collect@2.0.1 OK for: cacache@18.0.4 want: ^2.0.1
2988 silly placeDep ROOT minipass-flush@1.0.7 OK for: cacache@18.0.4 want: ^1.0.5
2989 silly placeDep ROOT minipass-pipeline@1.2.4 OK for: cacache@18.0.4 want: ^1.2.4
2990 silly placeDep ROOT p-map@4.0.0 OK for: cacache@18.0.4 want: ^4.0.0
2991 silly placeDep ROOT ssri@10.0.6 OK for: cacache@18.0.4 want: ^10.0.0
2992 silly placeDep ROOT unique-filename@3.0.0 OK for: cacache@18.0.4 want: ^3.0.0
2993 silly fetch manifest minipass@^3.0.0
2994 silly packumentCache full:https://registry.npmjs.org/minipass cache-hit
2995 silly fetch manifest minipass@^3.0.0
2996 silly packumentCache full:https://registry.npmjs.org/minipass cache-hit
2997 silly fetch manifest aggregate-error@^3.0.0
2998 silly packumentCache full:https://registry.npmjs.org/aggregate-error cache-miss
2999 silly fetch manifest unique-slug@^4.0.0
3000 silly packumentCache full:https://registry.npmjs.org/unique-slug cache-miss
3001 http fetch GET 200 https://registry.npmjs.org/unique-slug 46ms (cache miss)
3002 silly packumentCache full:https://registry.npmjs.org/unique-slug set size:undefined disposed:false
3003 http fetch GET 200 https://registry.npmjs.org/aggregate-error 224ms (cache miss)
3004 silly packumentCache full:https://registry.npmjs.org/aggregate-error set size:undefined disposed:false
3005 silly placeDep node_modules/@npmcli/fs semver@7.8.0 OK for: @npmcli/fs@3.1.1 want: ^7.3.5
3006 silly placeDep ROOT ansi-styles@4.3.0 OK for: chalk@4.1.2 want: ^4.1.0
3007 silly placeDep ROOT supports-color@7.2.0 OK for: chalk@4.1.2 want: ^7.1.0
3008 silly fetch manifest color-convert@^2.0.1
3009 silly packumentCache full:https://registry.npmjs.org/color-convert cache-miss
3010 silly fetch manifest has-flag@^4.0.0
3011 silly packumentCache full:https://registry.npmjs.org/has-flag cache-miss
3012 http fetch GET 200 https://registry.npmjs.org/color-convert 49ms (cache miss)
3013 silly packumentCache full:https://registry.npmjs.org/color-convert set size:undefined disposed:false
3014 http fetch GET 200 https://registry.npmjs.org/has-flag 214ms (cache miss)
3015 silly packumentCache full:https://registry.npmjs.org/has-flag set size:undefined disposed:false
3016 silly placeDep ROOT color-convert@2.0.1 OK for: ansi-styles@4.3.0 want: ^2.0.1
3017 silly fetch manifest color-name@~1.1.4
3018 silly packumentCache full:https://registry.npmjs.org/color-name cache-miss
3019 http fetch GET 200 https://registry.npmjs.org/color-name 33ms (cache miss)
3020 silly packumentCache full:https://registry.npmjs.org/color-name set size:undefined disposed:false
3021 silly placeDep ROOT @types/node@25.8.0 OK for: chrome-launcher@0.15.2 want: *
3022 silly placeDep ROOT escape-string-regexp@4.0.0 OK for: chrome-launcher@0.15.2 want: ^4.0.0
3023 silly placeDep ROOT lighthouse-logger@1.4.2 OK for: chrome-launcher@0.15.2 want: ^1.0.0
3024 silly fetch manifest undici-types@>=7.24.0 <7.24.7
3025 silly packumentCache full:https://registry.npmjs.org/undici-types cache-miss
3026 silly fetch manifest debug@^2.6.9
3027 silly packumentCache full:https://registry.npmjs.org/debug cache-hit
3028 silly fetch manifest marky@^1.2.2
3029 silly packumentCache full:https://registry.npmjs.org/marky cache-miss
3030 http fetch GET 200 https://registry.npmjs.org/undici-types 53ms (cache miss)
3031 silly packumentCache full:https://registry.npmjs.org/undici-types set size:undefined disposed:false
3032 http fetch GET 200 https://registry.npmjs.org/marky 220ms (cache miss)
3033 silly packumentCache full:https://registry.npmjs.org/marky set size:undefined disposed:false
3034 silly placeDep ROOT undici-types@7.24.6 OK for: @types/node@25.8.0 want: >=7.24.0 <7.24.7
3035 silly placeDep node_modules/chromium-edge-launcher mkdirp@1.0.4 OK for: chromium-edge-launcher@0.2.0 want: ^1.0.4
3036 silly placeDep ROOT rimraf@3.0.2 OK for: chromium-edge-launcher@0.2.0 want: ^3.0.2
3037 silly fetch manifest glob@^7.1.3
3038 silly packumentCache full:https://registry.npmjs.org/glob cache-hit
3039 silly placeDep ROOT color-name@1.1.4 OK for: color-convert@2.0.1 want: ~1.1.4
3040 silly placeDep ROOT bytes@3.1.2 OK for: compression@1.8.1 want: 3.1.2
3041 silly placeDep ROOT compressible@2.0.18 OK for: compression@1.8.1 want: ~2.0.18
3042 silly placeDep node_modules/compression debug@2.6.9 OK for: compression@1.8.1 want: 2.6.9
3043 silly placeDep node_modules/compression negotiator@0.6.4 OK for: compression@1.8.1 want: ~0.6.4
3044 silly placeDep ROOT on-headers@1.1.0 OK for: compression@1.8.1 want: ~1.1.0
3045 silly placeDep ROOT safe-buffer@5.2.1 OK for: compression@1.8.1 want: 5.2.1
3046 silly placeDep ROOT vary@1.1.2 OK for: compression@1.8.1 want: ~1.1.2
3047 silly fetch manifest mime-db@>= 1.43.0 < 2
3048 silly packumentCache full:https://registry.npmjs.org/mime-db cache-miss
3049 http cache https://registry.npmjs.org/mime-db 13ms (cache hit)
3050 silly packumentCache full:https://registry.npmjs.org/mime-db set size:164953 disposed:false
3051 silly placeDep ROOT mime-db@1.54.0 OK for: compressible@2.0.18 want: >= 1.43.0 < 2
3052 silly placeDep node_modules/connect debug@2.6.9 OK for: connect@3.7.0 want: 2.6.9
3053 silly placeDep ROOT finalhandler@1.1.2 OK for: connect@3.7.0 want: 1.1.2
3054 silly placeDep ROOT parseurl@1.3.3 OK for: connect@3.7.0 want: ~1.3.3
3055 silly placeDep ROOT utils-merge@1.0.1 OK for: connect@3.7.0 want: 1.0.1
3056 silly fetch manifest unpipe@~1.0.0
3057 silly packumentCache full:https://registry.npmjs.org/unpipe cache-miss
3058 silly fetch manifest statuses@~1.5.0
3059 silly packumentCache full:https://registry.npmjs.org/statuses cache-miss
3060 silly fetch manifest encodeurl@~1.0.2
3061 silly packumentCache full:https://registry.npmjs.org/encodeurl cache-miss
3062 silly fetch manifest on-finished@~2.3.0
3063 silly packumentCache full:https://registry.npmjs.org/on-finished cache-miss
3064 http cache https://registry.npmjs.org/encodeurl 13ms (cache hit)
3065 silly packumentCache full:https://registry.npmjs.org/encodeurl set size:12296 disposed:false
3066 http cache https://registry.npmjs.org/statuses 14ms (cache hit)
3067 silly packumentCache full:https://registry.npmjs.org/statuses set size:37117 disposed:false
3068 http cache https://registry.npmjs.org/on-finished 14ms (cache hit)
3069 silly packumentCache full:https://registry.npmjs.org/on-finished set size:23212 disposed:false
3070 http fetch GET 200 https://registry.npmjs.org/unpipe 34ms (cache miss)
3071 silly packumentCache full:https://registry.npmjs.org/unpipe set size:undefined disposed:false
3072 silly placeDep ROOT path-key@3.1.1 OK for: cross-spawn@7.0.6 want: ^3.1.0
3073 silly placeDep ROOT shebang-command@2.0.0 OK for: cross-spawn@7.0.6 want: ^2.0.0
3074 silly placeDep ROOT which@2.0.2 OK for: cross-spawn@7.0.6 want: ^2.0.1
3075 silly fetch manifest shebang-regex@^3.0.0
3076 silly packumentCache full:https://registry.npmjs.org/shebang-regex cache-miss
3077 silly fetch manifest isexe@^2.0.0
3078 silly packumentCache full:https://registry.npmjs.org/isexe cache-miss
3079 http fetch GET 200 https://registry.npmjs.org/shebang-regex 220ms (cache miss)
3080 silly packumentCache full:https://registry.npmjs.org/shebang-regex set size:undefined disposed:false
3081 http fetch GET 200 https://registry.npmjs.org/isexe 232ms (cache miss)
3082 silly packumentCache full:https://registry.npmjs.org/isexe set size:undefined disposed:false
3083 silly placeDep ROOT md5-file@3.2.3 OK for: expo-asset@11.0.5 want: ^3.2.3
3084 silly fetch manifest buffer-alloc@^1.1.0
3085 silly packumentCache full:https://registry.npmjs.org/buffer-alloc cache-miss
3086 http fetch GET 200 https://registry.npmjs.org/buffer-alloc 221ms (cache miss)
3087 silly packumentCache full:https://registry.npmjs.org/buffer-alloc set size:undefined disposed:false
3088 silly placeDep ROOT fontfaceobserver@2.3.0 OK for: expo-font@13.0.4 want: ^2.1.0
3089 silly placeDep ROOT expo-image-loader@5.0.0 OK for: expo-image-picker@16.0.6 want: ~5.0.0
3090 silly placeDep ROOT commander@7.2.0 OK for: expo-modules-autolinking@2.0.8 want: ^7.2.0
3091 silly placeDep node_modules/expo-modules-autolinking fs-extra@9.1.0 OK for: expo-modules-autolinking@2.0.8 want: ^9.1.0
3092 silly placeDep ROOT @ide/backoff@1.0.0 OK for: expo-notifications@0.29.14 want: ^1.0.0
3093 silly placeDep ROOT abort-controller@3.0.0 OK for: expo-notifications@0.29.14 want: ^3.0.0
3094 silly placeDep ROOT assert@2.1.0 OK for: expo-notifications@0.29.14 want: ^2.0.0
3095 silly placeDep ROOT badgin@1.2.3 OK for: expo-notifications@0.29.14 want: ^1.1.5
3096 silly placeDep ROOT expo-application@6.0.2 OK for: expo-notifications@0.29.14 want: ~6.0.2
3097 silly fetch manifest event-target-shim@^5.0.0
3098 silly packumentCache full:https://registry.npmjs.org/event-target-shim cache-miss
3099 silly fetch manifest util@^0.12.5
3100 silly packumentCache full:https://registry.npmjs.org/util cache-miss
3101 silly fetch manifest is-nan@^1.3.2
3102 silly packumentCache full:https://registry.npmjs.org/is-nan cache-miss
3103 silly fetch manifest call-bind@^1.0.2
3104 silly packumentCache full:https://registry.npmjs.org/call-bind cache-miss
3105 silly fetch manifest object-is@^1.1.5
3106 silly packumentCache full:https://registry.npmjs.org/object-is cache-miss
3107 silly fetch manifest object.assign@^4.1.4
3108 silly packumentCache full:https://registry.npmjs.org/object.assign cache-miss
3109 http cache https://registry.npmjs.org/event-target-shim 16ms (cache hit)
3110 silly packumentCache full:https://registry.npmjs.org/event-target-shim set size:103601 disposed:false
3111 http fetch GET 200 https://registry.npmjs.org/call-bind 49ms (cache miss)
3112 silly packumentCache full:https://registry.npmjs.org/call-bind set size:undefined disposed:false
3113 http fetch GET 200 https://registry.npmjs.org/object-is 50ms (cache miss)
3114 silly packumentCache full:https://registry.npmjs.org/object-is set size:undefined disposed:false
3115 http fetch GET 200 https://registry.npmjs.org/is-nan 56ms (cache miss)
3116 silly packumentCache full:https://registry.npmjs.org/is-nan set size:undefined disposed:false
3117 http fetch GET 200 https://registry.npmjs.org/object.assign 443ms (cache miss)
3118 silly packumentCache full:https://registry.npmjs.org/object.assign set size:undefined disposed:false
3119 http fetch GET 200 https://registry.npmjs.org/util 449ms (cache miss)
3120 silly packumentCache full:https://registry.npmjs.org/util set size:undefined disposed:false
3121 silly placeDep ROOT event-target-shim@5.0.1 OK for: abort-controller@3.0.0 want: ^5.0.0
3122 silly placeDep ROOT call-bind@1.0.9 OK for: assert@2.1.0 want: ^1.0.2
3123 silly placeDep ROOT is-nan@1.3.2 OK for: assert@2.1.0 want: ^1.3.2
3124 silly placeDep ROOT object-is@1.1.6 OK for: assert@2.1.0 want: ^1.1.5
3125 silly placeDep ROOT object.assign@4.1.7 OK for: assert@2.1.0 want: ^4.1.4
3126 silly placeDep ROOT util@0.12.5 OK for: assert@2.1.0 want: ^0.12.5
3127 silly fetch manifest call-bind-apply-helpers@^1.0.2
3128 silly packumentCache full:https://registry.npmjs.org/call-bind-apply-helpers cache-miss
3129 silly fetch manifest es-define-property@^1.0.1
3130 silly packumentCache full:https://registry.npmjs.org/es-define-property cache-miss
3131 silly fetch manifest get-intrinsic@^1.3.0
3132 silly packumentCache full:https://registry.npmjs.org/get-intrinsic cache-miss
3133 silly fetch manifest set-function-length@^1.2.2
3134 silly packumentCache full:https://registry.npmjs.org/set-function-length cache-miss
3135 silly fetch manifest define-properties@^1.1.3
3136 silly packumentCache full:https://registry.npmjs.org/define-properties cache-miss
3137 silly fetch manifest define-properties@^1.2.1
3138 silly packumentCache full:https://registry.npmjs.org/define-properties cache-miss
3139 silly fetch manifest call-bound@^1.0.3
3140 silly packumentCache full:https://registry.npmjs.org/call-bound cache-miss
3141 http fetch GET 200 https://registry.npmjs.org/call-bind-apply-helpers 234ms (cache miss)
3142 silly packumentCache full:https://registry.npmjs.org/call-bind-apply-helpers set size:undefined disposed:false
3143 silly fetch manifest define-properties@^1.2.1
3144 silly packumentCache full:https://registry.npmjs.org/define-properties cache-miss
3145 http fetch GET 200 https://registry.npmjs.org/define-properties 235ms (cache miss)
3146 silly packumentCache full:https://registry.npmjs.org/define-properties set size:undefined disposed:false
3147 silly fetch manifest es-object-atoms@^1.0.0
3148 silly packumentCache full:https://registry.npmjs.org/es-object-atoms cache-miss
3149 http fetch GET 200 https://registry.npmjs.org/set-function-length 246ms (cache miss)
3150 silly packumentCache full:https://registry.npmjs.org/set-function-length set size:undefined disposed:false
3151 silly fetch manifest has-symbols@^1.1.0
3152 silly packumentCache full:https://registry.npmjs.org/has-symbols cache-miss
3153 http fetch GET 200 https://registry.npmjs.org/es-define-property 248ms (cache miss)
3154 silly packumentCache full:https://registry.npmjs.org/es-define-property set size:undefined disposed:false
3155 silly fetch manifest object-keys@^1.1.1
3156 silly packumentCache full:https://registry.npmjs.org/object-keys cache-miss
3157 http fetch GET 200 https://registry.npmjs.org/call-bound 250ms (cache miss)
3158 silly packumentCache full:https://registry.npmjs.org/call-bound set size:undefined disposed:false
3159 silly fetch manifest inherits@^2.0.3
3160 silly packumentCache full:https://registry.npmjs.org/inherits cache-miss
3161 http fetch GET 200 https://registry.npmjs.org/define-properties 257ms (cache miss)
3162 silly packumentCache full:https://registry.npmjs.org/define-properties set size:undefined disposed:false
3163 silly fetch manifest is-arguments@^1.0.4
3164 silly packumentCache full:https://registry.npmjs.org/is-arguments cache-miss
3165 http fetch GET 200 https://registry.npmjs.org/get-intrinsic 261ms (cache miss)
3166 silly packumentCache full:https://registry.npmjs.org/get-intrinsic set size:undefined disposed:false
3167 silly fetch manifest is-generator-function@^1.0.7
3168 silly packumentCache full:https://registry.npmjs.org/is-generator-function cache-miss
3169 http cache https://registry.npmjs.org/inherits 14ms (cache hit)
3170 silly packumentCache full:https://registry.npmjs.org/inherits set size:12925 disposed:false
3171 silly fetch manifest is-typed-array@^1.1.3
3172 silly packumentCache full:https://registry.npmjs.org/is-typed-array cache-miss
3173 http fetch GET 200 https://registry.npmjs.org/define-properties 44ms (cache miss)
3174 silly packumentCache full:https://registry.npmjs.org/define-properties set size:undefined disposed:false
3175 silly fetch manifest which-typed-array@^1.1.2
3176 silly packumentCache full:https://registry.npmjs.org/which-typed-array cache-miss
3177 http fetch GET 200 https://registry.npmjs.org/es-object-atoms 36ms (cache miss)
3178 silly packumentCache full:https://registry.npmjs.org/es-object-atoms set size:undefined disposed:false
3179 http fetch GET 200 https://registry.npmjs.org/is-arguments 37ms (cache miss)
3180 silly packumentCache full:https://registry.npmjs.org/is-arguments set size:undefined disposed:false
3181 http fetch GET 200 https://registry.npmjs.org/which-typed-array 37ms (cache miss)
3182 silly packumentCache full:https://registry.npmjs.org/which-typed-array set size:undefined disposed:false
3183 http fetch GET 200 https://registry.npmjs.org/has-symbols 221ms (cache miss)
3184 silly packumentCache full:https://registry.npmjs.org/has-symbols set size:undefined disposed:false
3185 http fetch GET 200 https://registry.npmjs.org/object-keys 230ms (cache miss)
3186 silly packumentCache full:https://registry.npmjs.org/object-keys set size:undefined disposed:false
3187 http fetch GET 200 https://registry.npmjs.org/is-generator-function 220ms (cache miss)
3188 silly packumentCache full:https://registry.npmjs.org/is-generator-function set size:undefined disposed:false
3189 http fetch GET 200 https://registry.npmjs.org/is-typed-array 234ms (cache miss)
3190 silly packumentCache full:https://registry.npmjs.org/is-typed-array set size:undefined disposed:false
3191 silly placeDep ROOT call-bind-apply-helpers@1.0.2 OK for: call-bind@1.0.9 want: ^1.0.2
3192 silly placeDep ROOT es-define-property@1.0.1 OK for: call-bind@1.0.9 want: ^1.0.1
3193 silly placeDep ROOT get-intrinsic@1.3.0 OK for: call-bind@1.0.9 want: ^1.3.0
3194 silly placeDep ROOT set-function-length@1.2.2 OK for: call-bind@1.0.9 want: ^1.2.2
3195 silly fetch manifest function-bind@^1.1.2
3196 silly packumentCache full:https://registry.npmjs.org/function-bind cache-miss
3197 silly fetch manifest gopd@^1.2.0
3198 silly packumentCache full:https://registry.npmjs.org/gopd cache-miss
3199 silly fetch manifest get-proto@^1.0.1
3200 silly packumentCache full:https://registry.npmjs.org/get-proto cache-miss
3201 silly fetch manifest function-bind@^1.1.2
3202 silly packumentCache full:https://registry.npmjs.org/function-bind cache-miss
3203 silly fetch manifest es-object-atoms@^1.1.1
3204 silly packumentCache full:https://registry.npmjs.org/es-object-atoms cache-miss
3205 silly fetch manifest math-intrinsics@^1.1.0
3206 silly packumentCache full:https://registry.npmjs.org/math-intrinsics cache-miss
3207 silly fetch manifest define-data-property@^1.1.4
3208 silly packumentCache full:https://registry.npmjs.org/define-data-property cache-miss
3209 http cache https://registry.npmjs.org/es-object-atoms 13ms (cache hit)
3210 silly packumentCache full:https://registry.npmjs.org/es-object-atoms set size:15304 disposed:false
3211 silly fetch manifest function-bind@^1.1.2
3212 silly packumentCache full:https://registry.npmjs.org/function-bind cache-miss
3213 http fetch GET 200 https://registry.npmjs.org/math-intrinsics 48ms (cache miss)
3214 silly packumentCache full:https://registry.npmjs.org/math-intrinsics set size:undefined disposed:false
3215 silly fetch manifest gopd@^1.0.1
3216 silly packumentCache full:https://registry.npmjs.org/gopd cache-miss
3217 http fetch GET 200 https://registry.npmjs.org/function-bind 50ms (cache miss)
3218 silly packumentCache full:https://registry.npmjs.org/function-bind set size:undefined disposed:false
3219 silly fetch manifest has-property-descriptors@^1.0.2
3220 silly packumentCache full:https://registry.npmjs.org/has-property-descriptors cache-miss
3221 http fetch GET 200 https://registry.npmjs.org/gopd 52ms (cache miss)
3222 silly packumentCache full:https://registry.npmjs.org/gopd set size:undefined disposed:false
3223 http fetch GET 200 https://registry.npmjs.org/function-bind 60ms (cache miss)
3224 silly packumentCache full:https://registry.npmjs.org/function-bind set size:undefined disposed:false
3225 http fetch GET 200 https://registry.npmjs.org/function-bind 45ms (cache miss)
3226 silly packumentCache full:https://registry.npmjs.org/function-bind set size:undefined disposed:false
3227 http cache https://registry.npmjs.org/gopd 13ms (cache hit)
3228 silly packumentCache full:https://registry.npmjs.org/gopd set size:11458 disposed:false
3229 http fetch GET 200 https://registry.npmjs.org/has-property-descriptors 49ms (cache miss)
3230 silly packumentCache full:https://registry.npmjs.org/has-property-descriptors set size:undefined disposed:false
3231 http fetch GET 200 https://registry.npmjs.org/get-proto 233ms (cache miss)
3232 silly packumentCache full:https://registry.npmjs.org/get-proto set size:undefined disposed:false
3233 http fetch GET 200 https://registry.npmjs.org/define-data-property 230ms (cache miss)
3234 silly packumentCache full:https://registry.npmjs.org/define-data-property set size:undefined disposed:false
3235 silly placeDep ROOT es-errors@1.3.0 OK for: call-bind-apply-helpers@1.0.2 want: ^1.3.0
3236 silly placeDep ROOT function-bind@1.1.2 OK for: call-bind-apply-helpers@1.0.2 want: ^1.1.2
3237 silly fetch manifest react@^16.6.0 || ^17.0.0 || ^18.0.0
3238 silly packumentCache full:https://registry.npmjs.org/react cache-miss
3239 http cache https://registry.npmjs.org/react 30ms (cache hit)
3240 silly packumentCache full:https://registry.npmjs.org/react set size:6650647 disposed:false
3241 silly fetch manifest react-dom@^16.6.0 || ^17.0.0 || ^18.0.0
3242 silly packumentCache full:https://registry.npmjs.org/react-dom cache-miss
3243 http cache https://registry.npmjs.org/react-dom 31ms (cache hit)
3244 silly packumentCache full:https://registry.npmjs.org/react-dom set size:8868827 disposed:false
3245 silly fetch manifest react@^19.2.3
3246 silly packumentCache full:https://registry.npmjs.org/react cache-miss
3247 http cache https://registry.npmjs.org/react 17ms (cache hit)
3248 silly packumentCache full:https://registry.npmjs.org/react set size:6650647 disposed:false
3249 silly fetch manifest react@^16.8 || ^17.0 || ^18.0
3250 silly packumentCache full:https://registry.npmjs.org/react cache-miss
3251 http cache https://registry.npmjs.org/react 17ms (cache hit)
3252 silly packumentCache full:https://registry.npmjs.org/react set size:6650647 disposed:false
3253 silly fetch manifest react@>= 18.2.0
3254 silly packumentCache full:https://registry.npmjs.org/react cache-miss
3255 http cache https://registry.npmjs.org/react 17ms (cache hit)
3256 silly packumentCache full:https://registry.npmjs.org/react set size:6650647 disposed:false
3257 silly fetch manifest react-native-safe-area-context@*
3258 silly packumentCache full:https://registry.npmjs.org/react-native-safe-area-context cache-miss
3259 http cache https://registry.npmjs.org/react-native-safe-area-context 6ms (cache hit)
3260 silly packumentCache full:https://registry.npmjs.org/react-native-safe-area-context set size:662443 disposed:false
3261 silly fetch manifest react-native-screens@*
3262 silly packumentCache full:https://registry.npmjs.org/react-native-screens cache-miss
3263 http cache https://registry.npmjs.org/react-native-screens 11ms (cache hit)
3264 silly packumentCache full:https://registry.npmjs.org/react-native-screens set size:3914701 disposed:false
3265 silly placeDep ROOT @expo/metro-runtime@4.0.1 OK for: expo-router@4.0.22 want: 4.0.1
3266 silly placeDep ROOT @expo/server@0.5.3 OK for: expo-router@4.0.22 want: ^0.5.3
3267 silly placeDep ROOT @radix-ui/react-slot@1.0.1 OK for: expo-router@4.0.22 want: 1.0.1
3268 silly placeDep ROOT @react-navigation/bottom-tabs@7.16.1 OK for: expo-router@4.0.22 want: ^7.2.0
3269 silly placeDep ROOT @react-navigation/native@7.2.4 OK for: @react-navigation/bottom-tabs@7.16.1 want: ^7.2.4
3270 silly placeDep ROOT @react-navigation/native-stack@7.15.1 OK for: expo-router@4.0.22 want: ^7.2.0
3271 silly placeDep ROOT client-only@0.0.1 OK for: expo-router@4.0.22 want: ^0.0.1
3272 silly placeDep ROOT react-helmet-async@1.3.0 OK for: expo-router@4.0.22 want: ^1.3.0
3273 silly placeDep ROOT react-native-helmet-async@2.0.4 OK for: expo-router@4.0.22 want: 2.0.4
3274 silly placeDep ROOT react-native-is-edge-to-edge@1.3.1 OK for: expo-router@4.0.22 want: ^1.1.6
3275 silly placeDep ROOT schema-utils@4.3.3 OK for: expo-router@4.0.22 want: ^4.0.1
3276 silly placeDep node_modules/expo-router semver@7.6.3 OK for: expo-router@4.0.22 want: ~7.6.3
3277 silly placeDep ROOT server-only@0.0.1 OK for: expo-router@4.0.22 want: ^0.0.1
3278 silly fetch manifest @radix-ui/react-compose-refs@1.0.0
3279 silly packumentCache full:https://registry.npmjs.org/@radix-ui%2freact-compose-refs cache-miss
3280 silly fetch manifest @react-navigation/elements@^2.9.18
3281 silly packumentCache full:https://registry.npmjs.org/@react-navigation%2felements cache-miss
3282 silly fetch manifest color@^4.2.3
3283 silly packumentCache full:https://registry.npmjs.org/color cache-miss
3284 silly fetch manifest sf-symbols-typescript@^2.1.0
3285 silly packumentCache full:https://registry.npmjs.org/sf-symbols-typescript cache-miss
3286 silly fetch manifest nanoid@^3.3.11
3287 silly packumentCache full:https://registry.npmjs.org/nanoid cache-miss
3288 silly fetch manifest fast-deep-equal@^3.1.3
3289 silly packumentCache full:https://registry.npmjs.org/fast-deep-equal cache-miss
3290 silly fetch manifest use-latest-callback@^0.2.4
3291 silly packumentCache full:https://registry.npmjs.org/use-latest-callback cache-miss
3292 http cache https://registry.npmjs.org/nanoid 9ms (cache hit)
3293 silly packumentCache full:https://registry.npmjs.org/nanoid set size:310559 disposed:false
3294 silly fetch manifest @react-navigation/core@^7.17.4
3295 silly packumentCache full:https://registry.npmjs.org/@react-navigation%2fcore cache-miss
3296 http fetch GET 200 https://registry.npmjs.org/fast-deep-equal 45ms (cache miss)
3297 silly packumentCache full:https://registry.npmjs.org/fast-deep-equal set size:undefined disposed:false
3298 silly fetch manifest @react-navigation/elements@^2.9.18
3299 silly packumentCache full:https://registry.npmjs.org/@react-navigation%2felements cache-miss
3300 http fetch GET 200 https://registry.npmjs.org/color 53ms (cache miss)
3301 silly packumentCache full:https://registry.npmjs.org/color set size:undefined disposed:false
3302 silly fetch manifest sf-symbols-typescript@^2.1.0
3303 silly packumentCache full:https://registry.npmjs.org/sf-symbols-typescript cache-miss
3304 http fetch GET 200 https://registry.npmjs.org/@react-navigation%2felements 92ms (cache miss)
3305 silly packumentCache full:https://registry.npmjs.org/@react-navigation%2felements set size:undefined disposed:false
3306 silly fetch manifest warn-once@^0.1.1
3307 silly packumentCache full:https://registry.npmjs.org/warn-once cache-hit
3308 silly fetch manifest shallowequal@^1.1.0
3309 silly packumentCache full:https://registry.npmjs.org/shallowequal cache-miss
3310 http fetch GET 200 https://registry.npmjs.org/@react-navigation%2felements 147ms (cache miss)
3311 silly packumentCache full:https://registry.npmjs.org/@react-navigation%2felements set size:undefined disposed:false
3312 silly fetch manifest react-fast-compare@^3.2.0
3313 silly packumentCache full:https://registry.npmjs.org/react-fast-compare cache-miss
3314 http fetch GET 200 https://registry.npmjs.org/@radix-ui%2freact-compose-refs 164ms (cache miss)
3315 silly packumentCache full:https://registry.npmjs.org/@radix-ui%2freact-compose-refs set size:undefined disposed:false
3316 silly fetch manifest shallowequal@^1.1.0
3317 silly packumentCache full:https://registry.npmjs.org/shallowequal cache-miss
3318 http fetch GET 200 https://registry.npmjs.org/@react-navigation%2fcore 157ms (cache miss)
3319 silly packumentCache full:https://registry.npmjs.org/@react-navigation%2fcore set size:undefined disposed:false
3320 silly fetch manifest react-fast-compare@^3.2.2
3321 silly packumentCache full:https://registry.npmjs.org/react-fast-compare cache-miss
3322 http fetch GET 200 https://registry.npmjs.org/shallowequal 34ms (cache miss)
3323 silly packumentCache full:https://registry.npmjs.org/shallowequal set size:undefined disposed:false
3324 silly fetch manifest ajv@^8.9.0
3325 silly packumentCache full:https://registry.npmjs.org/ajv cache-miss
3326 http fetch GET 200 https://registry.npmjs.org/react-fast-compare 40ms (cache miss)
3327 silly packumentCache full:https://registry.npmjs.org/react-fast-compare set size:undefined disposed:false
3328 silly fetch manifest ajv-formats@^2.1.1
3329 silly packumentCache full:https://registry.npmjs.org/ajv-formats cache-miss
3330 http fetch GET 200 https://registry.npmjs.org/shallowequal 34ms (cache miss)
3331 silly packumentCache full:https://registry.npmjs.org/shallowequal set size:undefined disposed:false
3332 silly fetch manifest ajv-keywords@^5.1.0
3333 silly packumentCache full:https://registry.npmjs.org/ajv-keywords cache-miss
3334 http fetch GET 200 https://registry.npmjs.org/react-fast-compare 45ms (cache miss)
3335 silly packumentCache full:https://registry.npmjs.org/react-fast-compare set size:undefined disposed:false
3336 silly fetch manifest @types/json-schema@^7.0.9
3337 silly packumentCache full:https://registry.npmjs.org/@types%2fjson-schema cache-miss
3338 http fetch GET 200 https://registry.npmjs.org/sf-symbols-typescript 227ms (cache miss)
3339 silly packumentCache full:https://registry.npmjs.org/sf-symbols-typescript set size:undefined disposed:false
3340 http fetch GET 200 https://registry.npmjs.org/sf-symbols-typescript 185ms (cache miss)
3341 silly packumentCache full:https://registry.npmjs.org/sf-symbols-typescript set size:undefined disposed:false
3342 http fetch GET 200 https://registry.npmjs.org/use-latest-callback 245ms (cache miss)
3343 silly packumentCache full:https://registry.npmjs.org/use-latest-callback set size:undefined disposed:false
3344 http fetch GET 200 https://registry.npmjs.org/ajv-keywords 54ms (cache miss)
3345 silly packumentCache full:https://registry.npmjs.org/ajv-keywords set size:undefined disposed:false
3346 http fetch GET 200 https://registry.npmjs.org/ajv 77ms (cache miss)
3347 silly packumentCache full:https://registry.npmjs.org/ajv set size:undefined disposed:false
3348 http fetch GET 200 https://registry.npmjs.org/@types%2fjson-schema 51ms (cache miss)
3349 silly packumentCache full:https://registry.npmjs.org/@types%2fjson-schema set size:undefined disposed:false
3350 http fetch GET 200 https://registry.npmjs.org/ajv-formats 228ms (cache miss)
3351 silly packumentCache full:https://registry.npmjs.org/ajv-formats set size:undefined disposed:false
3352 silly placeDep ROOT @radix-ui/react-compose-refs@1.0.0 OK for: @radix-ui/react-slot@1.0.1 want: 1.0.0
3353 silly fetch manifest @react-native-masked-view/masked-view@>= 0.2.0
3354 silly packumentCache full:https://registry.npmjs.org/@react-native-masked-view%2fmasked-view cache-miss
3355 http fetch GET 200 https://registry.npmjs.org/@react-native-masked-view%2fmasked-view 296ms (cache miss)
3356 silly packumentCache full:https://registry.npmjs.org/@react-native-masked-view%2fmasked-view set size:undefined disposed:false
3357 silly fetch manifest react-native-safe-area-context@>= 4.0.0
3358 silly packumentCache full:https://registry.npmjs.org/react-native-safe-area-context cache-hit
3359 silly placeDep ROOT @react-navigation/elements@2.9.18 OK for: @react-navigation/bottom-tabs@7.16.1 want: ^2.9.18
3360 silly placeDep ROOT color@4.2.3 OK for: @react-navigation/bottom-tabs@7.16.1 want: ^4.2.3
3361 silly placeDep ROOT sf-symbols-typescript@2.2.0 OK for: @react-navigation/bottom-tabs@7.16.1 want: ^2.1.0
3362 silly fetch manifest use-sync-external-store@^1.5.0
3363 silly packumentCache full:https://registry.npmjs.org/use-sync-external-store cache-miss
3364 silly fetch manifest color-string@^1.9.0
3365 silly packumentCache full:https://registry.npmjs.org/color-string cache-miss
3366 http fetch GET 200 https://registry.npmjs.org/color-string 216ms (cache miss)
3367 silly packumentCache full:https://registry.npmjs.org/color-string set size:undefined disposed:false
3368 http fetch GET 200 https://registry.npmjs.org/use-sync-external-store 384ms (cache miss)
3369 silly packumentCache full:https://registry.npmjs.org/use-sync-external-store set size:undefined disposed:false
3370 silly placeDep ROOT use-latest-callback@0.2.6 OK for: @react-navigation/elements@2.9.18 want: ^0.2.4
3371 silly placeDep ROOT use-sync-external-store@1.6.0 OK for: @react-navigation/elements@2.9.18 want: ^1.5.0
3372 silly placeDep ROOT @react-navigation/core@7.17.4 OK for: @react-navigation/native@7.2.4 want: ^7.17.4
3373 silly placeDep ROOT fast-deep-equal@3.1.3 OK for: @react-navigation/native@7.2.4 want: ^3.1.3
3374 silly placeDep ROOT nanoid@3.3.12 OK for: @react-navigation/native@7.2.4 want: ^3.3.11
3375 silly fetch manifest react-is@^19.1.0
3376 silly packumentCache full:https://registry.npmjs.org/react-is cache-miss
3377 silly fetch manifest query-string@^7.1.3
3378 silly packumentCache full:https://registry.npmjs.org/query-string cache-miss
3379 silly fetch manifest @react-navigation/routers@^7.5.5
3380 silly packumentCache full:https://registry.npmjs.org/@react-navigation%2frouters cache-miss
3381 http cache https://registry.npmjs.org/react-is 33ms (cache hit)
3382 silly packumentCache full:https://registry.npmjs.org/react-is set size:5380884 disposed:false
3383 http fetch GET 200 https://registry.npmjs.org/query-string 91ms (cache miss)
3384 silly packumentCache full:https://registry.npmjs.org/query-string set size:undefined disposed:false
3385 http fetch GET 200 https://registry.npmjs.org/@react-navigation%2frouters 448ms (cache miss)
3386 silly packumentCache full:https://registry.npmjs.org/@react-navigation%2frouters set size:undefined disposed:false
3387 silly placeDep ROOT @react-navigation/routers@7.5.5 OK for: @react-navigation/core@7.17.4 want: ^7.5.5
3388 silly placeDep ROOT query-string@7.1.3 OK for: @react-navigation/core@7.17.4 want: ^7.1.3
3389 silly placeDep ROOT react-is@19.2.6 OK for: @react-navigation/core@7.17.4 want: ^19.1.0
3390 silly fetch manifest filter-obj@^1.1.0
3391 silly packumentCache full:https://registry.npmjs.org/filter-obj cache-miss
3392 silly fetch manifest split-on-first@^1.0.0
3393 silly packumentCache full:https://registry.npmjs.org/split-on-first cache-miss
3394 silly fetch manifest strict-uri-encode@^2.0.0
3395 silly packumentCache full:https://registry.npmjs.org/strict-uri-encode cache-miss
3396 silly fetch manifest decode-uri-component@^0.2.2
3397 silly packumentCache full:https://registry.npmjs.org/decode-uri-component cache-miss
3398 http fetch GET 200 https://registry.npmjs.org/filter-obj 35ms (cache miss)
3399 silly packumentCache full:https://registry.npmjs.org/filter-obj set size:undefined disposed:false
3400 http fetch GET 200 https://registry.npmjs.org/decode-uri-component 35ms (cache miss)
3401 silly packumentCache full:https://registry.npmjs.org/decode-uri-component set size:undefined disposed:false
3402 http fetch GET 200 https://registry.npmjs.org/split-on-first 36ms (cache miss)
3403 silly packumentCache full:https://registry.npmjs.org/split-on-first set size:undefined disposed:false
3404 http fetch GET 200 https://registry.npmjs.org/strict-uri-encode 234ms (cache miss)
3405 silly packumentCache full:https://registry.npmjs.org/strict-uri-encode set size:undefined disposed:false
3406 silly placeDep ROOT warn-once@0.1.1 OK for: @react-navigation/native-stack@7.15.1 want: ^0.1.1
3407 silly placeDep ROOT color-string@1.9.1 OK for: color@4.2.3 want: ^1.9.0
3408 silly fetch manifest simple-swizzle@^0.2.2
3409 silly packumentCache full:https://registry.npmjs.org/simple-swizzle cache-miss
3410 http fetch GET 200 https://registry.npmjs.org/simple-swizzle 34ms (cache miss)
3411 silly packumentCache full:https://registry.npmjs.org/simple-swizzle set size:undefined disposed:false
3412 silly placeDep ROOT simple-swizzle@0.2.4 OK for: color-string@1.9.1 want: ^0.2.2
3413 silly fetch manifest is-arrayish@^0.3.1
3414 silly packumentCache full:https://registry.npmjs.org/is-arrayish cache-miss
3415 http fetch GET 200 https://registry.npmjs.org/is-arrayish 45ms (cache miss)
3416 silly packumentCache full:https://registry.npmjs.org/is-arrayish set size:undefined disposed:false
3417 silly placeDep node_modules/expo-system-ui @react-native/normalize-colors@0.76.8 OK for: expo-system-ui@4.0.9 want: 0.76.8
3418 silly placeDep ROOT @nodelib/fs.stat@2.0.5 OK for: fast-glob@3.3.3 want: ^2.0.2
3419 silly placeDep ROOT @nodelib/fs.walk@1.2.8 OK for: fast-glob@3.3.3 want: ^1.2.3
3420 silly placeDep ROOT glob-parent@5.1.2 OK for: fast-glob@3.3.3 want: ^5.1.2
3421 silly placeDep ROOT merge2@1.4.1 OK for: fast-glob@3.3.3 want: ^1.3.0
3422 silly placeDep ROOT micromatch@4.0.8 OK for: fast-glob@3.3.3 want: ^4.0.8
3423 silly fetch manifest fastq@^1.6.0
3424 silly packumentCache full:https://registry.npmjs.org/fastq cache-miss
3425 silly fetch manifest @nodelib/fs.scandir@2.1.5
3426 silly packumentCache full:https://registry.npmjs.org/@nodelib%2ffs.scandir cache-miss
3427 silly fetch manifest is-glob@^4.0.1
3428 silly packumentCache full:https://registry.npmjs.org/is-glob cache-miss
3429 silly fetch manifest braces@^3.0.3
3430 silly packumentCache full:https://registry.npmjs.org/braces cache-miss
3431 silly fetch manifest picomatch@^2.3.1
3432 silly packumentCache full:https://registry.npmjs.org/picomatch cache-miss
3433 http cache https://registry.npmjs.org/picomatch 17ms (cache hit)
3434 silly packumentCache full:https://registry.npmjs.org/picomatch set size:126376 disposed:false
3435 http fetch GET 200 https://registry.npmjs.org/is-glob 42ms (cache miss)
3436 silly packumentCache full:https://registry.npmjs.org/is-glob set size:undefined disposed:false
3437 http fetch GET 200 https://registry.npmjs.org/braces 230ms (cache miss)
3438 silly packumentCache full:https://registry.npmjs.org/braces set size:undefined disposed:false
3439 http fetch GET 200 https://registry.npmjs.org/fastq 285ms (cache miss)
3440 silly packumentCache full:https://registry.npmjs.org/fastq set size:undefined disposed:false
3441 http fetch GET 200 https://registry.npmjs.org/@nodelib%2ffs.scandir 290ms (cache miss)
3442 silly packumentCache full:https://registry.npmjs.org/@nodelib%2ffs.scandir set size:undefined disposed:false
3443 silly placeDep ROOT @nodelib/fs.scandir@2.1.5 OK for: @nodelib/fs.walk@1.2.8 want: 2.1.5
3444 silly placeDep ROOT fastq@1.20.1 OK for: @nodelib/fs.walk@1.2.8 want: ^1.6.0
3445 silly fetch manifest run-parallel@^1.1.9
3446 silly packumentCache full:https://registry.npmjs.org/run-parallel cache-miss
3447 silly fetch manifest reusify@^1.0.4
3448 silly packumentCache full:https://registry.npmjs.org/reusify cache-miss
3449 http fetch GET 200 https://registry.npmjs.org/run-parallel 39ms (cache miss)
3450 silly packumentCache full:https://registry.npmjs.org/run-parallel set size:undefined disposed:false
3451 http fetch GET 200 https://registry.npmjs.org/reusify 46ms (cache miss)
3452 silly packumentCache full:https://registry.npmjs.org/reusify set size:undefined disposed:false
3453 silly placeDep ROOT run-parallel@1.2.0 OK for: @nodelib/fs.scandir@2.1.5 want: ^1.1.9
3454 silly fetch manifest queue-microtask@^1.2.2
3455 silly packumentCache full:https://registry.npmjs.org/queue-microtask cache-miss
3456 http fetch GET 200 https://registry.npmjs.org/queue-microtask 35ms (cache miss)
3457 silly packumentCache full:https://registry.npmjs.org/queue-microtask set size:undefined disposed:false
3458 silly placeDep ROOT reusify@1.1.0 OK for: fastq@1.20.1 want: ^1.0.4
3459 silly placeDep ROOT fbjs@3.0.5 OK for: fbemitter@3.0.0 want: ^3.0.0
3460 silly fetch manifest cross-fetch@^3.1.5
3461 silly packumentCache full:https://registry.npmjs.org/cross-fetch cache-miss
3462 silly fetch manifest fbjs-css-vars@^1.0.0
3463 silly packumentCache full:https://registry.npmjs.org/fbjs-css-vars cache-miss
3464 silly fetch manifest object-assign@^4.1.0
3465 silly packumentCache full:https://registry.npmjs.org/object-assign cache-miss
3466 silly fetch manifest promise@^7.1.1
3467 silly packumentCache full:https://registry.npmjs.org/promise cache-miss
3468 silly fetch manifest setimmediate@^1.0.5
3469 silly packumentCache full:https://registry.npmjs.org/setimmediate cache-miss
3470 silly fetch manifest ua-parser-js@^1.0.35
3471 silly packumentCache full:https://registry.npmjs.org/ua-parser-js cache-miss
3472 http cache https://registry.npmjs.org/promise 14ms (cache hit)
3473 silly packumentCache full:https://registry.npmjs.org/promise set size:112704 disposed:false
3474 http fetch GET 200 https://registry.npmjs.org/fbjs-css-vars 37ms (cache miss)
3475 silly packumentCache full:https://registry.npmjs.org/fbjs-css-vars set size:undefined disposed:false
3476 http fetch GET 200 https://registry.npmjs.org/setimmediate 36ms (cache miss)
3477 silly packumentCache full:https://registry.npmjs.org/setimmediate set size:undefined disposed:false
3478 http fetch GET 200 https://registry.npmjs.org/ua-parser-js 52ms (cache miss)
3479 silly packumentCache full:https://registry.npmjs.org/ua-parser-js set size:undefined disposed:false
3480 http fetch GET 200 https://registry.npmjs.org/object-assign 221ms (cache miss)
3481 silly packumentCache full:https://registry.npmjs.org/object-assign set size:undefined disposed:false
3482 http fetch GET 200 https://registry.npmjs.org/cross-fetch 237ms (cache miss)
3483 silly packumentCache full:https://registry.npmjs.org/cross-fetch set size:undefined disposed:false
3484 silly placeDep ROOT cross-fetch@3.2.0 OK for: fbjs@3.0.5 want: ^3.1.5
3485 silly placeDep ROOT fbjs-css-vars@1.0.2 OK for: fbjs@3.0.5 want: ^1.0.0
3486 silly placeDep ROOT loose-envify@1.4.0 OK for: fbjs@3.0.5 want: ^1.0.0
3487 silly placeDep ROOT object-assign@4.1.1 OK for: fbjs@3.0.5 want: ^4.1.0
3488 silly placeDep ROOT promise@7.3.1 OK for: fbjs@3.0.5 want: ^7.1.1
3489 silly placeDep ROOT setimmediate@1.0.5 OK for: fbjs@3.0.5 want: ^1.0.5
3490 silly placeDep ROOT ua-parser-js@1.0.41 OK for: fbjs@3.0.5 want: ^1.0.35
3491 silly fetch manifest asap@~2.0.3
3492 silly packumentCache full:https://registry.npmjs.org/asap cache-miss
3493 http fetch GET 200 https://registry.npmjs.org/asap 224ms (cache miss)
3494 silly packumentCache full:https://registry.npmjs.org/asap set size:undefined disposed:false
3495 silly placeDep node_modules/finalhandler debug@2.6.9 OK for: finalhandler@1.1.2 want: 2.6.9
3496 silly placeDep ROOT encodeurl@1.0.2 OK for: finalhandler@1.1.2 want: ~1.0.2
3497 silly placeDep ROOT escape-html@1.0.3 OK for: finalhandler@1.1.2 want: ~1.0.3
3498 silly placeDep ROOT on-finished@2.3.0 OK for: finalhandler@1.1.2 want: ~2.3.0
3499 silly placeDep ROOT statuses@1.5.0 OK for: finalhandler@1.1.2 want: ~1.5.0
3500 silly placeDep ROOT unpipe@1.0.0 OK for: finalhandler@1.1.2 want: ~1.0.0
3501 silly fetch manifest ee-first@1.1.1
3502 silly packumentCache full:https://registry.npmjs.org/ee-first cache-miss
3503 http fetch GET 200 https://registry.npmjs.org/ee-first 41ms (cache miss)
3504 silly packumentCache full:https://registry.npmjs.org/ee-first set size:undefined disposed:false
3505 silly placeDep ROOT locate-path@6.0.0 OK for: find-up@5.0.0 want: ^6.0.0
3506 silly placeDep ROOT path-exists@4.0.0 OK for: find-up@5.0.0 want: ^4.0.0
3507 silly fetch manifest p-locate@^5.0.0
3508 silly packumentCache full:https://registry.npmjs.org/p-locate cache-miss
3509 http fetch GET 200 https://registry.npmjs.org/p-locate 35ms (cache miss)
3510 silly packumentCache full:https://registry.npmjs.org/p-locate set size:undefined disposed:false
3511 silly placeDep ROOT asynckit@0.4.0 OK for: form-data@3.0.4 want: ^0.4.0
3512 silly placeDep ROOT combined-stream@1.0.8 OK for: form-data@3.0.4 want: ^1.0.8
3513 silly placeDep ROOT es-set-tostringtag@2.1.0 OK for: form-data@3.0.4 want: ^2.1.0
3514 silly placeDep ROOT hasown@2.0.3 OK for: form-data@3.0.4 want: ^2.0.2
3515 silly fetch manifest delayed-stream@~1.0.0
3516 silly packumentCache full:https://registry.npmjs.org/delayed-stream cache-miss
3517 silly fetch manifest has-tostringtag@^1.0.2
3518 silly packumentCache full:https://registry.npmjs.org/has-tostringtag cache-miss
3519 http fetch GET 200 https://registry.npmjs.org/has-tostringtag 46ms (cache miss)
3520 silly packumentCache full:https://registry.npmjs.org/has-tostringtag set size:undefined disposed:false
3521 http fetch GET 200 https://registry.npmjs.org/delayed-stream 226ms (cache miss)
3522 silly packumentCache full:https://registry.npmjs.org/delayed-stream set size:undefined disposed:false
3523 silly placeDep ROOT delayed-stream@1.0.0 OK for: combined-stream@1.0.8 want: ~1.0.0
3524 silly placeDep ROOT has-tostringtag@1.0.2 OK for: es-set-tostringtag@2.1.0 want: ^1.0.2
3525 silly fetch manifest has-symbols@^1.0.3
3526 silly packumentCache full:https://registry.npmjs.org/has-symbols cache-miss
3527 http cache https://registry.npmjs.org/has-symbols 3ms (cache hit)
3528 silly packumentCache full:https://registry.npmjs.org/has-symbols set size:21550 disposed:false
3529 silly placeDep ROOT graceful-fs@4.2.11 OK for: fs-extra@8.1.0 want: ^4.2.0
3530 silly placeDep ROOT jsonfile@4.0.0 OK for: fs-extra@8.1.0 want: ^4.0.0
3531 silly placeDep ROOT universalify@0.1.2 OK for: fs-extra@8.1.0 want: ^0.1.0
3532 silly placeDep ROOT es-object-atoms@1.1.1 OK for: get-intrinsic@1.3.0 want: ^1.1.1
3533 silly placeDep ROOT get-proto@1.0.1 OK for: get-intrinsic@1.3.0 want: ^1.0.1
3534 silly placeDep ROOT gopd@1.2.0 OK for: get-intrinsic@1.3.0 want: ^1.2.0
3535 silly placeDep ROOT has-symbols@1.1.0 OK for: get-intrinsic@1.3.0 want: ^1.1.0
3536 silly placeDep ROOT math-intrinsics@1.1.0 OK for: get-intrinsic@1.3.0 want: ^1.1.0
3537 silly fetch manifest dunder-proto@^1.0.1
3538 silly packumentCache full:https://registry.npmjs.org/dunder-proto cache-miss
3539 http fetch GET 200 https://registry.npmjs.org/dunder-proto 214ms (cache miss)
3540 silly packumentCache full:https://registry.npmjs.org/dunder-proto set size:undefined disposed:false
3541 silly placeDep ROOT dunder-proto@1.0.1 OK for: get-proto@1.0.1 want: ^1.0.1
3542 silly placeDep ROOT foreground-child@3.3.1 OK for: glob@10.5.0 want: ^3.1.0
3543 silly placeDep ROOT jackspeak@3.4.3 OK for: glob@10.5.0 want: ^3.1.2
3544 silly placeDep node_modules/glob minimatch@9.0.9 OK for: glob@10.5.0 want: ^9.0.4
3545 silly placeDep ROOT package-json-from-dist@1.0.1 OK for: glob@10.5.0 want: ^1.0.0
3546 silly placeDep ROOT path-scurry@1.11.1 OK for: glob@10.5.0 want: ^1.11.1
3547 silly fetch manifest signal-exit@^4.0.1
3548 silly packumentCache full:https://registry.npmjs.org/signal-exit cache-miss
3549 silly fetch manifest @isaacs/cliui@^8.0.2
3550 silly packumentCache full:https://registry.npmjs.org/@isaacs%2fcliui cache-miss
3551 silly fetch manifest @pkgjs/parseargs@^0.11.0
3552 silly packumentCache full:https://registry.npmjs.org/@pkgjs%2fparseargs cache-miss
3553 silly fetch manifest brace-expansion@^2.0.2
3554 silly packumentCache full:https://registry.npmjs.org/brace-expansion cache-miss
3555 silly fetch manifest lru-cache@^10.2.0
3556 silly packumentCache full:https://registry.npmjs.org/lru-cache cache-hit
3557 http cache https://registry.npmjs.org/brace-expansion 7ms (cache hit)
3558 silly packumentCache full:https://registry.npmjs.org/brace-expansion set size:70654 disposed:false
3559 http fetch GET 200 https://registry.npmjs.org/signal-exit 49ms (cache miss)
3560 silly packumentCache full:https://registry.npmjs.org/signal-exit set size:undefined disposed:false
3561 http fetch GET 200 https://registry.npmjs.org/@isaacs%2fcliui 489ms (cache miss)
3562 silly packumentCache full:https://registry.npmjs.org/@isaacs%2fcliui set size:undefined disposed:false
3563 http fetch GET 200 https://registry.npmjs.org/@pkgjs%2fparseargs 487ms (cache miss)
3564 silly packumentCache full:https://registry.npmjs.org/@pkgjs%2fparseargs set size:undefined disposed:false
3565 silly placeDep ROOT signal-exit@4.1.0 OK for: foreground-child@3.3.1 want: ^4.0.1
3566 silly placeDep ROOT is-glob@4.0.3 OK for: glob-parent@5.1.2 want: ^4.0.1
3567 silly fetch manifest is-extglob@^2.1.1
3568 silly packumentCache full:https://registry.npmjs.org/is-extglob cache-miss
3569 http fetch GET 200 https://registry.npmjs.org/is-extglob 217ms (cache miss)
3570 silly packumentCache full:https://registry.npmjs.org/is-extglob set size:undefined disposed:false
3571 silly placeDep ROOT hermes-estree@0.23.1 OK for: hermes-parser@0.23.1 want: 0.23.1
3572 silly placeDep ROOT default-gateway@4.2.0 OK for: internal-ip@4.3.0 want: ^4.2.0
3573 silly placeDep ROOT ipaddr.js@1.9.1 OK for: internal-ip@4.3.0 want: ^1.9.0
3574 silly fetch manifest execa@^1.0.0
3575 silly packumentCache full:https://registry.npmjs.org/execa cache-miss
3576 silly fetch manifest ip-regex@^2.1.0
3577 silly packumentCache full:https://registry.npmjs.org/ip-regex cache-miss
3578 http fetch GET 200 https://registry.npmjs.org/ip-regex 34ms (cache miss)
3579 silly packumentCache full:https://registry.npmjs.org/ip-regex set size:undefined disposed:false
3580 http fetch GET 200 https://registry.npmjs.org/execa 47ms (cache miss)
3581 silly packumentCache full:https://registry.npmjs.org/execa set size:undefined disposed:false
3582 silly placeDep ROOT execa@1.0.0 OK for: default-gateway@4.2.0 want: ^1.0.0
3583 silly placeDep ROOT ip-regex@2.1.0 OK for: default-gateway@4.2.0 want: ^2.1.0
3584 silly fetch manifest is-stream@^1.1.0
3585 silly packumentCache full:https://registry.npmjs.org/is-stream cache-miss
3586 silly fetch manifest p-finally@^1.0.0
3587 silly packumentCache full:https://registry.npmjs.org/p-finally cache-miss
3588 silly fetch manifest strip-eof@^1.0.0
3589 silly packumentCache full:https://registry.npmjs.org/strip-eof cache-miss
3590 silly fetch manifest get-stream@^4.0.0
3591 silly packumentCache full:https://registry.npmjs.org/get-stream cache-miss
3592 silly fetch manifest cross-spawn@^6.0.0
3593 silly packumentCache full:https://registry.npmjs.org/cross-spawn cache-miss
3594 silly fetch manifest signal-exit@^3.0.0
3595 silly packumentCache full:https://registry.npmjs.org/signal-exit cache-miss
3596 silly fetch manifest npm-run-path@^2.0.0
3597 silly packumentCache full:https://registry.npmjs.org/npm-run-path cache-miss
3598 http cache https://registry.npmjs.org/signal-exit 13ms (cache hit)
3599 silly packumentCache full:https://registry.npmjs.org/signal-exit set size:53489 disposed:false
3600 http cache https://registry.npmjs.org/is-stream 15ms (cache hit)
3601 silly packumentCache full:https://registry.npmjs.org/is-stream set size:18582 disposed:false
3602 http cache https://registry.npmjs.org/cross-spawn 16ms (cache hit)
3603 silly packumentCache full:https://registry.npmjs.org/cross-spawn set size:109066 disposed:false
3604 http fetch GET 200 https://registry.npmjs.org/strip-eof 45ms (cache miss)
3605 silly packumentCache full:https://registry.npmjs.org/strip-eof set size:undefined disposed:false
3606 http fetch GET 200 https://registry.npmjs.org/get-stream 47ms (cache miss)
3607 silly packumentCache full:https://registry.npmjs.org/get-stream set size:undefined disposed:false
3608 http fetch GET 200 https://registry.npmjs.org/npm-run-path 229ms (cache miss)
3609 silly packumentCache full:https://registry.npmjs.org/npm-run-path set size:undefined disposed:false
3610 http fetch GET 200 https://registry.npmjs.org/p-finally 233ms (cache miss)
3611 silly packumentCache full:https://registry.npmjs.org/p-finally set size:undefined disposed:false
3612 silly placeDep node_modules/execa cross-spawn@6.0.6 OK for: execa@1.0.0 want: ^6.0.0
3613 silly placeDep ROOT get-stream@4.1.0 OK for: execa@1.0.0 want: ^4.0.0
3614 silly placeDep ROOT is-stream@1.1.0 OK for: execa@1.0.0 want: ^1.1.0
3615 silly placeDep ROOT npm-run-path@2.0.2 OK for: execa@1.0.0 want: ^2.0.0
3616 silly placeDep ROOT p-finally@1.0.0 OK for: execa@1.0.0 want: ^1.0.0
3617 silly placeDep node_modules/execa signal-exit@3.0.7 OK for: execa@1.0.0 want: ^3.0.0
3618 silly placeDep ROOT strip-eof@1.0.0 OK for: execa@1.0.0 want: ^1.0.0
3619 silly fetch manifest nice-try@^1.0.4
3620 silly packumentCache full:https://registry.npmjs.org/nice-try cache-miss
3621 silly fetch manifest path-key@^2.0.1
3622 silly packumentCache full:https://registry.npmjs.org/path-key cache-miss
3623 silly fetch manifest semver@^5.5.0
3624 silly packumentCache full:https://registry.npmjs.org/semver cache-hit
3625 silly fetch manifest shebang-command@^1.2.0
3626 silly packumentCache full:https://registry.npmjs.org/shebang-command cache-miss
3627 silly fetch manifest which@^1.2.9
3628 silly packumentCache full:https://registry.npmjs.org/which cache-miss
3629 silly fetch manifest pump@^3.0.0
3630 silly packumentCache full:https://registry.npmjs.org/pump cache-miss
3631 silly fetch manifest path-key@^2.0.0
3632 silly packumentCache full:https://registry.npmjs.org/path-key cache-miss
3633 http cache https://registry.npmjs.org/path-key 14ms (cache hit)
3634 silly packumentCache full:https://registry.npmjs.org/path-key set size:16975 disposed:false
3635 http cache https://registry.npmjs.org/path-key 15ms (cache hit)
3636 silly packumentCache full:https://registry.npmjs.org/path-key set size:16975 disposed:false
3637 silly packumentCache full:https://registry.npmjs.org/path-key dispose
3638 http cache https://registry.npmjs.org/shebang-command 16ms (cache hit)
3639 silly packumentCache full:https://registry.npmjs.org/shebang-command set size:8525 disposed:false
3640 http cache https://registry.npmjs.org/which 16ms (cache hit)
3641 silly packumentCache full:https://registry.npmjs.org/which set size:70143 disposed:false
3642 http fetch GET 200 https://registry.npmjs.org/nice-try 49ms (cache miss)
3643 silly packumentCache full:https://registry.npmjs.org/nice-try set size:undefined disposed:false
3644 http fetch GET 200 https://registry.npmjs.org/pump 49ms (cache miss)
3645 silly packumentCache full:https://registry.npmjs.org/pump set size:undefined disposed:false
3646 silly placeDep ROOT pump@3.0.4 OK for: get-stream@4.1.0 want: ^3.0.0
3647 silly fetch manifest end-of-stream@^1.1.0
3648 silly packumentCache full:https://registry.npmjs.org/end-of-stream cache-miss
3649 silly fetch manifest once@^1.3.1
3650 silly packumentCache full:https://registry.npmjs.org/once cache-miss
3651 http cache https://registry.npmjs.org/once 3ms (cache hit)
3652 silly packumentCache full:https://registry.npmjs.org/once set size:11752 disposed:false
3653 http fetch GET 200 https://registry.npmjs.org/end-of-stream 37ms (cache miss)
3654 silly packumentCache full:https://registry.npmjs.org/end-of-stream set size:undefined disposed:false
3655 silly placeDep ROOT is-extglob@2.1.1 OK for: is-glob@4.0.3 want: ^2.1.1
3656 silly placeDep ROOT define-properties@1.2.1 OK for: is-nan@1.3.2 want: ^1.1.3
3657 silly fetch manifest define-data-property@^1.0.1
3658 silly packumentCache full:https://registry.npmjs.org/define-data-property cache-miss
3659 silly fetch manifest has-property-descriptors@^1.0.0
3660 silly packumentCache full:https://registry.npmjs.org/has-property-descriptors cache-miss
3661 http cache https://registry.npmjs.org/has-property-descriptors 4ms (cache hit)
3662 silly packumentCache full:https://registry.npmjs.org/has-property-descriptors set size:12452 disposed:false
3663 http cache https://registry.npmjs.org/define-data-property 5ms (cache hit)
3664 silly packumentCache full:https://registry.npmjs.org/define-data-property set size:28048 disposed:false
3665 silly placeDep ROOT define-data-property@1.1.4 OK for: define-properties@1.2.1 want: ^1.0.1
3666 silly placeDep ROOT has-property-descriptors@1.0.2 OK for: define-properties@1.2.1 want: ^1.0.0
3667 silly placeDep ROOT object-keys@1.1.1 OK for: define-properties@1.2.1 want: ^1.1.1
3668 silly placeDep ROOT @isaacs/cliui@8.0.2 OK for: jackspeak@3.4.3 want: ^8.0.2
3669 silly placeDep ROOT @pkgjs/parseargs@0.11.0 OK for: jackspeak@3.4.3 want: ^0.11.0
3670 silly fetch manifest wrap-ansi@^8.1.0
3671 silly packumentCache full:https://registry.npmjs.org/wrap-ansi cache-miss
3672 silly fetch manifest strip-ansi@^7.0.1
3673 silly packumentCache full:https://registry.npmjs.org/strip-ansi cache-hit
3674 silly fetch manifest string-width@^5.1.2
3675 silly packumentCache full:https://registry.npmjs.org/string-width cache-hit
3676 silly fetch manifest wrap-ansi-cjs@npm:wrap-ansi@^7.0.0
3677 silly packumentCache full:https://registry.npmjs.org/wrap-ansi cache-miss
3678 silly fetch manifest strip-ansi-cjs@npm:strip-ansi@^6.0.1
3679 silly packumentCache full:https://registry.npmjs.org/strip-ansi cache-hit
3680 silly fetch manifest string-width-cjs@npm:string-width@^4.2.0
3681 silly packumentCache full:https://registry.npmjs.org/string-width cache-hit
3682 http cache https://registry.npmjs.org/wrap-ansi 11ms (cache hit)
3683 silly packumentCache full:https://registry.npmjs.org/wrap-ansi set size:55299 disposed:false
3684 http cache https://registry.npmjs.org/wrap-ansi 15ms (cache hit)
3685 silly packumentCache full:https://registry.npmjs.org/wrap-ansi set size:55299 disposed:false
3686 silly packumentCache full:https://registry.npmjs.org/wrap-ansi dispose
3687 silly placeDep ROOT string-width@5.1.2 OK for: @isaacs/cliui@8.0.2 want: ^5.1.2
3688 silly placeDep ROOT string-width-cjs@4.2.3 OK for: @isaacs/cliui@8.0.2 want: npm:string-width@^4.2.0
3689 silly placeDep ROOT strip-ansi@7.2.0 OK for: @isaacs/cliui@8.0.2 want: ^7.0.1
3690 silly placeDep ROOT strip-ansi-cjs@6.0.1 OK for: @isaacs/cliui@8.0.2 want: npm:strip-ansi@^6.0.1
3691 silly placeDep node_modules/@isaacs/cliui wrap-ansi@8.1.0 OK for: @isaacs/cliui@8.0.2 want: ^8.1.0
3692 silly placeDep ROOT wrap-ansi-cjs@7.0.0 OK for: @isaacs/cliui@8.0.2 want: npm:wrap-ansi@^7.0.0
3693 silly fetch manifest emoji-regex@^9.2.2
3694 silly packumentCache full:https://registry.npmjs.org/emoji-regex cache-miss
3695 silly fetch manifest eastasianwidth@^0.2.0
3696 silly packumentCache full:https://registry.npmjs.org/eastasianwidth cache-miss
3697 silly fetch manifest strip-ansi@^6.0.1
3698 silly packumentCache full:https://registry.npmjs.org/strip-ansi cache-hit
3699 silly fetch manifest emoji-regex@^8.0.0
3700 silly packumentCache full:https://registry.npmjs.org/emoji-regex cache-miss
3701 silly fetch manifest is-fullwidth-code-point@^3.0.0
3702 silly packumentCache full:https://registry.npmjs.org/is-fullwidth-code-point cache-miss
3703 silly fetch manifest ansi-regex@^6.2.2
3704 silly packumentCache full:https://registry.npmjs.org/ansi-regex cache-miss
3705 silly fetch manifest ansi-regex@^5.0.1
3706 silly packumentCache full:https://registry.npmjs.org/ansi-regex cache-miss
3707 silly fetch manifest ansi-styles@^6.1.0
3708 silly packumentCache full:https://registry.npmjs.org/ansi-styles cache-hit
3709 http cache https://registry.npmjs.org/ansi-regex 10ms (cache hit)
3710 silly packumentCache full:https://registry.npmjs.org/ansi-regex set size:43572 disposed:false
3711 http cache https://registry.npmjs.org/ansi-regex 10ms (cache hit)
3712 silly packumentCache full:https://registry.npmjs.org/ansi-regex set size:43572 disposed:false
3713 silly packumentCache full:https://registry.npmjs.org/ansi-regex dispose
3714 http fetch GET 200 https://registry.npmjs.org/emoji-regex 35ms (cache miss)
3715 silly packumentCache full:https://registry.npmjs.org/emoji-regex set size:undefined disposed:false
3716 http fetch GET 200 https://registry.npmjs.org/emoji-regex 37ms (cache miss)
3717 silly packumentCache full:https://registry.npmjs.org/emoji-regex set size:undefined disposed:false
3718 http fetch GET 200 https://registry.npmjs.org/eastasianwidth 223ms (cache miss)
3719 silly packumentCache full:https://registry.npmjs.org/eastasianwidth set size:undefined disposed:false
3720 http fetch GET 200 https://registry.npmjs.org/is-fullwidth-code-point 232ms (cache miss)
3721 silly packumentCache full:https://registry.npmjs.org/is-fullwidth-code-point set size:undefined disposed:false
3722 silly placeDep ROOT argparse@2.0.1 OK for: js-yaml@4.1.1 want: ^2.0.1
3723 silly fetch manifest @babel/core@^7.13.16
3724 silly packumentCache full:https://registry.npmjs.org/@babel%2fcore cache-hit
3725 silly placeDep ROOT @babel/plugin-proposal-class-properties@7.18.6 OK for: jscodeshift@0.14.0 want: ^7.13.0
3726 silly placeDep ROOT @babel/plugin-proposal-nullish-coalescing-operator@7.18.6 OK for: jscodeshift@0.14.0 want: ^7.13.8
3727 silly placeDep ROOT @babel/plugin-proposal-optional-chaining@7.21.0 OK for: jscodeshift@0.14.0 want: ^7.13.12
3728 silly placeDep ROOT @babel/preset-flow@7.27.1 OK for: jscodeshift@0.14.0 want: ^7.13.13
3729 silly placeDep ROOT @babel/register@7.29.3 OK for: jscodeshift@0.14.0 want: ^7.13.16
3730 silly placeDep ROOT babel-core@7.0.0-bridge.0 OK for: jscodeshift@0.14.0 want: ^7.0.0-bridge.0
3731 silly placeDep ROOT flow-parser@0.314.0 OK for: jscodeshift@0.14.0 want: 0.*
3732 silly placeDep ROOT neo-async@2.6.2 OK for: jscodeshift@0.14.0 want: ^2.5.0
3733 silly placeDep ROOT node-dir@0.1.17 OK for: jscodeshift@0.14.0 want: ^0.1.17
3734 silly placeDep ROOT recast@0.21.5 OK for: jscodeshift@0.14.0 want: ^0.21.0
3735 silly placeDep ROOT temp@0.8.4 OK for: jscodeshift@0.14.0 want: ^0.8.4
3736 silly placeDep ROOT write-file-atomic@2.4.3 OK for: jscodeshift@0.14.0 want: ^2.3.0
3737 silly fetch manifest pirates@^4.0.6
3738 silly packumentCache full:https://registry.npmjs.org/pirates cache-miss
3739 silly fetch manifest make-dir@^2.1.0
3740 silly packumentCache full:https://registry.npmjs.org/make-dir cache-miss
3741 silly fetch manifest clone-deep@^4.0.1
3742 silly packumentCache full:https://registry.npmjs.org/clone-deep cache-miss
3743 silly fetch manifest find-cache-dir@^2.0.0
3744 silly packumentCache full:https://registry.npmjs.org/find-cache-dir cache-miss
3745 silly fetch manifest esprima@~4.0.0
3746 silly packumentCache full:https://registry.npmjs.org/esprima cache-miss
3747 silly fetch manifest ast-types@0.15.2
3748 silly packumentCache full:https://registry.npmjs.org/ast-types cache-miss
3749 silly fetch manifest source-map@~0.6.1
3750 silly packumentCache full:https://registry.npmjs.org/source-map cache-miss
3751 http cache https://registry.npmjs.org/pirates 28ms (cache hit)
3752 silly packumentCache full:https://registry.npmjs.org/pirates set size:51327 disposed:false
3753 silly fetch manifest rimraf@~2.6.2
3754 silly packumentCache full:https://registry.npmjs.org/rimraf cache-miss
3755 http cache https://registry.npmjs.org/source-map 28ms (cache hit)
3756 silly packumentCache full:https://registry.npmjs.org/source-map set size:226212 disposed:false
3757 silly fetch manifest imurmurhash@^0.1.4
3758 silly packumentCache full:https://registry.npmjs.org/imurmurhash cache-miss
3759 http cache https://registry.npmjs.org/rimraf 17ms (cache hit)
3760 silly packumentCache full:https://registry.npmjs.org/rimraf set size:212626 disposed:false
3761 silly fetch manifest signal-exit@^3.0.2
3762 silly packumentCache full:https://registry.npmjs.org/signal-exit cache-hit
3763 http fetch GET 200 https://registry.npmjs.org/find-cache-dir 53ms (cache miss)
3764 silly packumentCache full:https://registry.npmjs.org/find-cache-dir set size:undefined disposed:false
3765 http fetch GET 200 https://registry.npmjs.org/esprima 63ms (cache miss)
3766 silly packumentCache full:https://registry.npmjs.org/esprima set size:undefined disposed:false
3767 http fetch GET 200 https://registry.npmjs.org/imurmurhash 39ms (cache miss)
3768 silly packumentCache full:https://registry.npmjs.org/imurmurhash set size:undefined disposed:false
3769 http fetch GET 200 https://registry.npmjs.org/ast-types 76ms (cache miss)
3770 silly packumentCache full:https://registry.npmjs.org/ast-types set size:undefined disposed:false
3771 http fetch GET 200 https://registry.npmjs.org/make-dir 243ms (cache miss)
3772 silly packumentCache full:https://registry.npmjs.org/make-dir set size:undefined disposed:false
3773 http fetch GET 200 https://registry.npmjs.org/clone-deep 293ms (cache miss)
3774 silly packumentCache full:https://registry.npmjs.org/clone-deep set size:undefined disposed:false
3775 silly placeDep ROOT clone-deep@4.0.1 OK for: @babel/register@7.29.3 want: ^4.0.1
3776 silly placeDep ROOT find-cache-dir@2.1.0 OK for: @babel/register@7.29.3 want: ^2.0.0
3777 silly placeDep ROOT make-dir@2.1.0 OK for: @babel/register@7.29.3 want: ^2.1.0
3778 silly placeDep ROOT pirates@4.0.7 OK for: @babel/register@7.29.3 want: ^4.0.6
3779 silly fetch manifest is-plain-object@^2.0.4
3780 silly packumentCache full:https://registry.npmjs.org/is-plain-object cache-miss
3781 silly fetch manifest kind-of@^6.0.2
3782 silly packumentCache full:https://registry.npmjs.org/kind-of cache-miss
3783 silly fetch manifest shallow-clone@^3.0.0
3784 silly packumentCache full:https://registry.npmjs.org/shallow-clone cache-miss
3785 silly fetch manifest pkg-dir@^3.0.0
3786 silly packumentCache full:https://registry.npmjs.org/pkg-dir cache-miss
3787 silly fetch manifest make-dir@^2.0.0
3788 silly packumentCache full:https://registry.npmjs.org/make-dir cache-miss
3789 silly fetch manifest commondir@^1.0.1
3790 silly packumentCache full:https://registry.npmjs.org/commondir cache-miss
3791 silly fetch manifest pify@^4.0.1
3792 silly packumentCache full:https://registry.npmjs.org/pify cache-miss
3793 http cache https://registry.npmjs.org/make-dir 13ms (cache hit)
3794 silly packumentCache full:https://registry.npmjs.org/make-dir set size:34889 disposed:false
3795 silly fetch manifest semver@^5.6.0
3796 silly packumentCache full:https://registry.npmjs.org/semver cache-hit
3797 http fetch GET 200 https://registry.npmjs.org/is-plain-object 49ms (cache miss)
3798 silly packumentCache full:https://registry.npmjs.org/is-plain-object set size:undefined disposed:false
3799 http fetch GET 200 https://registry.npmjs.org/kind-of 51ms (cache miss)
3800 silly packumentCache full:https://registry.npmjs.org/kind-of set size:undefined disposed:false
3801 http fetch GET 200 https://registry.npmjs.org/pkg-dir 54ms (cache miss)
3802 silly packumentCache full:https://registry.npmjs.org/pkg-dir set size:undefined disposed:false
3803 http fetch GET 200 https://registry.npmjs.org/shallow-clone 224ms (cache miss)
3804 silly packumentCache full:https://registry.npmjs.org/shallow-clone set size:undefined disposed:false
3805 http fetch GET 200 https://registry.npmjs.org/pify 227ms (cache miss)
3806 silly packumentCache full:https://registry.npmjs.org/pify set size:undefined disposed:false
3807 http fetch GET 200 https://registry.npmjs.org/commondir 229ms (cache miss)
3808 silly packumentCache full:https://registry.npmjs.org/commondir set size:undefined disposed:false
3809 silly placeDep ROOT is-plain-object@2.0.4 OK for: clone-deep@4.0.1 want: ^2.0.4
3810 silly placeDep ROOT kind-of@6.0.3 OK for: clone-deep@4.0.1 want: ^6.0.2
3811 silly placeDep ROOT shallow-clone@3.0.1 OK for: clone-deep@4.0.1 want: ^3.0.0
3812 silly fetch manifest isobject@^3.0.1
3813 silly packumentCache full:https://registry.npmjs.org/isobject cache-miss
3814 http fetch GET 200 https://registry.npmjs.org/isobject 31ms (cache miss)
3815 silly packumentCache full:https://registry.npmjs.org/isobject set size:undefined disposed:false
3816 silly placeDep ROOT commondir@1.0.1 OK for: find-cache-dir@2.1.0 want: ^1.0.1
3817 silly placeDep ROOT pkg-dir@3.0.0 OK for: find-cache-dir@2.1.0 want: ^3.0.0
3818 silly fetch manifest find-up@^3.0.0
3819 silly packumentCache full:https://registry.npmjs.org/find-up cache-miss
3820 http cache https://registry.npmjs.org/find-up 11ms (cache hit)
3821 silly packumentCache full:https://registry.npmjs.org/find-up set size:42620 disposed:false
3822 silly placeDep ROOT isobject@3.0.1 OK for: is-plain-object@2.0.4 want: ^3.0.1
3823 silly placeDep node_modules/lighthouse-logger debug@2.6.9 OK for: lighthouse-logger@1.4.2 want: ^2.6.9
3824 silly placeDep ROOT marky@1.3.0 OK for: lighthouse-logger@1.4.2 want: ^1.2.2
3825 silly placeDep ROOT detect-libc@1.0.3 OK for: lightningcss@1.27.0 want: ^1.0.3
3826 silly placeDep ROOT lightningcss-darwin-arm64@1.27.0 OK for: lightningcss@1.27.0 want: 1.27.0
3827 silly placeDep ROOT lightningcss-darwin-x64@1.27.0 OK for: lightningcss@1.27.0 want: 1.27.0
3828 silly placeDep ROOT lightningcss-freebsd-x64@1.27.0 OK for: lightningcss@1.27.0 want: 1.27.0
3829 silly placeDep ROOT lightningcss-linux-arm-gnueabihf@1.27.0 OK for: lightningcss@1.27.0 want: 1.27.0
3830 silly placeDep ROOT lightningcss-linux-arm64-gnu@1.27.0 OK for: lightningcss@1.27.0 want: 1.27.0
3831 silly placeDep ROOT lightningcss-linux-arm64-musl@1.27.0 OK for: lightningcss@1.27.0 want: 1.27.0
3832 silly placeDep ROOT lightningcss-linux-x64-gnu@1.27.0 OK for: lightningcss@1.27.0 want: 1.27.0
3833 silly placeDep ROOT lightningcss-linux-x64-musl@1.27.0 OK for: lightningcss@1.27.0 want: 1.27.0
3834 silly placeDep ROOT lightningcss-win32-arm64-msvc@1.27.0 OK for: lightningcss@1.27.0 want: 1.27.0
3835 silly placeDep ROOT lightningcss-win32-x64-msvc@1.27.0 OK for: lightningcss@1.27.0 want: 1.27.0
3836 silly placeDep ROOT p-locate@5.0.0 OK for: locate-path@6.0.0 want: ^5.0.0
3837 silly placeDep ROOT yallist@3.1.1 OK for: lru-cache@5.1.1 want: ^3.0.2
3838 silly placeDep ROOT pify@4.0.1 OK for: make-dir@2.1.0 want: ^4.0.1
3839 silly placeDep node_modules/make-dir semver@5.7.2 OK for: make-dir@2.1.0 want: ^5.6.0
3840 silly placeDep ROOT charenc@0.0.2 OK for: md5@2.3.0 want: 0.0.2
3841 silly placeDep ROOT crypt@0.0.2 OK for: md5@2.3.0 want: 0.0.2
3842 silly placeDep ROOT is-buffer@1.1.6 OK for: md5@2.3.0 want: ~1.1.6
3843 silly placeDep ROOT buffer-alloc@1.2.0 OK for: md5-file@3.2.3 want: ^1.1.0
3844 silly fetch manifest buffer-alloc-unsafe@^1.1.0
3845 silly packumentCache full:https://registry.npmjs.org/buffer-alloc-unsafe cache-miss
3846 silly fetch manifest buffer-fill@^1.0.0
3847 silly packumentCache full:https://registry.npmjs.org/buffer-fill cache-miss
3848 http fetch GET 200 https://registry.npmjs.org/buffer-alloc-unsafe 47ms (cache miss)
3849 silly packumentCache full:https://registry.npmjs.org/buffer-alloc-unsafe set size:undefined disposed:false
3850 http fetch GET 200 https://registry.npmjs.org/buffer-fill 220ms (cache miss)
3851 silly packumentCache full:https://registry.npmjs.org/buffer-fill set size:undefined disposed:false
3852 silly placeDep ROOT buffer-alloc-unsafe@1.1.0 OK for: buffer-alloc@1.2.0 want: ^1.1.0
3853 silly placeDep ROOT buffer-fill@1.0.0 OK for: buffer-alloc@1.2.0 want: ^1.0.0
3854 silly placeDep ROOT is-plain-obj@2.1.0 OK for: merge-options@3.0.4 want: ^2.1.0
3855 silly placeDep ROOT braces@3.0.3 OK for: micromatch@4.0.8 want: ^3.0.3
3856 silly placeDep node_modules/micromatch picomatch@2.3.2 OK for: micromatch@4.0.8 want: ^2.3.1
3857 silly fetch manifest fill-range@^7.1.1
3858 silly packumentCache full:https://registry.npmjs.org/fill-range cache-miss
3859 http fetch GET 200 https://registry.npmjs.org/fill-range 233ms (cache miss)
3860 silly packumentCache full:https://registry.npmjs.org/fill-range set size:undefined disposed:false
3861 silly placeDep ROOT fill-range@7.1.1 OK for: braces@3.0.3 want: ^7.1.1
3862 silly fetch manifest to-regex-range@^5.0.1
3863 silly packumentCache full:https://registry.npmjs.org/to-regex-range cache-miss
3864 http fetch GET 200 https://registry.npmjs.org/to-regex-range 49ms (cache miss)
3865 silly packumentCache full:https://registry.npmjs.org/to-regex-range set size:undefined disposed:false
3866 silly placeDep ROOT to-regex-range@5.0.1 OK for: fill-range@7.1.1 want: ^5.0.1
3867 silly fetch manifest is-number@^7.0.0
3868 silly packumentCache full:https://registry.npmjs.org/is-number cache-miss
3869 http fetch GET 200 https://registry.npmjs.org/is-number 225ms (cache miss)
3870 silly packumentCache full:https://registry.npmjs.org/is-number set size:undefined disposed:false
3871 silly placeDep node_modules/mime-types mime-db@1.52.0 OK for: mime-types@2.1.35 want: 1.52.0
3872 silly placeDep ROOT brace-expansion@1.1.14 OK for: minimatch@3.1.5 want: ^1.1.7
3873 silly fetch manifest concat-map@0.0.1
3874 silly packumentCache full:https://registry.npmjs.org/concat-map cache-miss
3875 silly fetch manifest balanced-match@^1.0.0
3876 silly packumentCache full:https://registry.npmjs.org/balanced-match cache-miss
3877 http fetch GET 200 https://registry.npmjs.org/concat-map 35ms (cache miss)
3878 silly packumentCache full:https://registry.npmjs.org/concat-map set size:undefined disposed:false
3879 http fetch GET 200 https://registry.npmjs.org/balanced-match 235ms (cache miss)
3880 silly packumentCache full:https://registry.npmjs.org/balanced-match set size:undefined disposed:false
3881 silly placeDep ROOT balanced-match@1.0.2 OK for: brace-expansion@1.1.14 want: ^1.0.0
3882 silly placeDep ROOT concat-map@0.0.1 OK for: brace-expansion@1.1.14 want: 0.0.1
3883 silly placeDep node_modules/minipass-flush minipass@3.3.6 OK for: minipass-flush@1.0.7 want: ^3.0.0
3884 silly placeDep node_modules/minipass-pipeline minipass@3.3.6 OK for: minipass-pipeline@1.2.4 want: ^3.0.0
3885 silly placeDep ROOT minimist@1.2.8 OK for: mkdirp@0.5.6 want: ^1.2.6
3886 silly placeDep ROOT whatwg-url@5.0.0 OK for: node-fetch@2.7.0 want: ^5.0.0
3887 silly fetch manifest tr46@~0.0.3
3888 silly packumentCache full:https://registry.npmjs.org/tr46 cache-miss
3889 silly fetch manifest webidl-conversions@^3.0.0
3890 silly packumentCache full:https://registry.npmjs.org/webidl-conversions cache-miss
3891 http cache https://registry.npmjs.org/webidl-conversions 10ms (cache hit)
3892 silly packumentCache full:https://registry.npmjs.org/webidl-conversions set size:46073 disposed:false
3893 http fetch GET 200 https://registry.npmjs.org/tr46 48ms (cache miss)
3894 silly packumentCache full:https://registry.npmjs.org/tr46 set size:undefined disposed:false
3895 silly placeDep ROOT hosted-git-info@7.0.2 OK for: npm-package-arg@11.0.3 want: ^7.0.0
3896 silly placeDep ROOT proc-log@4.2.0 OK for: npm-package-arg@11.0.3 want: ^4.0.0
3897 silly placeDep node_modules/npm-package-arg semver@7.8.0 OK for: npm-package-arg@11.0.3 want: ^7.3.5
3898 silly placeDep ROOT validate-npm-package-name@5.0.1 OK for: npm-package-arg@11.0.3 want: ^5.0.0
3899 silly placeDep node_modules/hosted-git-info lru-cache@10.4.3 OK for: hosted-git-info@7.0.2 want: ^10.0.1
3900 silly placeDep node_modules/npm-run-path path-key@2.0.1 OK for: npm-run-path@2.0.2 want: ^2.0.0
3901 silly placeDep ROOT call-bound@1.0.4 OK for: object.assign@4.1.7 want: ^1.0.3
3902 silly placeDep ROOT ee-first@1.1.1 OK for: on-finished@2.3.0 want: 1.1.1
3903 silly placeDep node_modules/ora chalk@2.4.2 OK for: ora@3.4.0 want: ^2.4.2
3904 silly placeDep ROOT cli-cursor@2.1.0 OK for: ora@3.4.0 want: ^2.1.0
3905 silly placeDep ROOT cli-spinners@2.9.2 OK for: ora@3.4.0 want: ^2.0.0
3906 silly placeDep ROOT log-symbols@2.2.0 OK for: ora@3.4.0 want: ^2.2.0
3907 silly placeDep node_modules/ora strip-ansi@5.2.0 OK for: ora@3.4.0 want: ^5.2.0
3908 silly placeDep ROOT wcwidth@1.0.1 OK for: ora@3.4.0 want: ^1.0.1
3909 silly fetch manifest ansi-styles@^3.2.1
3910 silly packumentCache full:https://registry.npmjs.org/ansi-styles cache-hit
3911 silly fetch manifest supports-color@^5.3.0
3912 silly packumentCache full:https://registry.npmjs.org/supports-color cache-miss
3913 silly fetch manifest escape-string-regexp@^1.0.5
3914 silly packumentCache full:https://registry.npmjs.org/escape-string-regexp cache-miss
3915 silly fetch manifest restore-cursor@^2.0.0
3916 silly packumentCache full:https://registry.npmjs.org/restore-cursor cache-miss
3917 silly fetch manifest chalk@^2.0.1
3918 silly packumentCache full:https://registry.npmjs.org/chalk cache-hit
3919 silly fetch manifest ansi-regex@^4.1.0
3920 silly packumentCache full:https://registry.npmjs.org/ansi-regex cache-hit
3921 silly fetch manifest defaults@^1.0.3
3922 silly packumentCache full:https://registry.npmjs.org/defaults cache-miss
3923 http cache https://registry.npmjs.org/escape-string-regexp 15ms (cache hit)
3924 silly packumentCache full:https://registry.npmjs.org/escape-string-regexp set size:22244 disposed:false
3925 http cache https://registry.npmjs.org/supports-color 16ms (cache hit)
3926 silly packumentCache full:https://registry.npmjs.org/supports-color set size:118680 disposed:false
3927 http fetch GET 200 https://registry.npmjs.org/restore-cursor 50ms (cache miss)
3928 silly packumentCache full:https://registry.npmjs.org/restore-cursor set size:undefined disposed:false
3929 http fetch GET 200 https://registry.npmjs.org/defaults 51ms (cache miss)
3930 silly packumentCache full:https://registry.npmjs.org/defaults set size:undefined disposed:false
3931 silly placeDep ROOT restore-cursor@2.0.0 OK for: cli-cursor@2.1.0 want: ^2.0.0
3932 silly fetch manifest onetime@^2.0.0
3933 silly packumentCache full:https://registry.npmjs.org/onetime cache-miss
3934 http fetch GET 200 https://registry.npmjs.org/onetime 37ms (cache miss)
3935 silly packumentCache full:https://registry.npmjs.org/onetime set size:undefined disposed:false
3936 silly placeDep node_modules/log-symbols chalk@2.4.2 OK for: log-symbols@2.2.0 want: ^2.0.1
3937 silly placeDep ROOT yocto-queue@0.1.0 OK for: p-limit@3.1.0 want: ^0.1.0
3938 silly placeDep ROOT aggregate-error@3.1.0 OK for: p-map@4.0.0 want: ^3.0.0
3939 silly fetch manifest clean-stack@^2.0.0
3940 silly packumentCache full:https://registry.npmjs.org/clean-stack cache-miss
3941 silly fetch manifest indent-string@^4.0.0
3942 silly packumentCache full:https://registry.npmjs.org/indent-string cache-miss
3943 http fetch GET 200 https://registry.npmjs.org/clean-stack 36ms (cache miss)
3944 silly packumentCache full:https://registry.npmjs.org/clean-stack set size:undefined disposed:false
3945 http fetch GET 200 https://registry.npmjs.org/indent-string 45ms (cache miss)
3946 silly packumentCache full:https://registry.npmjs.org/indent-string set size:undefined disposed:false
3947 silly placeDep ROOT clean-stack@2.2.0 OK for: aggregate-error@3.1.0 want: ^2.0.0
3948 silly placeDep ROOT indent-string@4.0.0 OK for: aggregate-error@3.1.0 want: ^4.0.0
3949 silly placeDep ROOT pngjs@3.4.0 OK for: parse-png@2.1.0 want: ^3.3.0
3950 silly placeDep node_modules/path-scurry lru-cache@10.4.3 OK for: path-scurry@1.11.1 want: ^10.2.0
3951 silly placeDep node_modules/pkg-dir find-up@3.0.0 OK for: pkg-dir@3.0.0 want: ^3.0.0
3952 silly fetch manifest locate-path@^3.0.0
3953 silly packumentCache full:https://registry.npmjs.org/locate-path cache-miss
3954 http cache https://registry.npmjs.org/locate-path 22ms (cache hit)
3955 silly packumentCache full:https://registry.npmjs.org/locate-path set size:31329 disposed:false
3956 silly placeDep ROOT source-map-js@1.2.1 OK for: postcss@8.4.49 want: ^1.2.1
3957 silly placeDep ROOT @jest/schemas@29.6.3 OK for: pretty-format@29.7.0 want: ^29.6.3
3958 silly placeDep node_modules/pretty-format ansi-styles@5.2.0 OK for: pretty-format@29.7.0 want: ^5.0.0
3959 silly placeDep node_modules/pretty-format react-is@18.3.1 OK for: pretty-format@29.7.0 want: ^18.0.0
3960 silly fetch manifest @sinclair/typebox@^0.27.8
3961 silly packumentCache full:https://registry.npmjs.org/@sinclair%2ftypebox cache-miss
3962 http fetch GET 200 https://registry.npmjs.org/@sinclair%2ftypebox 146ms (cache miss)
3963 silly packumentCache full:https://registry.npmjs.org/@sinclair%2ftypebox set size:undefined disposed:false
3964 silly placeDep ROOT @sinclair/typebox@0.27.10 OK for: @jest/schemas@29.6.3 want: ^0.27.8
3965 silly placeDep ROOT asap@2.0.6 OK for: promise@7.3.1 want: ~2.0.3
3966 silly placeDep ROOT kleur@3.0.3 OK for: prompts@2.4.2 want: ^3.0.3
3967 silly placeDep ROOT sisteransi@1.0.5 OK for: prompts@2.4.2 want: ^1.0.5
3968 silly placeDep ROOT end-of-stream@1.4.5 OK for: pump@3.0.4 want: ^1.1.0
3969 silly placeDep ROOT once@1.4.0 OK for: pump@3.0.4 want: ^1.3.1
3970 silly fetch manifest once@^1.4.0
3971 silly packumentCache full:https://registry.npmjs.org/once cache-hit
3972 silly fetch manifest wrappy@1
3973 silly packumentCache full:https://registry.npmjs.org/wrappy cache-miss
3974 http fetch GET 200 https://registry.npmjs.org/wrappy 46ms (cache miss)
3975 silly packumentCache full:https://registry.npmjs.org/wrappy set size:undefined disposed:false
3976 silly placeDep ROOT wrappy@1.0.2 OK for: once@1.4.0 want: 1
3977 silly placeDep ROOT decode-uri-component@0.2.2 OK for: query-string@7.1.3 want: ^0.2.2
3978 silly placeDep ROOT filter-obj@1.1.0 OK for: query-string@7.1.3 want: ^1.1.0
3979 silly placeDep ROOT split-on-first@1.1.0 OK for: query-string@7.1.3 want: ^1.0.0
3980 silly placeDep ROOT strict-uri-encode@2.0.0 OK for: query-string@7.1.3 want: ^2.0.0
3981 silly placeDep ROOT scheduler@0.23.2 OK for: react-dom@18.3.1 want: ^0.23.2
3982 silly placeDep ROOT prop-types@15.8.1 OK for: react-helmet-async@1.3.0 want: ^15.7.2
3983 silly placeDep ROOT react-fast-compare@3.2.2 OK for: react-helmet-async@1.3.0 want: ^3.2.0
3984 silly placeDep ROOT shallowequal@1.1.0 OK for: react-helmet-async@1.3.0 want: ^1.1.0
3985 silly fetch manifest react-is@^16.13.1
3986 silly packumentCache full:https://registry.npmjs.org/react-is cache-miss
3987 http cache https://registry.npmjs.org/react-is 20ms (cache hit)
3988 silly packumentCache full:https://registry.npmjs.org/react-is set size:5380884 disposed:false
3989 silly placeDep node_modules/prop-types react-is@16.13.1 OK for: prop-types@15.8.1 want: ^16.13.1
3990 silly fetch manifest @babel/core@^7.8.0
3991 silly packumentCache full:https://registry.npmjs.org/@babel%2fcore cache-hit
3992 silly fetch manifest @types/react@^18.2.6
3993 silly packumentCache full:https://registry.npmjs.org/@types%2freact cache-miss
3994 http cache https://registry.npmjs.org/@types%2freact 16ms (cache hit)
3995 silly packumentCache full:https://registry.npmjs.org/@types%2freact set size:2588964 disposed:false
3996 silly fetch manifest react@^18.2.0
3997 silly packumentCache full:https://registry.npmjs.org/react cache-miss
3998 http cache https://registry.npmjs.org/react 20ms (cache hit)
3999 silly packumentCache full:https://registry.npmjs.org/react set size:6650647 disposed:false
4000 silly fetch manifest @react-native-community/cli-server-api@*
4001 silly packumentCache full:https://registry.npmjs.org/@react-native-community%2fcli-server-api cache-miss
4002 http fetch GET 200 https://registry.npmjs.org/@react-native-community%2fcli-server-api 495ms (cache miss)
4003 silly packumentCache full:https://registry.npmjs.org/@react-native-community%2fcli-server-api set size:undefined disposed:false
4004 silly placeDep ROOT @jest/create-cache-key-function@29.7.0 OK for: react-native@0.76.3 want: ^29.6.3
4005 silly placeDep ROOT @react-native/assets-registry@0.76.3 OK for: react-native@0.76.3 want: 0.76.3
4006 silly placeDep node_modules/react-native @react-native/codegen@0.76.3 OK for: react-native@0.76.3 want: 0.76.3
4007 silly placeDep ROOT @react-native/community-cli-plugin@0.76.3 OK for: react-native@0.76.3 want: 0.76.3
4008 silly placeDep ROOT @react-native/gradle-plugin@0.76.3 OK for: react-native@0.76.3 want: 0.76.3
4009 silly placeDep ROOT @react-native/js-polyfills@0.76.3 OK for: react-native@0.76.3 want: 0.76.3
4010 silly placeDep node_modules/react-native @react-native/normalize-colors@0.76.3 OK for: react-native@0.76.3 want: 0.76.3
4011 silly placeDep ROOT @react-native/virtualized-lists@0.76.3 OK for: react-native@0.76.3 want: 0.76.3
4012 silly placeDep ROOT anser@1.4.10 OK for: react-native@0.76.3 want: ^1.4.9
4013 silly placeDep ROOT ansi-regex@5.0.1 OK for: react-native@0.76.3 want: ^5.0.0
4014 silly placeDep ROOT babel-jest@29.7.0 OK for: react-native@0.76.3 want: ^29.7.0
4015 silly placeDep node_modules/react-native babel-plugin-syntax-hermes-parser@0.23.1 OK for: react-native@0.76.3 want: ^0.23.1
4016 silly placeDep node_modules/react-native commander@12.1.0 OK for: react-native@0.76.3 want: ^12.0.0
4017 silly placeDep ROOT flow-enums-runtime@0.0.6 OK for: react-native@0.76.3 want: ^0.0.6
4018 silly placeDep node_modules/react-native glob@7.2.3 OK for: react-native@0.76.3 want: ^7.1.1
4019 silly placeDep ROOT jest-environment-node@29.7.0 OK for: react-native@0.76.3 want: ^29.6.3
4020 silly placeDep ROOT jsc-android@250231.0.0 OK for: react-native@0.76.3 want: ^250231.0.0
4021 silly placeDep ROOT memoize-one@5.2.1 OK for: react-native@0.76.3 want: ^5.0.0
4022 silly placeDep ROOT metro-runtime@0.81.5 OK for: react-native@0.76.3 want: ^0.81.0
4023 silly placeDep ROOT metro-source-map@0.81.5 OK for: react-native@0.76.3 want: ^0.81.0
4024 silly placeDep node_modules/react-native promise@8.3.0 OK for: react-native@0.76.3 want: ^8.3.0
4025 silly placeDep ROOT react-devtools-core@5.3.2 OK for: react-native@0.76.3 want: ^5.3.1
4026 silly placeDep ROOT regenerator-runtime@0.13.11 OK for: react-native@0.76.3 want: ^0.13.2
4027 silly placeDep node_modules/react-native scheduler@0.24.0-canary-efb381bbf-20230505 OK for: react-native@0.76.3 want: 0.24.0-canary-efb381bbf-20230505
4028 silly placeDep node_modules/react-native semver@7.8.0 OK for: react-native@0.76.3 want: ^7.1.3
4029 silly placeDep ROOT whatwg-fetch@3.6.20 OK for: react-native@0.76.3 want: ^3.0.0
4030 silly placeDep node_modules/react-native ws@6.2.3 OK for: react-native@0.76.3 want: ^6.2.3
4031 silly fetch manifest @jest/types@^29.6.3
4032 silly packumentCache full:https://registry.npmjs.org/@jest%2ftypes cache-miss
4033 silly fetch manifest execa@^5.1.1
4034 silly packumentCache full:https://registry.npmjs.org/execa cache-miss
4035 silly fetch manifest metro@^0.81.0
4036 silly packumentCache full:https://registry.npmjs.org/metro cache-miss
4037 silly fetch manifest readline@^1.3.0
4038 silly packumentCache full:https://registry.npmjs.org/readline cache-miss
4039 silly fetch manifest metro-core@^0.81.0
4040 silly packumentCache full:https://registry.npmjs.org/metro-core cache-miss
4041 silly fetch manifest metro-config@^0.81.0
4042 silly packumentCache full:https://registry.npmjs.org/metro-config cache-miss
4043 silly fetch manifest @react-native/dev-middleware@0.76.3
4044 silly packumentCache full:https://registry.npmjs.org/@react-native%2fdev-middleware cache-miss
4045 http cache https://registry.npmjs.org/execa 17ms (cache hit)
4046 silly packumentCache full:https://registry.npmjs.org/execa set size:181234 disposed:false
4047 silly fetch manifest @react-native/metro-babel-transformer@0.76.3
4048 silly packumentCache full:https://registry.npmjs.org/@react-native%2fmetro-babel-transformer cache-miss
4049 http cache https://registry.npmjs.org/@react-native%2fdev-middleware 30ms (cache hit)
4050 silly packumentCache full:https://registry.npmjs.org/@react-native%2fdev-middleware set size:2387887 disposed:false
4051 silly fetch manifest @jest/transform@^29.7.0
4052 silly packumentCache full:https://registry.npmjs.org/@jest%2ftransform cache-miss
4053 http fetch GET 200 https://registry.npmjs.org/metro-config 76ms (cache miss)
4054 silly packumentCache full:https://registry.npmjs.org/metro-config set size:undefined disposed:false
4055 silly fetch manifest babel-preset-jest@^29.6.3
4056 silly packumentCache full:https://registry.npmjs.org/babel-preset-jest cache-miss
4057 http fetch GET 200 https://registry.npmjs.org/metro 88ms (cache miss)
4058 silly packumentCache full:https://registry.npmjs.org/metro set size:undefined disposed:false
4059 silly fetch manifest @types/babel__core@^7.1.14
4060 silly packumentCache full:https://registry.npmjs.org/@types%2fbabel__core cache-miss
4061 http fetch GET 200 https://registry.npmjs.org/@jest%2ftypes 111ms (cache miss)
4062 silly packumentCache full:https://registry.npmjs.org/@jest%2ftypes set size:undefined disposed:false
4063 silly fetch manifest babel-plugin-istanbul@^6.1.1
4064 silly packumentCache full:https://registry.npmjs.org/babel-plugin-istanbul cache-miss
4065 http fetch GET 200 https://registry.npmjs.org/@jest%2ftransform 134ms (cache miss)
4066 silly packumentCache full:https://registry.npmjs.org/@jest%2ftransform set size:undefined disposed:false
4067 silly fetch manifest jest-mock@^29.7.0
4068 silly packumentCache full:https://registry.npmjs.org/jest-mock cache-miss
4069 http fetch GET 200 https://registry.npmjs.org/readline 232ms (cache miss)
4070 silly packumentCache full:https://registry.npmjs.org/readline set size:undefined disposed:false
4071 silly fetch manifest jest-util@^29.7.0
4072 silly packumentCache full:https://registry.npmjs.org/jest-util cache-miss
4073 http fetch GET 200 https://registry.npmjs.org/metro-core 249ms (cache miss)
4074 silly packumentCache full:https://registry.npmjs.org/metro-core set size:undefined disposed:false
4075 silly fetch manifest @jest/environment@^29.7.0
4076 silly packumentCache full:https://registry.npmjs.org/@jest%2fenvironment cache-miss
4077 http fetch GET 200 https://registry.npmjs.org/babel-preset-jest 238ms (cache miss)
4078 silly packumentCache full:https://registry.npmjs.org/babel-preset-jest set size:undefined disposed:false
4079 silly fetch manifest @jest/fake-timers@^29.7.0
4080 silly packumentCache full:https://registry.npmjs.org/@jest%2ffake-timers cache-miss
4081 http fetch GET 200 https://registry.npmjs.org/@types%2fbabel__core 232ms (cache miss)
4082 silly packumentCache full:https://registry.npmjs.org/@types%2fbabel__core set size:undefined disposed:false
4083 silly fetch manifest ob1@0.81.5
4084 silly packumentCache full:https://registry.npmjs.org/ob1 cache-miss
4085 http fetch GET 200 https://registry.npmjs.org/babel-plugin-istanbul 233ms (cache miss)
4086 silly packumentCache full:https://registry.npmjs.org/babel-plugin-istanbul set size:undefined disposed:false
4087 silly fetch manifest vlq@^1.0.0
4088 silly packumentCache full:https://registry.npmjs.org/vlq cache-miss
4089 http fetch GET 200 https://registry.npmjs.org/ob1 46ms (cache miss)
4090 silly packumentCache full:https://registry.npmjs.org/ob1 set size:undefined disposed:false
4091 silly fetch manifest source-map@^0.5.6
4092 silly packumentCache full:https://registry.npmjs.org/source-map cache-hit
4093 silly fetch manifest metro-symbolicate@0.81.5
4094 silly packumentCache full:https://registry.npmjs.org/metro-symbolicate cache-miss
4095 http fetch GET 200 https://registry.npmjs.org/@react-native%2fmetro-babel-transformer 364ms (cache miss)
4096 silly packumentCache full:https://registry.npmjs.org/@react-native%2fmetro-babel-transformer set size:undefined disposed:false
4097 silly fetch manifest @babel/traverse--for-generate-function-map@npm:@babel/traverse@^7.25.3
4098 silly packumentCache full:https://registry.npmjs.org/@babel%2ftraverse cache-hit
4099 silly fetch manifest ws@^7
4100 silly packumentCache full:https://registry.npmjs.org/ws cache-hit
4101 silly fetch manifest shell-quote@^1.6.1
4102 silly packumentCache full:https://registry.npmjs.org/shell-quote cache-miss
4103 http fetch GET 200 https://registry.npmjs.org/vlq 66ms (cache miss)
4104 silly packumentCache full:https://registry.npmjs.org/vlq set size:undefined disposed:false
4105 http fetch GET 200 https://registry.npmjs.org/jest-mock 235ms (cache miss)
4106 silly packumentCache full:https://registry.npmjs.org/jest-mock set size:undefined disposed:false
4107 http fetch GET 200 https://registry.npmjs.org/jest-util 248ms (cache miss)
4108 silly packumentCache full:https://registry.npmjs.org/jest-util set size:undefined disposed:false
4109 http fetch GET 200 https://registry.npmjs.org/metro-symbolicate 218ms (cache miss)
4110 silly packumentCache full:https://registry.npmjs.org/metro-symbolicate set size:undefined disposed:false
4111 http fetch GET 200 https://registry.npmjs.org/shell-quote 217ms (cache miss)
4112 silly packumentCache full:https://registry.npmjs.org/shell-quote set size:undefined disposed:false
4113 http fetch GET 200 https://registry.npmjs.org/@jest%2fenvironment 503ms (cache miss)
4114 silly packumentCache full:https://registry.npmjs.org/@jest%2fenvironment set size:undefined disposed:false
4115 http fetch GET 200 https://registry.npmjs.org/@jest%2ffake-timers 1451ms (cache miss)
4116 silly packumentCache full:https://registry.npmjs.org/@jest%2ffake-timers set size:undefined disposed:false
4117 silly placeDep ROOT @jest/types@29.6.3 OK for: @jest/create-cache-key-function@29.7.0 want: ^29.6.3
4118 silly fetch manifest @types/yargs@^17.0.8
4119 silly packumentCache full:https://registry.npmjs.org/@types%2fyargs cache-miss
4120 silly fetch manifest @types/istanbul-reports@^3.0.0
4121 silly packumentCache full:https://registry.npmjs.org/@types%2fistanbul-reports cache-miss
4122 silly fetch manifest @types/istanbul-lib-coverage@^2.0.0
4123 silly packumentCache full:https://registry.npmjs.org/@types%2fistanbul-lib-coverage cache-miss
4124 http fetch GET 200 https://registry.npmjs.org/@types%2fistanbul-lib-coverage 299ms (cache miss)
4125 silly packumentCache full:https://registry.npmjs.org/@types%2fistanbul-lib-coverage set size:undefined disposed:false
4126 http fetch GET 200 https://registry.npmjs.org/@types%2fistanbul-reports 301ms (cache miss)
4127 silly packumentCache full:https://registry.npmjs.org/@types%2fistanbul-reports set size:undefined disposed:false
4128 http fetch GET 200 https://registry.npmjs.org/@types%2fyargs 304ms (cache miss)
4129 silly packumentCache full:https://registry.npmjs.org/@types%2fyargs set size:undefined disposed:false
4130 silly placeDep ROOT @types/istanbul-lib-coverage@2.0.6 OK for: @jest/types@29.6.3 want: ^2.0.0
4131 silly placeDep ROOT @types/istanbul-reports@3.0.4 OK for: @jest/types@29.6.3 want: ^3.0.0
4132 silly placeDep ROOT @types/yargs@17.0.35 OK for: @jest/types@29.6.3 want: ^17.0.8
4133 silly fetch manifest @types/istanbul-lib-report@*
4134 silly packumentCache full:https://registry.npmjs.org/@types%2fistanbul-lib-report cache-miss
4135 silly fetch manifest @types/yargs-parser@*
4136 silly packumentCache full:https://registry.npmjs.org/@types%2fyargs-parser cache-miss
4137 http fetch GET 200 https://registry.npmjs.org/@types%2fistanbul-lib-report 46ms (cache miss)
4138 silly packumentCache full:https://registry.npmjs.org/@types%2fistanbul-lib-report set size:undefined disposed:false
4139 http fetch GET 200 https://registry.npmjs.org/@types%2fyargs-parser 412ms (cache miss)
4140 silly packumentCache full:https://registry.npmjs.org/@types%2fyargs-parser set size:undefined disposed:false
4141 silly placeDep node_modules/@react-native/community-cli-plugin @react-native/dev-middleware@0.76.3 OK for: @react-native/community-cli-plugin@0.76.3 want: 0.76.3
4142 silly placeDep ROOT @react-native/metro-babel-transformer@0.76.3 OK for: @react-native/community-cli-plugin@0.76.3 want: 0.76.3
4143 silly placeDep node_modules/@react-native/community-cli-plugin execa@5.1.1 OK for: @react-native/community-cli-plugin@0.76.3 want: ^5.1.1
4144 silly placeDep ROOT metro@0.81.5 OK for: @react-native/community-cli-plugin@0.76.3 want: ^0.81.0
4145 silly placeDep ROOT metro-config@0.81.5 OK for: @react-native/community-cli-plugin@0.76.3 want: ^0.81.0
4146 silly placeDep ROOT metro-core@0.81.5 OK for: @react-native/community-cli-plugin@0.76.3 want: ^0.81.0
4147 silly placeDep ROOT readline@1.3.0 OK for: @react-native/community-cli-plugin@0.76.3 want: ^1.3.0
4148 silly placeDep node_modules/@react-native/community-cli-plugin semver@7.8.0 OK for: @react-native/community-cli-plugin@0.76.3 want: ^7.1.3
4149 silly fetch manifest @react-native/debugger-frontend@0.76.3
4150 silly packumentCache full:https://registry.npmjs.org/@react-native%2fdebugger-frontend cache-miss
4151 silly fetch manifest @react-native/babel-preset@0.76.3
4152 silly packumentCache full:https://registry.npmjs.org/@react-native%2fbabel-preset cache-miss
4153 silly fetch manifest onetime@^5.1.2
4154 silly packumentCache full:https://registry.npmjs.org/onetime cache-miss
4155 silly fetch manifest get-stream@^6.0.0
4156 silly packumentCache full:https://registry.npmjs.org/get-stream cache-miss
4157 silly fetch manifest signal-exit@^3.0.3
4158 silly packumentCache full:https://registry.npmjs.org/signal-exit cache-hit
4159 silly fetch manifest merge-stream@^2.0.0
4160 silly packumentCache full:https://registry.npmjs.org/merge-stream cache-miss
4161 silly fetch manifest npm-run-path@^4.0.1
4162 silly packumentCache full:https://registry.npmjs.org/npm-run-path cache-miss
4163 silly fetch manifest human-signals@^2.1.0
4164 silly packumentCache full:https://registry.npmjs.org/human-signals cache-miss
4165 http cache https://registry.npmjs.org/onetime 14ms (cache hit)
4166 silly packumentCache full:https://registry.npmjs.org/onetime set size:32314 disposed:false
4167 silly fetch manifest strip-final-newline@^2.0.0
4168 silly packumentCache full:https://registry.npmjs.org/strip-final-newline cache-miss
4169 http cache https://registry.npmjs.org/npm-run-path 9ms (cache hit)
4170 silly packumentCache full:https://registry.npmjs.org/npm-run-path set size:33596 disposed:false
4171 silly fetch manifest ws@^7.5.10
4172 silly packumentCache full:https://registry.npmjs.org/ws cache-hit
4173 silly fetch manifest throat@^5.0.0
4174 silly packumentCache full:https://registry.npmjs.org/throat cache-miss
4175 http cache https://registry.npmjs.org/get-stream 27ms (cache hit)
4176 silly packumentCache full:https://registry.npmjs.org/get-stream set size:57536 disposed:false
4177 silly fetch manifest ci-info@^2.0.0
4178 silly packumentCache full:https://registry.npmjs.org/ci-info cache-miss
4179 http cache https://registry.npmjs.org/@react-native%2fbabel-preset 42ms (cache hit)
4180 silly packumentCache full:https://registry.npmjs.org/@react-native%2fbabel-preset set size:4182551 disposed:false
4181 silly fetch manifest image-size@^1.0.2
4182 silly packumentCache full:https://registry.npmjs.org/image-size cache-miss
4183 http cache https://registry.npmjs.org/@react-native%2fdebugger-frontend 80ms (cache hit)
4184 silly packumentCache full:https://registry.npmjs.org/@react-native%2fdebugger-frontend set size:1900549 disposed:false
4185 silly fetch manifest metro-core@0.81.5
4186 silly packumentCache full:https://registry.npmjs.org/metro-core cache-miss
4187 http fetch GET 200 https://registry.npmjs.org/throat 87ms (cache miss)
4188 silly packumentCache full:https://registry.npmjs.org/throat set size:undefined disposed:false
4189 silly fetch manifest jest-worker@^29.7.0
4190 silly packumentCache full:https://registry.npmjs.org/jest-worker cache-miss
4191 http fetch GET 200 https://registry.npmjs.org/human-signals 104ms (cache miss)
4192 silly packumentCache full:https://registry.npmjs.org/human-signals set size:undefined disposed:false
4193 silly fetch manifest metro-cache@0.81.5
4194 silly packumentCache full:https://registry.npmjs.org/metro-cache cache-miss
4195 http cache https://registry.npmjs.org/metro-core 20ms (cache hit)
4196 silly packumentCache full:https://registry.npmjs.org/metro-core set size:389842 disposed:false
4197 silly fetch manifest metro-config@0.81.5
4198 silly packumentCache full:https://registry.npmjs.org/metro-config cache-miss
4199 http cache https://registry.npmjs.org/ci-info 96ms (cache hit)
4200 silly packumentCache full:https://registry.npmjs.org/ci-info set size:91363 disposed:false
4201 silly fetch manifest metro-file-map@0.81.5
4202 silly packumentCache full:https://registry.npmjs.org/metro-file-map cache-miss
4203 http cache https://registry.npmjs.org/metro-config 9ms (cache hit)
4204 silly packumentCache full:https://registry.npmjs.org/metro-config set size:330908 disposed:false
4205 silly fetch manifest metro-resolver@0.81.5
4206 silly packumentCache full:https://registry.npmjs.org/metro-resolver cache-miss
4207 http fetch GET 200 https://registry.npmjs.org/metro-file-map 49ms (cache miss)
4208 silly packumentCache full:https://registry.npmjs.org/metro-file-map set size:undefined disposed:false
4209 silly fetch manifest lodash.throttle@^4.1.1
4210 silly packumentCache full:https://registry.npmjs.org/lodash.throttle cache-miss
4211 http fetch GET 200 https://registry.npmjs.org/jest-worker 69ms (cache miss)
4212 silly packumentCache full:https://registry.npmjs.org/jest-worker set size:undefined disposed:false
4213 silly fetch manifest metro-cache-key@0.81.5
4214 silly packumentCache full:https://registry.npmjs.org/metro-cache-key cache-miss
4215 http fetch GET 200 https://registry.npmjs.org/merge-stream 227ms (cache miss)
4216 silly packumentCache full:https://registry.npmjs.org/merge-stream set size:undefined disposed:false
4217 silly fetch manifest serialize-error@^2.1.0
4218 silly packumentCache full:https://registry.npmjs.org/serialize-error cache-miss
4219 http fetch GET 200 https://registry.npmjs.org/metro-cache-key 50ms (cache miss)
4220 silly packumentCache full:https://registry.npmjs.org/metro-cache-key set size:undefined disposed:false
4221 silly fetch manifest error-stack-parser@^2.0.6
4222 silly packumentCache full:https://registry.npmjs.org/error-stack-parser cache-miss
4223 http fetch GET 200 https://registry.npmjs.org/strip-final-newline 232ms (cache miss)
4224 silly packumentCache full:https://registry.npmjs.org/strip-final-newline set size:undefined disposed:false
4225 silly fetch manifest metro-transform-worker@0.81.5
4226 silly packumentCache full:https://registry.npmjs.org/metro-transform-worker cache-miss
4227 http fetch GET 200 https://registry.npmjs.org/error-stack-parser 37ms (cache miss)
4228 silly packumentCache full:https://registry.npmjs.org/error-stack-parser set size:undefined disposed:false
4229 silly fetch manifest metro-babel-transformer@0.81.5
4230 silly packumentCache full:https://registry.npmjs.org/metro-babel-transformer cache-miss
4231 http fetch GET 200 https://registry.npmjs.org/image-size 239ms (cache miss)
4232 silly packumentCache full:https://registry.npmjs.org/image-size set size:undefined disposed:false
4233 silly fetch manifest metro-transform-plugins@0.81.5
4234 silly packumentCache full:https://registry.npmjs.org/metro-transform-plugins cache-miss
4235 http fetch GET 200 https://registry.npmjs.org/metro-babel-transformer 45ms (cache miss)
4236 silly packumentCache full:https://registry.npmjs.org/metro-babel-transformer set size:undefined disposed:false
4237 silly fetch manifest cosmiconfig@^5.0.5
4238 silly packumentCache full:https://registry.npmjs.org/cosmiconfig cache-miss
4239 http fetch GET 200 https://registry.npmjs.org/metro-cache 235ms (cache miss)
4240 silly packumentCache full:https://registry.npmjs.org/metro-cache set size:undefined disposed:false
4241 silly fetch manifest jest-validate@^29.7.0
4242 silly packumentCache full:https://registry.npmjs.org/jest-validate cache-miss
4243 http fetch GET 200 https://registry.npmjs.org/metro-transform-plugins 42ms (cache miss)
4244 silly packumentCache full:https://registry.npmjs.org/metro-transform-plugins set size:undefined disposed:false
4245 silly fetch manifest metro-resolver@0.81.5
4246 silly packumentCache full:https://registry.npmjs.org/metro-resolver cache-miss
4247 http fetch GET 200 https://registry.npmjs.org/metro-resolver 233ms (cache miss)
4248 silly packumentCache full:https://registry.npmjs.org/metro-resolver set size:undefined disposed:false
4249 silly fetch manifest lodash.throttle@^4.1.1
4250 silly packumentCache full:https://registry.npmjs.org/lodash.throttle cache-miss
4251 http cache https://registry.npmjs.org/metro-resolver 8ms (cache hit)
4252 silly packumentCache full:https://registry.npmjs.org/metro-resolver set size:358806 disposed:false
4253 http fetch GET 200 https://registry.npmjs.org/lodash.throttle 201ms (cache miss)
4254 silly packumentCache full:https://registry.npmjs.org/lodash.throttle set size:undefined disposed:false
4255 http fetch GET 200 https://registry.npmjs.org/lodash.throttle 36ms (cache miss)
4256 silly packumentCache full:https://registry.npmjs.org/lodash.throttle set size:undefined disposed:false
4257 http fetch GET 200 https://registry.npmjs.org/serialize-error 215ms (cache miss)
4258 silly packumentCache full:https://registry.npmjs.org/serialize-error set size:undefined disposed:false
4259 http fetch GET 200 https://registry.npmjs.org/metro-transform-worker 233ms (cache miss)
4260 silly packumentCache full:https://registry.npmjs.org/metro-transform-worker set size:undefined disposed:false
4261 http fetch GET 200 https://registry.npmjs.org/cosmiconfig 231ms (cache miss)
4262 silly packumentCache full:https://registry.npmjs.org/cosmiconfig set size:undefined disposed:false
4263 http fetch GET 200 https://registry.npmjs.org/jest-validate 243ms (cache miss)
4264 silly packumentCache full:https://registry.npmjs.org/jest-validate set size:undefined disposed:false
4265 silly placeDep node_modules/@react-native/metro-babel-transformer @react-native/babel-preset@0.76.3 OK for: @react-native/metro-babel-transformer@0.76.3 want: 0.76.3
4266 silly fetch manifest @react-native/babel-plugin-codegen@0.76.3
4267 silly packumentCache full:https://registry.npmjs.org/@react-native%2fbabel-plugin-codegen cache-miss
4268 http cache https://registry.npmjs.org/@react-native%2fbabel-plugin-codegen 15ms (cache hit)
4269 silly packumentCache full:https://registry.npmjs.org/@react-native%2fbabel-plugin-codegen set size:2153805 disposed:false
4270 silly placeDep ROOT @types/istanbul-lib-report@3.0.3 OK for: @types/istanbul-reports@3.0.4 want: *
4271 silly placeDep ROOT @types/yargs-parser@21.0.3 OK for: @types/yargs@17.0.35 want: *
4272 silly placeDep ROOT @jest/transform@29.7.0 OK for: babel-jest@29.7.0 want: ^29.7.0
4273 silly placeDep ROOT @types/babel__core@7.20.5 OK for: babel-jest@29.7.0 want: ^7.1.14
4274 silly placeDep ROOT babel-plugin-istanbul@6.1.1 OK for: babel-jest@29.7.0 want: ^6.1.1
4275 silly placeDep ROOT babel-preset-jest@29.6.3 OK for: babel-jest@29.7.0 want: ^29.6.3
4276 silly fetch manifest jest-haste-map@^29.7.0
4277 silly packumentCache full:https://registry.npmjs.org/jest-haste-map cache-miss
4278 silly fetch manifest jest-regex-util@^29.6.3
4279 silly packumentCache full:https://registry.npmjs.org/jest-regex-util cache-miss
4280 silly fetch manifest write-file-atomic@^4.0.2
4281 silly packumentCache full:https://registry.npmjs.org/write-file-atomic cache-miss
4282 silly fetch manifest fast-json-stable-stringify@^2.1.0
4283 silly packumentCache full:https://registry.npmjs.org/fast-json-stable-stringify cache-miss
4284 silly fetch manifest @types/babel__template@*
4285 silly packumentCache full:https://registry.npmjs.org/@types%2fbabel__template cache-miss
4286 silly fetch manifest @types/babel__traverse@*
4287 silly packumentCache full:https://registry.npmjs.org/@types%2fbabel__traverse cache-miss
4288 silly fetch manifest @types/babel__generator@*
4289 silly packumentCache full:https://registry.npmjs.org/@types%2fbabel__generator cache-miss
4290 http cache https://registry.npmjs.org/write-file-atomic 17ms (cache hit)
4291 silly packumentCache full:https://registry.npmjs.org/write-file-atomic set size:82777 disposed:false
4292 silly fetch manifest test-exclude@^6.0.0
4293 silly packumentCache full:https://registry.npmjs.org/test-exclude cache-miss
4294 http fetch GET 200 https://registry.npmjs.org/fast-json-stable-stringify 47ms (cache miss)
4295 silly packumentCache full:https://registry.npmjs.org/fast-json-stable-stringify set size:undefined disposed:false
4296 silly fetch manifest @istanbuljs/schema@^0.1.2
4297 silly packumentCache full:https://registry.npmjs.org/@istanbuljs%2fschema cache-miss
4298 http fetch GET 200 https://registry.npmjs.org/@istanbuljs%2fschema 111ms (cache miss)
4299 silly packumentCache full:https://registry.npmjs.org/@istanbuljs%2fschema set size:undefined disposed:false
4300 silly fetch manifest istanbul-lib-instrument@^5.0.4
4301 silly packumentCache full:https://registry.npmjs.org/istanbul-lib-instrument cache-miss
4302 http fetch GET 200 https://registry.npmjs.org/@types%2fbabel__template 228ms (cache miss)
4303 silly packumentCache full:https://registry.npmjs.org/@types%2fbabel__template set size:undefined disposed:false
4304 silly fetch manifest @istanbuljs/load-nyc-config@^1.0.0
4305 silly packumentCache full:https://registry.npmjs.org/@istanbuljs%2fload-nyc-config cache-miss
4306 http fetch GET 200 https://registry.npmjs.org/jest-regex-util 232ms (cache miss)
4307 silly packumentCache full:https://registry.npmjs.org/jest-regex-util set size:undefined disposed:false
4308 silly fetch manifest babel-plugin-jest-hoist@^29.6.3
4309 silly packumentCache full:https://registry.npmjs.org/babel-plugin-jest-hoist cache-miss
4310 http fetch GET 200 https://registry.npmjs.org/@types%2fbabel__traverse 255ms (cache miss)
4311 silly packumentCache full:https://registry.npmjs.org/@types%2fbabel__traverse set size:undefined disposed:false
4312 silly fetch manifest babel-preset-current-node-syntax@^1.0.0
4313 silly packumentCache full:https://registry.npmjs.org/babel-preset-current-node-syntax cache-miss
4314 http fetch GET 200 https://registry.npmjs.org/test-exclude 238ms (cache miss)
4315 silly packumentCache full:https://registry.npmjs.org/test-exclude set size:undefined disposed:false
4316 http fetch GET 200 https://registry.npmjs.org/@types%2fbabel__generator 268ms (cache miss)
4317 silly packumentCache full:https://registry.npmjs.org/@types%2fbabel__generator set size:undefined disposed:false
4318 http fetch GET 200 https://registry.npmjs.org/jest-haste-map 277ms (cache miss)
4319 silly packumentCache full:https://registry.npmjs.org/jest-haste-map set size:undefined disposed:false
4320 http fetch GET 200 https://registry.npmjs.org/babel-preset-current-node-syntax 33ms (cache miss)
4321 silly packumentCache full:https://registry.npmjs.org/babel-preset-current-node-syntax set size:undefined disposed:false
4322 http fetch GET 200 https://registry.npmjs.org/istanbul-lib-instrument 231ms (cache miss)
4323 silly packumentCache full:https://registry.npmjs.org/istanbul-lib-instrument set size:undefined disposed:false
4324 http fetch GET 200 https://registry.npmjs.org/babel-plugin-jest-hoist 246ms (cache miss)
4325 silly packumentCache full:https://registry.npmjs.org/babel-plugin-jest-hoist set size:undefined disposed:false
4326 http fetch GET 200 https://registry.npmjs.org/@istanbuljs%2fload-nyc-config 578ms (cache miss)
4327 silly packumentCache full:https://registry.npmjs.org/@istanbuljs%2fload-nyc-config set size:undefined disposed:false
4328 silly placeDep ROOT fast-json-stable-stringify@2.1.0 OK for: @jest/transform@29.7.0 want: ^2.1.0
4329 silly placeDep ROOT jest-haste-map@29.7.0 OK for: @jest/transform@29.7.0 want: ^29.7.0
4330 silly placeDep ROOT jest-regex-util@29.6.3 OK for: @jest/transform@29.7.0 want: ^29.6.3
4331 silly placeDep ROOT jest-util@29.7.0 OK for: @jest/transform@29.7.0 want: ^29.7.0
4332 silly placeDep node_modules/@jest/transform write-file-atomic@4.0.2 OK for: @jest/transform@29.7.0 want: ^4.0.2
4333 silly fetch manifest walker@^1.0.8
4334 silly packumentCache full:https://registry.npmjs.org/walker cache-miss
4335 silly fetch manifest anymatch@^3.0.3
4336 silly packumentCache full:https://registry.npmjs.org/anymatch cache-miss
4337 silly fetch manifest fb-watchman@^2.0.0
4338 silly packumentCache full:https://registry.npmjs.org/fb-watchman cache-miss
4339 silly fetch manifest @types/graceful-fs@^4.1.3
4340 silly packumentCache full:https://registry.npmjs.org/@types%2fgraceful-fs cache-miss
4341 silly fetch manifest fsevents@^2.3.2
4342 silly packumentCache full:https://registry.npmjs.org/fsevents cache-miss
4343 silly fetch manifest picomatch@^2.2.3
4344 silly packumentCache full:https://registry.npmjs.org/picomatch cache-hit
4345 silly fetch manifest signal-exit@^3.0.7
4346 silly packumentCache full:https://registry.npmjs.org/signal-exit cache-hit
4347 http fetch GET 200 https://registry.npmjs.org/fb-watchman 49ms (cache miss)
4348 silly packumentCache full:https://registry.npmjs.org/fb-watchman set size:undefined disposed:false
4349 http fetch GET 200 https://registry.npmjs.org/fsevents 54ms (cache miss)
4350 silly packumentCache full:https://registry.npmjs.org/fsevents set size:undefined disposed:false
4351 http fetch GET 200 https://registry.npmjs.org/walker 231ms (cache miss)
4352 silly packumentCache full:https://registry.npmjs.org/walker set size:undefined disposed:false
4353 http fetch GET 200 https://registry.npmjs.org/anymatch 233ms (cache miss)
4354 silly packumentCache full:https://registry.npmjs.org/anymatch set size:undefined disposed:false
4355 http fetch GET 200 https://registry.npmjs.org/@types%2fgraceful-fs 243ms (cache miss)
4356 silly packumentCache full:https://registry.npmjs.org/@types%2fgraceful-fs set size:undefined disposed:false
4357 silly placeDep ROOT @types/babel__generator@7.27.0 OK for: @types/babel__core@7.20.5 want: *
4358 silly placeDep ROOT @types/babel__template@7.4.4 OK for: @types/babel__core@7.20.5 want: *
4359 silly placeDep ROOT @types/babel__traverse@7.28.0 OK for: @types/babel__core@7.20.5 want: *
4360 silly placeDep ROOT @istanbuljs/load-nyc-config@1.1.0 OK for: babel-plugin-istanbul@6.1.1 want: ^1.0.0
4361 silly placeDep ROOT @istanbuljs/schema@0.1.6 OK for: babel-plugin-istanbul@6.1.1 want: ^0.1.2
4362 silly placeDep ROOT istanbul-lib-instrument@5.2.1 OK for: babel-plugin-istanbul@6.1.1 want: ^5.0.4
4363 silly placeDep ROOT test-exclude@6.0.0 OK for: babel-plugin-istanbul@6.1.1 want: ^6.0.0
4364 silly fetch manifest camelcase@^5.3.1
4365 silly packumentCache full:https://registry.npmjs.org/camelcase cache-miss
4366 silly fetch manifest find-up@^4.1.0
4367 silly packumentCache full:https://registry.npmjs.org/find-up cache-hit
4368 silly fetch manifest get-package-type@^0.1.0
4369 silly packumentCache full:https://registry.npmjs.org/get-package-type cache-miss
4370 silly fetch manifest js-yaml@^3.13.1
4371 silly packumentCache full:https://registry.npmjs.org/js-yaml cache-miss
4372 silly fetch manifest istanbul-lib-coverage@^3.2.0
4373 silly packumentCache full:https://registry.npmjs.org/istanbul-lib-coverage cache-miss
4374 silly fetch manifest glob@^7.1.4
4375 silly packumentCache full:https://registry.npmjs.org/glob cache-hit
4376 http cache https://registry.npmjs.org/js-yaml 13ms (cache hit)
4377 silly packumentCache full:https://registry.npmjs.org/js-yaml set size:152232 disposed:false
4378 http fetch GET 200 https://registry.npmjs.org/get-package-type 48ms (cache miss)
4379 silly packumentCache full:https://registry.npmjs.org/get-package-type set size:undefined disposed:false
4380 http fetch GET 200 https://registry.npmjs.org/camelcase 49ms (cache miss)
4381 silly packumentCache full:https://registry.npmjs.org/camelcase set size:undefined disposed:false
4382 http fetch GET 200 https://registry.npmjs.org/istanbul-lib-coverage 228ms (cache miss)
4383 silly packumentCache full:https://registry.npmjs.org/istanbul-lib-coverage set size:undefined disposed:false
4384 silly placeDep ROOT camelcase@5.3.1 OK for: @istanbuljs/load-nyc-config@1.1.0 want: ^5.3.1
4385 silly placeDep node_modules/@istanbuljs/load-nyc-config find-up@4.1.0 OK for: @istanbuljs/load-nyc-config@1.1.0 want: ^4.1.0
4386 silly placeDep ROOT get-package-type@0.1.0 OK for: @istanbuljs/load-nyc-config@1.1.0 want: ^0.1.0
4387 silly placeDep node_modules/@istanbuljs/load-nyc-config js-yaml@3.14.2 OK for: @istanbuljs/load-nyc-config@1.1.0 want: ^3.13.1
4388 silly fetch manifest locate-path@^5.0.0
4389 silly packumentCache full:https://registry.npmjs.org/locate-path cache-hit
4390 silly fetch manifest esprima@^4.0.0
4391 silly packumentCache full:https://registry.npmjs.org/esprima cache-miss
4392 silly fetch manifest argparse@^1.0.7
4393 silly packumentCache full:https://registry.npmjs.org/argparse cache-miss
4394 http cache https://registry.npmjs.org/esprima 4ms (cache hit)
4395 silly packumentCache full:https://registry.npmjs.org/esprima set size:118410 disposed:false
4396 http cache https://registry.npmjs.org/argparse 6ms (cache hit)
4397 silly packumentCache full:https://registry.npmjs.org/argparse set size:49266 disposed:false
4398 silly placeDep ROOT babel-plugin-jest-hoist@29.6.3 OK for: babel-preset-jest@29.6.3 want: ^29.6.3
4399 silly placeDep ROOT babel-preset-current-node-syntax@1.2.0 OK for: babel-preset-jest@29.6.3 want: ^1.0.0
4400 silly fetch manifest @babel/plugin-syntax-async-generators@^7.8.4
4401 silly packumentCache full:https://registry.npmjs.org/@babel%2fplugin-syntax-async-generators cache-miss
4402 silly fetch manifest @babel/plugin-syntax-bigint@^7.8.3
4403 silly packumentCache full:https://registry.npmjs.org/@babel%2fplugin-syntax-bigint cache-miss
4404 silly fetch manifest @babel/plugin-syntax-class-properties@^7.12.13
4405 silly packumentCache full:https://registry.npmjs.org/@babel%2fplugin-syntax-class-properties cache-miss
4406 silly fetch manifest @babel/plugin-syntax-class-static-block@^7.14.5
4407 silly packumentCache full:https://registry.npmjs.org/@babel%2fplugin-syntax-class-static-block cache-miss
4408 silly fetch manifest @babel/plugin-syntax-import-meta@^7.10.4
4409 silly packumentCache full:https://registry.npmjs.org/@babel%2fplugin-syntax-import-meta cache-miss
4410 silly fetch manifest @babel/plugin-syntax-json-strings@^7.8.3
4411 silly packumentCache full:https://registry.npmjs.org/@babel%2fplugin-syntax-json-strings cache-miss
4412 silly fetch manifest @babel/plugin-syntax-logical-assignment-operators@^7.10.4
4413 silly packumentCache full:https://registry.npmjs.org/@babel%2fplugin-syntax-logical-assignment-operators cache-miss
4414 http fetch GET 200 https://registry.npmjs.org/@babel%2fplugin-syntax-logical-assignment-operators 60ms (cache miss)
4415 silly packumentCache full:https://registry.npmjs.org/@babel%2fplugin-syntax-logical-assignment-operators set size:undefined disposed:false
4416 silly fetch manifest @babel/plugin-syntax-numeric-separator@^7.10.4
4417 silly packumentCache full:https://registry.npmjs.org/@babel%2fplugin-syntax-numeric-separator cache-miss
4418 http fetch GET 200 https://registry.npmjs.org/@babel%2fplugin-syntax-class-static-block 234ms (cache miss)
4419 silly packumentCache full:https://registry.npmjs.org/@babel%2fplugin-syntax-class-static-block set size:undefined disposed:false
4420 silly fetch manifest @babel/plugin-syntax-object-rest-spread@^7.8.3
4421 silly packumentCache full:https://registry.npmjs.org/@babel%2fplugin-syntax-object-rest-spread cache-miss
4422 http fetch GET 200 https://registry.npmjs.org/@babel%2fplugin-syntax-import-meta 246ms (cache miss)
4423 silly packumentCache full:https://registry.npmjs.org/@babel%2fplugin-syntax-import-meta set size:undefined disposed:false
4424 silly fetch manifest @babel/plugin-syntax-optional-catch-binding@^7.8.3
4425 silly packumentCache full:https://registry.npmjs.org/@babel%2fplugin-syntax-optional-catch-binding cache-miss
4426 http fetch GET 200 https://registry.npmjs.org/@babel%2fplugin-syntax-bigint 264ms (cache miss)
4427 silly packumentCache full:https://registry.npmjs.org/@babel%2fplugin-syntax-bigint set size:undefined disposed:false
4428 silly fetch manifest @babel/plugin-syntax-private-property-in-object@^7.14.5
4429 silly packumentCache full:https://registry.npmjs.org/@babel%2fplugin-syntax-private-property-in-object cache-miss
4430 http fetch GET 200 https://registry.npmjs.org/@babel%2fplugin-syntax-json-strings 265ms (cache miss)
4431 silly packumentCache full:https://registry.npmjs.org/@babel%2fplugin-syntax-json-strings set size:undefined disposed:false
4432 silly fetch manifest @babel/plugin-syntax-top-level-await@^7.14.5
4433 silly packumentCache full:https://registry.npmjs.org/@babel%2fplugin-syntax-top-level-await cache-miss
4434 http fetch GET 200 https://registry.npmjs.org/@babel%2fplugin-syntax-numeric-separator 236ms (cache miss)
4435 silly packumentCache full:https://registry.npmjs.org/@babel%2fplugin-syntax-numeric-separator set size:undefined disposed:false
4436 http fetch GET 200 https://registry.npmjs.org/@babel%2fplugin-syntax-class-properties 418ms (cache miss)
4437 silly packumentCache full:https://registry.npmjs.org/@babel%2fplugin-syntax-class-properties set size:undefined disposed:false
4438 http fetch GET 200 https://registry.npmjs.org/@babel%2fplugin-syntax-async-generators 434ms (cache miss)
4439 silly packumentCache full:https://registry.npmjs.org/@babel%2fplugin-syntax-async-generators set size:undefined disposed:false
4440 http fetch GET 200 https://registry.npmjs.org/@babel%2fplugin-syntax-private-property-in-object 237ms (cache miss)
4441 silly packumentCache full:https://registry.npmjs.org/@babel%2fplugin-syntax-private-property-in-object set size:undefined disposed:false
4442 http fetch GET 200 https://registry.npmjs.org/@babel%2fplugin-syntax-object-rest-spread 416ms (cache miss)
4443 silly packumentCache full:https://registry.npmjs.org/@babel%2fplugin-syntax-object-rest-spread set size:undefined disposed:false
4444 http fetch GET 200 https://registry.npmjs.org/@babel%2fplugin-syntax-top-level-await 411ms (cache miss)
4445 silly packumentCache full:https://registry.npmjs.org/@babel%2fplugin-syntax-top-level-await set size:undefined disposed:false
4446 http fetch GET 200 https://registry.npmjs.org/@babel%2fplugin-syntax-optional-catch-binding 431ms (cache miss)
4447 silly packumentCache full:https://registry.npmjs.org/@babel%2fplugin-syntax-optional-catch-binding set size:undefined disposed:false
4448 silly fetch manifest @babel/core@^7.0.0 || ^8.0.0-0
4449 silly packumentCache full:https://registry.npmjs.org/@babel%2fcore cache-hit
4450 silly placeDep ROOT @babel/plugin-syntax-async-generators@7.8.4 OK for: babel-preset-current-node-syntax@1.2.0 want: ^7.8.4
4451 silly placeDep ROOT @babel/plugin-syntax-bigint@7.8.3 OK for: babel-preset-current-node-syntax@1.2.0 want: ^7.8.3
4452 silly placeDep ROOT @babel/plugin-syntax-class-properties@7.12.13 OK for: babel-preset-current-node-syntax@1.2.0 want: ^7.12.13
4453 silly placeDep ROOT @babel/plugin-syntax-class-static-block@7.14.5 OK for: babel-preset-current-node-syntax@1.2.0 want: ^7.14.5
4454 silly placeDep ROOT @babel/plugin-syntax-import-meta@7.10.4 OK for: babel-preset-current-node-syntax@1.2.0 want: ^7.10.4
4455 silly placeDep ROOT @babel/plugin-syntax-json-strings@7.8.3 OK for: babel-preset-current-node-syntax@1.2.0 want: ^7.8.3
4456 silly placeDep ROOT @babel/plugin-syntax-logical-assignment-operators@7.10.4 OK for: babel-preset-current-node-syntax@1.2.0 want: ^7.10.4
4457 silly placeDep ROOT @babel/plugin-syntax-numeric-separator@7.10.4 OK for: babel-preset-current-node-syntax@1.2.0 want: ^7.10.4
4458 silly placeDep ROOT @babel/plugin-syntax-object-rest-spread@7.8.3 OK for: babel-preset-current-node-syntax@1.2.0 want: ^7.8.3
4459 silly placeDep ROOT @babel/plugin-syntax-optional-catch-binding@7.8.3 OK for: babel-preset-current-node-syntax@1.2.0 want: ^7.8.3
4460 silly placeDep ROOT @babel/plugin-syntax-private-property-in-object@7.14.5 OK for: babel-preset-current-node-syntax@1.2.0 want: ^7.14.5
4461 silly placeDep ROOT @babel/plugin-syntax-top-level-await@7.14.5 OK for: babel-preset-current-node-syntax@1.2.0 want: ^7.14.5
4462 silly placeDep ROOT istanbul-lib-coverage@3.2.2 OK for: istanbul-lib-instrument@5.2.1 want: ^3.2.0
4463 silly placeDep ROOT @jest/environment@29.7.0 OK for: jest-environment-node@29.7.0 want: ^29.7.0
4464 silly placeDep ROOT @jest/fake-timers@29.7.0 OK for: jest-environment-node@29.7.0 want: ^29.7.0
4465 silly placeDep ROOT jest-mock@29.7.0 OK for: jest-environment-node@29.7.0 want: ^29.7.0
4466 silly fetch manifest jest-message-util@^29.7.0
4467 silly packumentCache full:https://registry.npmjs.org/jest-message-util cache-miss
4468 silly fetch manifest @sinonjs/fake-timers@^10.0.2
4469 silly packumentCache full:https://registry.npmjs.org/@sinonjs%2ffake-timers cache-miss
4470 http fetch GET 200 https://registry.npmjs.org/jest-message-util 70ms (cache miss)
4471 silly packumentCache full:https://registry.npmjs.org/jest-message-util set size:undefined disposed:false
4472 http fetch GET 200 https://registry.npmjs.org/@sinonjs%2ffake-timers 131ms (cache miss)
4473 silly packumentCache full:https://registry.npmjs.org/@sinonjs%2ffake-timers set size:undefined disposed:false
4474 silly placeDep ROOT @sinonjs/fake-timers@10.3.0 OK for: @jest/fake-timers@29.7.0 want: ^10.0.2
4475 silly placeDep ROOT jest-message-util@29.7.0 OK for: @jest/fake-timers@29.7.0 want: ^29.7.0
4476 silly fetch manifest @sinonjs/commons@^3.0.0
4477 silly packumentCache full:https://registry.npmjs.org/@sinonjs%2fcommons cache-miss
4478 silly fetch manifest stack-utils@^2.0.3
4479 silly packumentCache full:https://registry.npmjs.org/stack-utils cache-miss
4480 silly fetch manifest @types/stack-utils@^2.0.0
4481 silly packumentCache full:https://registry.npmjs.org/@types%2fstack-utils cache-miss
4482 http fetch GET 200 https://registry.npmjs.org/stack-utils 48ms (cache miss)
4483 silly packumentCache full:https://registry.npmjs.org/stack-utils set size:undefined disposed:false
4484 http fetch GET 200 https://registry.npmjs.org/@types%2fstack-utils 239ms (cache miss)
4485 silly packumentCache full:https://registry.npmjs.org/@types%2fstack-utils set size:undefined disposed:false
4486 http fetch GET 200 https://registry.npmjs.org/@sinonjs%2fcommons 299ms (cache miss)
4487 silly packumentCache full:https://registry.npmjs.org/@sinonjs%2fcommons set size:undefined disposed:false
4488 silly placeDep ROOT @sinonjs/commons@3.0.1 OK for: @sinonjs/fake-timers@10.3.0 want: ^3.0.0
4489 silly fetch manifest type-detect@4.0.8
4490 silly packumentCache full:https://registry.npmjs.org/type-detect cache-miss
4491 http fetch GET 200 https://registry.npmjs.org/type-detect 46ms (cache miss)
4492 silly packumentCache full:https://registry.npmjs.org/type-detect set size:undefined disposed:false
4493 silly placeDep ROOT type-detect@4.0.8 OK for: @sinonjs/commons@3.0.1 want: 4.0.8
4494 silly placeDep ROOT @types/graceful-fs@4.1.9 OK for: jest-haste-map@29.7.0 want: ^4.1.3
4495 silly placeDep ROOT anymatch@3.1.3 OK for: jest-haste-map@29.7.0 want: ^3.0.3
4496 silly placeDep ROOT fb-watchman@2.0.2 OK for: jest-haste-map@29.7.0 want: ^2.0.0
4497 silly placeDep ROOT fsevents@2.3.3 OK for: jest-haste-map@29.7.0 want: ^2.3.2
4498 silly placeDep ROOT jest-worker@29.7.0 OK for: jest-haste-map@29.7.0 want: ^29.7.0
4499 silly placeDep ROOT walker@1.0.8 OK for: jest-haste-map@29.7.0 want: ^1.0.8
4500 silly fetch manifest picomatch@^2.0.4
4501 silly packumentCache full:https://registry.npmjs.org/picomatch cache-hit
4502 silly fetch manifest normalize-path@^3.0.0
4503 silly packumentCache full:https://registry.npmjs.org/normalize-path cache-miss
4504 silly fetch manifest bser@2.1.1
4505 silly packumentCache full:https://registry.npmjs.org/bser cache-miss
4506 silly fetch manifest supports-color@^8.0.0
4507 silly packumentCache full:https://registry.npmjs.org/supports-color cache-hit
4508 silly fetch manifest makeerror@1.0.12
4509 silly packumentCache full:https://registry.npmjs.org/makeerror cache-miss
4510 http fetch GET 200 https://registry.npmjs.org/normalize-path 46ms (cache miss)
4511 silly packumentCache full:https://registry.npmjs.org/normalize-path set size:undefined disposed:false
4512 http fetch GET 200 https://registry.npmjs.org/makeerror 37ms (cache miss)
4513 silly packumentCache full:https://registry.npmjs.org/makeerror set size:undefined disposed:false
4514 http fetch GET 200 https://registry.npmjs.org/bser 227ms (cache miss)
4515 silly packumentCache full:https://registry.npmjs.org/bser set size:undefined disposed:false
4516 silly placeDep ROOT normalize-path@3.0.0 OK for: anymatch@3.1.3 want: ^3.0.0
4517 silly placeDep node_modules/anymatch picomatch@2.3.2 OK for: anymatch@3.1.3 want: ^2.0.4
4518 silly placeDep ROOT bser@2.1.1 OK for: fb-watchman@2.0.2 want: 2.1.1
4519 silly fetch manifest node-int64@^0.4.0
4520 silly packumentCache full:https://registry.npmjs.org/node-int64 cache-miss
4521 http fetch GET 200 https://registry.npmjs.org/node-int64 226ms (cache miss)
4522 silly packumentCache full:https://registry.npmjs.org/node-int64 set size:undefined disposed:false
4523 silly placeDep ROOT node-int64@0.4.0 OK for: bser@2.1.1 want: ^0.4.0
4524 silly placeDep ROOT @types/stack-utils@2.0.3 OK for: jest-message-util@29.7.0 want: ^2.0.0
4525 silly placeDep ROOT stack-utils@2.0.6 OK for: jest-message-util@29.7.0 want: ^2.0.3
4526 silly fetch manifest escape-string-regexp@^2.0.0
4527 silly packumentCache full:https://registry.npmjs.org/escape-string-regexp cache-hit
4528 silly placeDep node_modules/jest-util picomatch@2.3.2 OK for: jest-util@29.7.0 want: ^2.2.3
4529 silly placeDep ROOT merge-stream@2.0.0 OK for: jest-worker@29.7.0 want: ^2.0.0
4530 silly placeDep node_modules/jest-worker supports-color@8.1.1 OK for: jest-worker@29.7.0 want: ^8.0.0
4531 silly fetch manifest utf-8-validate@^5.0.2
4532 silly packumentCache full:https://registry.npmjs.org/utf-8-validate cache-miss
4533 http cache https://registry.npmjs.org/utf-8-validate 4ms (cache hit)
4534 silly packumentCache full:https://registry.npmjs.org/utf-8-validate set size:77148 disposed:false
4535 silly placeDep node_modules/metro ci-info@2.0.0 OK for: metro@0.81.5 want: ^2.0.0
4536 silly placeDep node_modules/metro debug@2.6.9 OK for: metro@0.81.5 want: ^2.2.0
4537 silly placeDep ROOT error-stack-parser@2.1.4 OK for: metro@0.81.5 want: ^2.0.6
4538 silly placeDep node_modules/metro hermes-parser@0.25.1 OK for: metro@0.81.5 want: 0.25.1
4539 silly placeDep ROOT image-size@1.2.1 OK for: metro@0.81.5 want: ^1.0.2
4540 silly placeDep ROOT lodash.throttle@4.1.1 OK for: metro@0.81.5 want: ^4.1.1
4541 silly placeDep ROOT metro-babel-transformer@0.81.5 OK for: metro@0.81.5 want: 0.81.5
4542 silly placeDep ROOT metro-cache@0.81.5 OK for: metro@0.81.5 want: 0.81.5
4543 silly placeDep ROOT metro-cache-key@0.81.5 OK for: metro@0.81.5 want: 0.81.5
4544 silly placeDep ROOT metro-file-map@0.81.5 OK for: metro@0.81.5 want: 0.81.5
4545 silly placeDep ROOT metro-resolver@0.81.5 OK for: metro@0.81.5 want: 0.81.5
4546 silly placeDep ROOT metro-symbolicate@0.81.5 OK for: metro@0.81.5 want: 0.81.5
4547 silly placeDep ROOT metro-transform-plugins@0.81.5 OK for: metro@0.81.5 want: 0.81.5
4548 silly placeDep ROOT metro-transform-worker@0.81.5 OK for: metro@0.81.5 want: 0.81.5
4549 silly placeDep ROOT serialize-error@2.1.0 OK for: metro@0.81.5 want: ^2.1.0
4550 silly placeDep ROOT source-map@0.5.7 OK for: metro@0.81.5 want: ^0.5.6
4551 silly placeDep ROOT throat@5.0.0 OK for: metro@0.81.5 want: ^5.0.0
4552 silly placeDep node_modules/metro ws@7.5.10 OK for: metro@0.81.5 want: ^7.5.10
4553 silly fetch manifest stackframe@^1.3.4
4554 silly packumentCache full:https://registry.npmjs.org/stackframe cache-miss
4555 silly fetch manifest queue@6.0.2
4556 silly packumentCache full:https://registry.npmjs.org/queue cache-miss
4557 silly fetch manifest exponential-backoff@^3.1.1
4558 silly packumentCache full:https://registry.npmjs.org/exponential-backoff cache-miss
4559 silly fetch manifest metro-minify-terser@0.81.5
4560 silly packumentCache full:https://registry.npmjs.org/metro-minify-terser cache-miss
4561 http fetch GET 200 https://registry.npmjs.org/stackframe 51ms (cache miss)
4562 silly packumentCache full:https://registry.npmjs.org/stackframe set size:undefined disposed:false
4563 http fetch GET 200 https://registry.npmjs.org/queue 52ms (cache miss)
4564 silly packumentCache full:https://registry.npmjs.org/queue set size:undefined disposed:false
4565 http fetch GET 200 https://registry.npmjs.org/exponential-backoff 53ms (cache miss)
4566 silly packumentCache full:https://registry.npmjs.org/exponential-backoff set size:undefined disposed:false
4567 http fetch GET 200 https://registry.npmjs.org/metro-minify-terser 61ms (cache miss)
4568 silly packumentCache full:https://registry.npmjs.org/metro-minify-terser set size:undefined disposed:false
4569 silly placeDep ROOT stackframe@1.3.4 OK for: error-stack-parser@2.1.4 want: ^1.3.4
4570 silly placeDep ROOT queue@6.0.2 OK for: image-size@1.2.1 want: 6.0.2
4571 silly fetch manifest inherits@~2.0.3
4572 silly packumentCache full:https://registry.npmjs.org/inherits cache-hit
4573 silly placeDep node_modules/metro-babel-transformer hermes-parser@0.25.1 OK for: metro-babel-transformer@0.81.5 want: 0.25.1
4574 silly placeDep ROOT exponential-backoff@3.1.3 OK for: metro-cache@0.81.5 want: ^3.1.1
4575 silly placeDep ROOT cosmiconfig@5.2.1 OK for: metro-config@0.81.5 want: ^5.0.5
4576 silly placeDep ROOT jest-validate@29.7.0 OK for: metro-config@0.81.5 want: ^29.7.0
4577 silly fetch manifest parse-json@^4.0.0
4578 silly packumentCache full:https://registry.npmjs.org/parse-json cache-miss
4579 silly fetch manifest import-fresh@^2.0.0
4580 silly packumentCache full:https://registry.npmjs.org/import-fresh cache-miss
4581 silly fetch manifest is-directory@^0.3.1
4582 silly packumentCache full:https://registry.npmjs.org/is-directory cache-miss
4583 silly fetch manifest leven@^3.1.0
4584 silly packumentCache full:https://registry.npmjs.org/leven cache-miss
4585 silly fetch manifest camelcase@^6.2.0
4586 silly packumentCache full:https://registry.npmjs.org/camelcase cache-miss
4587 silly fetch manifest jest-get-type@^29.6.3
4588 silly packumentCache full:https://registry.npmjs.org/jest-get-type cache-miss
4589 http cache https://registry.npmjs.org/camelcase 14ms (cache hit)
4590 silly packumentCache full:https://registry.npmjs.org/camelcase set size:60255 disposed:false
4591 http fetch GET 200 https://registry.npmjs.org/parse-json 234ms (cache miss)
4592 silly packumentCache full:https://registry.npmjs.org/parse-json set size:undefined disposed:false
4593 http fetch GET 200 https://registry.npmjs.org/import-fresh 235ms (cache miss)
4594 silly packumentCache full:https://registry.npmjs.org/import-fresh set size:undefined disposed:false
4595 http fetch GET 200 https://registry.npmjs.org/leven 235ms (cache miss)
4596 silly packumentCache full:https://registry.npmjs.org/leven set size:undefined disposed:false
4597 http fetch GET 200 https://registry.npmjs.org/is-directory 237ms (cache miss)
4598 silly packumentCache full:https://registry.npmjs.org/is-directory set size:undefined disposed:false
4599 http fetch GET 200 https://registry.npmjs.org/jest-get-type 238ms (cache miss)
4600 silly packumentCache full:https://registry.npmjs.org/jest-get-type set size:undefined disposed:false
4601 silly placeDep ROOT import-fresh@2.0.0 OK for: cosmiconfig@5.2.1 want: ^2.0.0
4602 silly placeDep ROOT is-directory@0.3.1 OK for: cosmiconfig@5.2.1 want: ^0.3.1
4603 silly placeDep node_modules/cosmiconfig js-yaml@3.14.2 OK for: cosmiconfig@5.2.1 want: ^3.13.1
4604 silly placeDep ROOT parse-json@4.0.0 OK for: cosmiconfig@5.2.1 want: ^4.0.0
4605 silly fetch manifest caller-path@^2.0.0
4606 silly packumentCache full:https://registry.npmjs.org/caller-path cache-miss
4607 silly fetch manifest resolve-from@^3.0.0
4608 silly packumentCache full:https://registry.npmjs.org/resolve-from cache-miss
4609 silly fetch manifest error-ex@^1.3.1
4610 silly packumentCache full:https://registry.npmjs.org/error-ex cache-miss
4611 silly fetch manifest json-parse-better-errors@^1.0.1
4612 silly packumentCache full:https://registry.npmjs.org/json-parse-better-errors cache-miss
4613 http cache https://registry.npmjs.org/resolve-from 14ms (cache hit)
4614 silly packumentCache full:https://registry.npmjs.org/resolve-from set size:12911 disposed:false
4615 http fetch GET 200 https://registry.npmjs.org/error-ex 227ms (cache miss)
4616 silly packumentCache full:https://registry.npmjs.org/error-ex set size:undefined disposed:false
4617 http fetch GET 200 https://registry.npmjs.org/json-parse-better-errors 227ms (cache miss)
4618 silly packumentCache full:https://registry.npmjs.org/json-parse-better-errors set size:undefined disposed:false
4619 http fetch GET 200 https://registry.npmjs.org/caller-path 229ms (cache miss)
4620 silly packumentCache full:https://registry.npmjs.org/caller-path set size:undefined disposed:false
4621 silly placeDep ROOT caller-path@2.0.0 OK for: import-fresh@2.0.0 want: ^2.0.0
4622 silly placeDep node_modules/import-fresh resolve-from@3.0.0 OK for: import-fresh@2.0.0 want: ^3.0.0
4623 silly fetch manifest caller-callsite@^2.0.0
4624 silly packumentCache full:https://registry.npmjs.org/caller-callsite cache-miss
4625 http fetch GET 200 https://registry.npmjs.org/caller-callsite 212ms (cache miss)
4626 silly packumentCache full:https://registry.npmjs.org/caller-callsite set size:undefined disposed:false
4627 silly placeDep ROOT caller-callsite@2.0.0 OK for: caller-path@2.0.0 want: ^2.0.0
4628 silly fetch manifest callsites@^2.0.0
4629 silly packumentCache full:https://registry.npmjs.org/callsites cache-miss
4630 http fetch GET 200 https://registry.npmjs.org/callsites 217ms (cache miss)
4631 silly packumentCache full:https://registry.npmjs.org/callsites set size:undefined disposed:false
4632 silly placeDep ROOT callsites@2.0.0 OK for: caller-callsite@2.0.0 want: ^2.0.0
4633 silly placeDep node_modules/jest-validate camelcase@6.3.0 OK for: jest-validate@29.7.0 want: ^6.2.0
4634 silly placeDep ROOT jest-get-type@29.6.3 OK for: jest-validate@29.7.0 want: ^29.6.3
4635 silly placeDep ROOT leven@3.1.0 OK for: jest-validate@29.7.0 want: ^3.1.0
4636 silly placeDep node_modules/metro-file-map debug@2.6.9 OK for: metro-file-map@0.81.5 want: ^2.2.0
4637 silly placeDep ROOT @babel/traverse--for-generate-function-map@7.29.0 OK for: metro-source-map@0.81.5 want: npm:@babel/traverse@^7.25.3
4638 silly placeDep ROOT ob1@0.81.5 OK for: metro-source-map@0.81.5 want: 0.81.5
4639 silly placeDep ROOT vlq@1.0.1 OK for: metro-source-map@0.81.5 want: ^1.0.0
4640 silly placeDep ROOT metro-minify-terser@0.81.5 OK for: metro-transform-worker@0.81.5 want: 0.81.5
4641 silly fetch manifest terser@^5.15.0
4642 silly packumentCache full:https://registry.npmjs.org/terser cache-miss
4643 http fetch GET 200 https://registry.npmjs.org/terser 355ms (cache miss)
4644 silly packumentCache full:https://registry.npmjs.org/terser set size:undefined disposed:false
4645 silly placeDep ROOT terser@5.47.1 OK for: metro-minify-terser@0.81.5 want: ^5.15.0
4646 silly fetch manifest @jridgewell/source-map@^0.3.3
4647 silly packumentCache full:https://registry.npmjs.org/@jridgewell%2fsource-map cache-miss
4648 silly fetch manifest acorn@^8.15.0
4649 silly packumentCache full:https://registry.npmjs.org/acorn cache-miss
4650 silly fetch manifest commander@^2.20.0
4651 silly packumentCache full:https://registry.npmjs.org/commander cache-hit
4652 http fetch GET 200 https://registry.npmjs.org/@jridgewell%2fsource-map 100ms (cache miss)
4653 silly packumentCache full:https://registry.npmjs.org/@jridgewell%2fsource-map set size:undefined disposed:false
4654 http fetch GET 200 https://registry.npmjs.org/acorn 250ms (cache miss)
4655 silly packumentCache full:https://registry.npmjs.org/acorn set size:undefined disposed:false
4656 silly placeDep ROOT error-ex@1.3.4 OK for: parse-json@4.0.0 want: ^1.3.1
4657 silly placeDep ROOT json-parse-better-errors@1.0.2 OK for: parse-json@4.0.0 want: ^1.0.1
4658 silly fetch manifest is-arrayish@^0.2.1
4659 silly packumentCache full:https://registry.npmjs.org/is-arrayish cache-miss
4660 http cache https://registry.npmjs.org/is-arrayish 4ms (cache hit)
4661 silly packumentCache full:https://registry.npmjs.org/is-arrayish set size:15371 disposed:false
4662 silly placeDep ROOT is-arrayish@0.2.1 OK for: error-ex@1.3.4 want: ^0.2.1
4663 silly placeDep ROOT inherits@2.0.4 OK for: queue@6.0.2 want: ~2.0.3
4664 silly placeDep ROOT shell-quote@1.8.3 OK for: react-devtools-core@5.3.2 want: ^1.6.1
4665 silly placeDep node_modules/react-devtools-core ws@7.5.10 OK for: react-devtools-core@5.3.2 want: ^7
4666 silly placeDep ROOT @egjs/hammerjs@2.0.17 OK for: react-native-gesture-handler@2.20.2 want: ^2.0.17
4667 silly placeDep ROOT hoist-non-react-statics@3.3.2 OK for: react-native-gesture-handler@2.20.2 want: ^3.3.0
4668 silly fetch manifest @types/hammerjs@^2.0.36
4669 silly packumentCache full:https://registry.npmjs.org/@types%2fhammerjs cache-miss
4670 silly fetch manifest react-is@^16.7.0
4671 silly packumentCache full:https://registry.npmjs.org/react-is cache-miss
4672 http cache https://registry.npmjs.org/react-is 30ms (cache hit)
4673 silly packumentCache full:https://registry.npmjs.org/react-is set size:5380884 disposed:false
4674 http fetch GET 200 https://registry.npmjs.org/@types%2fhammerjs 126ms (cache miss)
4675 silly packumentCache full:https://registry.npmjs.org/@types%2fhammerjs set size:undefined disposed:false
4676 silly placeDep ROOT @types/hammerjs@2.0.46 OK for: @egjs/hammerjs@2.0.17 want: ^2.0.36
4677 silly placeDep node_modules/hoist-non-react-statics react-is@16.13.1 OK for: hoist-non-react-statics@3.3.2 want: ^16.7.0
4678 silly placeDep ROOT react-freeze@1.0.4 OK for: react-native-screens@4.1.0 want: ^1.0.0
4679 silly placeDep ROOT css-select@5.2.2 OK for: react-native-svg@15.8.0 want: ^5.1.0
4680 silly placeDep ROOT css-tree@1.1.3 OK for: react-native-svg@15.8.0 want: ^1.1.3
4681 silly fetch manifest boolbase@^1.0.0
4682 silly packumentCache full:https://registry.npmjs.org/boolbase cache-miss
4683 silly fetch manifest css-what@^6.1.0
4684 silly packumentCache full:https://registry.npmjs.org/css-what cache-miss
4685 silly fetch manifest domutils@^3.0.1
4686 silly packumentCache full:https://registry.npmjs.org/domutils cache-miss
4687 silly fetch manifest nth-check@^2.0.1
4688 silly packumentCache full:https://registry.npmjs.org/nth-check cache-miss
4689 silly fetch manifest domhandler@^5.0.2
4690 silly packumentCache full:https://registry.npmjs.org/domhandler cache-miss
4691 silly fetch manifest mdn-data@2.0.14
4692 silly packumentCache full:https://registry.npmjs.org/mdn-data cache-miss
4693 silly fetch manifest source-map@^0.6.1
4694 silly packumentCache full:https://registry.npmjs.org/source-map cache-hit
4695 http fetch GET 200 https://registry.npmjs.org/css-what 43ms (cache miss)
4696 silly packumentCache full:https://registry.npmjs.org/css-what set size:undefined disposed:false
4697 http fetch GET 200 https://registry.npmjs.org/domutils 45ms (cache miss)
4698 silly packumentCache full:https://registry.npmjs.org/domutils set size:undefined disposed:false
4699 http fetch GET 200 https://registry.npmjs.org/nth-check 46ms (cache miss)
4700 silly packumentCache full:https://registry.npmjs.org/nth-check set size:undefined disposed:false
4701 http fetch GET 200 https://registry.npmjs.org/domhandler 48ms (cache miss)
4702 silly packumentCache full:https://registry.npmjs.org/domhandler set size:undefined disposed:false
4703 http fetch GET 200 https://registry.npmjs.org/mdn-data 50ms (cache miss)
4704 silly packumentCache full:https://registry.npmjs.org/mdn-data set size:undefined disposed:false
4705 http fetch GET 200 https://registry.npmjs.org/boolbase 217ms (cache miss)
4706 silly packumentCache full:https://registry.npmjs.org/boolbase set size:undefined disposed:false
4707 silly placeDep ROOT boolbase@1.0.0 OK for: css-select@5.2.2 want: ^1.0.0
4708 silly placeDep ROOT css-what@6.2.2 OK for: css-select@5.2.2 want: ^6.1.0
4709 silly placeDep ROOT domhandler@5.0.3 OK for: css-select@5.2.2 want: ^5.0.2
4710 silly placeDep ROOT domutils@3.2.2 OK for: css-select@5.2.2 want: ^3.0.1
4711 silly placeDep ROOT nth-check@2.1.1 OK for: css-select@5.2.2 want: ^2.0.1
4712 silly fetch manifest domelementtype@^2.3.0
4713 silly packumentCache full:https://registry.npmjs.org/domelementtype cache-miss
4714 silly fetch manifest dom-serializer@^2.0.0
4715 silly packumentCache full:https://registry.npmjs.org/dom-serializer cache-miss
4716 silly fetch manifest domelementtype@^2.3.0
4717 silly packumentCache full:https://registry.npmjs.org/domelementtype cache-miss
4718 http fetch GET 200 https://registry.npmjs.org/dom-serializer 35ms (cache miss)
4719 silly packumentCache full:https://registry.npmjs.org/dom-serializer set size:undefined disposed:false
4720 http fetch GET 200 https://registry.npmjs.org/domelementtype 433ms (cache miss)
4721 silly packumentCache full:https://registry.npmjs.org/domelementtype set size:undefined disposed:false
4722 http fetch GET 200 https://registry.npmjs.org/domelementtype 435ms (cache miss)
4723 silly packumentCache full:https://registry.npmjs.org/domelementtype set size:undefined disposed:false
4724 silly placeDep ROOT mdn-data@2.0.14 OK for: css-tree@1.1.3 want: 2.0.14
4725 silly placeDep node_modules/css-tree source-map@0.6.1 OK for: css-tree@1.1.3 want: ^0.6.1
4726 silly placeDep ROOT domelementtype@2.3.0 OK for: domhandler@5.0.3 want: ^2.3.0
4727 silly placeDep ROOT dom-serializer@2.0.0 OK for: domutils@3.2.2 want: ^2.0.0
4728 silly fetch manifest entities@^4.2.0
4729 silly packumentCache full:https://registry.npmjs.org/entities cache-miss
4730 http fetch GET 200 https://registry.npmjs.org/entities 223ms (cache miss)
4731 silly packumentCache full:https://registry.npmjs.org/entities set size:undefined disposed:false
4732 silly placeDep ROOT entities@4.5.0 OK for: dom-serializer@2.0.0 want: ^4.2.0
4733 silly placeDep node_modules/react-native-web @react-native/normalize-colors@0.74.89 OK for: react-native-web@0.19.13 want: ^0.74.1
4734 silly placeDep ROOT inline-style-prefixer@6.0.4 OK for: react-native-web@0.19.13 want: ^6.0.1
4735 silly placeDep node_modules/react-native-web memoize-one@6.0.0 OK for: react-native-web@0.19.13 want: ^6.0.0
4736 silly placeDep ROOT postcss-value-parser@4.2.0 OK for: react-native-web@0.19.13 want: ^4.2.0
4737 silly placeDep ROOT styleq@0.1.3 OK for: react-native-web@0.19.13 want: ^0.1.3
4738 silly fetch manifest fast-loops@^1.1.3
4739 silly packumentCache full:https://registry.npmjs.org/fast-loops cache-miss
4740 silly fetch manifest css-in-js-utils@^3.1.0
4741 silly packumentCache full:https://registry.npmjs.org/css-in-js-utils cache-miss
4742 http fetch GET 200 https://registry.npmjs.org/fast-loops 43ms (cache miss)
4743 silly packumentCache full:https://registry.npmjs.org/fast-loops set size:undefined disposed:false
4744 http fetch GET 200 https://registry.npmjs.org/css-in-js-utils 228ms (cache miss)
4745 silly packumentCache full:https://registry.npmjs.org/css-in-js-utils set size:undefined disposed:false
4746 silly placeDep ROOT css-in-js-utils@3.1.0 OK for: inline-style-prefixer@6.0.4 want: ^3.1.0
4747 silly placeDep ROOT fast-loops@1.1.4 OK for: inline-style-prefixer@6.0.4 want: ^1.1.3
4748 silly fetch manifest hyphenate-style-name@^1.0.3
4749 silly packumentCache full:https://registry.npmjs.org/hyphenate-style-name cache-miss
4750 http fetch GET 200 https://registry.npmjs.org/hyphenate-style-name 34ms (cache miss)
4751 silly packumentCache full:https://registry.npmjs.org/hyphenate-style-name set size:undefined disposed:false
4752 silly placeDep ROOT hyphenate-style-name@1.1.0 OK for: css-in-js-utils@3.1.0 want: ^1.0.3
4753 silly placeDep ROOT ast-types@0.15.2 OK for: recast@0.21.5 want: 0.15.2
4754 silly placeDep ROOT esprima@4.0.1 OK for: recast@0.21.5 want: ~4.0.0
4755 silly placeDep node_modules/recast source-map@0.6.1 OK for: recast@0.21.5 want: ~0.6.1
4756 silly placeDep ROOT regenerate@1.4.2 OK for: regexpu-core@6.4.0 want: ^1.4.2
4757 silly placeDep ROOT regenerate-unicode-properties@10.2.2 OK for: regexpu-core@6.4.0 want: ^10.2.2
4758 silly placeDep ROOT regjsgen@0.8.0 OK for: regexpu-core@6.4.0 want: ^0.8.0
4759 silly placeDep ROOT regjsparser@0.13.1 OK for: regexpu-core@6.4.0 want: ^0.13.0
4760 silly placeDep ROOT unicode-match-property-ecmascript@2.0.0 OK for: regexpu-core@6.4.0 want: ^2.0.0
4761 silly placeDep ROOT unicode-match-property-value-ecmascript@2.2.1 OK for: regexpu-core@6.4.0 want: ^2.2.1
4762 silly fetch manifest unicode-canonical-property-names-ecmascript@^2.0.0
4763 silly packumentCache full:https://registry.npmjs.org/unicode-canonical-property-names-ecmascript cache-miss
4764 silly fetch manifest unicode-property-aliases-ecmascript@^2.0.0
4765 silly packumentCache full:https://registry.npmjs.org/unicode-property-aliases-ecmascript cache-miss
4766 http fetch GET 200 https://registry.npmjs.org/unicode-property-aliases-ecmascript 46ms (cache miss)
4767 silly packumentCache full:https://registry.npmjs.org/unicode-property-aliases-ecmascript set size:undefined disposed:false
4768 http fetch GET 200 https://registry.npmjs.org/unicode-canonical-property-names-ecmascript 62ms (cache miss)
4769 silly packumentCache full:https://registry.npmjs.org/unicode-canonical-property-names-ecmascript set size:undefined disposed:false
4770 silly placeDep ROOT nested-error-stacks@2.0.1 OK for: requireg@0.2.2 want: ~2.0.1
4771 silly placeDep ROOT rc@1.2.8 OK for: requireg@0.2.2 want: ~1.2.7
4772 silly placeDep node_modules/requireg resolve@1.7.1 OK for: requireg@0.2.2 want: ~1.7.1
4773 silly fetch manifest ini@~1.3.0
4774 silly packumentCache full:https://registry.npmjs.org/ini cache-miss
4775 silly fetch manifest deep-extend@^0.6.0
4776 silly packumentCache full:https://registry.npmjs.org/deep-extend cache-miss
4777 silly fetch manifest strip-json-comments@~2.0.1
4778 silly packumentCache full:https://registry.npmjs.org/strip-json-comments cache-miss
4779 silly fetch manifest path-parse@^1.0.5
4780 silly packumentCache full:https://registry.npmjs.org/path-parse cache-miss
4781 http cache https://registry.npmjs.org/path-parse 8ms (cache hit)
4782 silly packumentCache full:https://registry.npmjs.org/path-parse set size:14523 disposed:false
4783 http fetch GET 200 https://registry.npmjs.org/ini 34ms (cache miss)
4784 silly packumentCache full:https://registry.npmjs.org/ini set size:undefined disposed:false
4785 http fetch GET 200 https://registry.npmjs.org/deep-extend 34ms (cache miss)
4786 silly packumentCache full:https://registry.npmjs.org/deep-extend set size:undefined disposed:false
4787 http fetch GET 200 https://registry.npmjs.org/strip-json-comments 226ms (cache miss)
4788 silly packumentCache full:https://registry.npmjs.org/strip-json-comments set size:undefined disposed:false
4789 silly placeDep ROOT deep-extend@0.6.0 OK for: rc@1.2.8 want: ^0.6.0
4790 silly placeDep ROOT ini@1.3.8 OK for: rc@1.2.8 want: ~1.3.0
4791 silly placeDep ROOT strip-json-comments@2.0.1 OK for: rc@1.2.8 want: ~2.0.1
4792 silly placeDep ROOT is-core-module@2.16.2 OK for: resolve@1.22.12 want: ^2.16.1
4793 silly placeDep ROOT path-parse@1.0.7 OK for: resolve@1.22.12 want: ^1.0.7
4794 silly placeDep ROOT supports-preserve-symlinks-flag@1.0.0 OK for: resolve@1.22.12 want: ^1.0.0
4795 silly placeDep ROOT onetime@2.0.1 OK for: restore-cursor@2.0.0 want: ^2.0.0
4796 silly placeDep node_modules/restore-cursor signal-exit@3.0.7 OK for: restore-cursor@2.0.0 want: ^3.0.2
4797 silly fetch manifest mimic-fn@^1.0.0
4798 silly packumentCache full:https://registry.npmjs.org/mimic-fn cache-miss
4799 http fetch GET 200 https://registry.npmjs.org/mimic-fn 34ms (cache miss)
4800 silly packumentCache full:https://registry.npmjs.org/mimic-fn set size:undefined disposed:false
4801 silly placeDep ROOT mimic-fn@1.2.0 OK for: onetime@2.0.1 want: ^1.0.0
4802 silly placeDep node_modules/rimraf glob@7.2.3 OK for: rimraf@3.0.2 want: ^7.1.3
4803 silly placeDep ROOT queue-microtask@1.2.3 OK for: run-parallel@1.2.0 want: ^1.2.2
4804 silly placeDep ROOT @types/json-schema@7.0.15 OK for: schema-utils@4.3.3 want: ^7.0.9
4805 silly placeDep ROOT ajv@8.20.0 OK for: schema-utils@4.3.3 want: ^8.9.0
4806 silly placeDep ROOT ajv-formats@2.1.1 OK for: schema-utils@4.3.3 want: ^2.1.1
4807 silly placeDep ROOT ajv-keywords@5.1.0 OK for: schema-utils@4.3.3 want: ^5.1.0
4808 silly fetch manifest fast-uri@^3.0.1
4809 silly packumentCache full:https://registry.npmjs.org/fast-uri cache-miss
4810 silly fetch manifest json-schema-traverse@^1.0.0
4811 silly packumentCache full:https://registry.npmjs.org/json-schema-traverse cache-miss
4812 http fetch GET 200 https://registry.npmjs.org/json-schema-traverse 48ms (cache miss)
4813 silly packumentCache full:https://registry.npmjs.org/json-schema-traverse set size:undefined disposed:false
4814 http fetch GET 200 https://registry.npmjs.org/fast-uri 50ms (cache miss)
4815 silly packumentCache full:https://registry.npmjs.org/fast-uri set size:undefined disposed:false
4816 silly placeDep ROOT fast-uri@3.1.2 OK for: ajv@8.20.0 want: ^3.0.1
4817 silly placeDep ROOT json-schema-traverse@1.0.0 OK for: ajv@8.20.0 want: ^1.0.0
4818 silly placeDep ROOT @types/node-forge@1.3.14 OK for: selfsigned@2.4.1 want: ^1.3.0
4819 silly placeDep node_modules/send debug@2.6.9 OK for: send@0.19.2 want: 2.6.9
4820 silly placeDep ROOT depd@2.0.0 OK for: send@0.19.2 want: 2.0.0
4821 silly placeDep ROOT destroy@1.2.0 OK for: send@0.19.2 want: 1.2.0
4822 silly placeDep node_modules/send encodeurl@2.0.0 OK for: send@0.19.2 want: ~2.0.0
4823 silly placeDep ROOT etag@1.8.1 OK for: send@0.19.2 want: ~1.8.1
4824 silly placeDep ROOT fresh@0.5.2 OK for: send@0.19.2 want: ~0.5.2
4825 silly placeDep ROOT http-errors@2.0.1 OK for: send@0.19.2 want: ~2.0.1
4826 silly placeDep ROOT mime@1.6.0 OK for: send@0.19.2 want: 1.6.0
4827 silly placeDep node_modules/send on-finished@2.4.1 OK for: send@0.19.2 want: ~2.4.1
4828 silly placeDep ROOT range-parser@1.2.1 OK for: send@0.19.2 want: ~1.2.1
4829 silly placeDep node_modules/send statuses@2.0.2 OK for: send@0.19.2 want: ~2.0.2
4830 silly fetch manifest setprototypeof@~1.2.0
4831 silly packumentCache full:https://registry.npmjs.org/setprototypeof cache-miss
4832 silly fetch manifest toidentifier@~1.0.1
4833 silly packumentCache full:https://registry.npmjs.org/toidentifier cache-miss
4834 http fetch GET 200 https://registry.npmjs.org/setprototypeof 34ms (cache miss)
4835 silly packumentCache full:https://registry.npmjs.org/setprototypeof set size:undefined disposed:false
4836 http fetch GET 200 https://registry.npmjs.org/toidentifier 243ms (cache miss)
4837 silly packumentCache full:https://registry.npmjs.org/toidentifier set size:undefined disposed:false
4838 silly placeDep ROOT setprototypeof@1.2.0 OK for: http-errors@2.0.1 want: ~1.2.0
4839 silly placeDep node_modules/http-errors statuses@2.0.2 OK for: http-errors@2.0.1 want: ~2.0.2
4840 silly placeDep ROOT toidentifier@1.0.1 OK for: http-errors@2.0.1 want: ~1.0.1
4841 silly placeDep node_modules/serve-static encodeurl@2.0.0 OK for: serve-static@1.16.3 want: ~2.0.0
4842 silly placeDep ROOT shebang-regex@3.0.0 OK for: shebang-command@2.0.0 want: ^3.0.0
4843 silly placeDep node_modules/simple-swizzle is-arrayish@0.3.4 OK for: simple-swizzle@0.2.4 want: ^0.3.1
4844 silly placeDep ROOT buffer-from@1.1.2 OK for: source-map-support@0.5.21 want: ^1.0.0
4845 silly placeDep node_modules/source-map-support source-map@0.6.1 OK for: source-map-support@0.5.21 want: ^0.6.0
4846 silly placeDep node_modules/stack-utils escape-string-regexp@2.0.0 OK for: stack-utils@2.0.6 want: ^2.0.0
4847 silly placeDep ROOT type-fest@0.7.1 OK for: stacktrace-parser@0.1.11 want: ^0.7.1
4848 silly placeDep ROOT eastasianwidth@0.2.0 OK for: string-width@5.1.2 want: ^0.2.0
4849 silly placeDep ROOT emoji-regex@9.2.2 OK for: string-width@5.1.2 want: ^9.2.2
4850 silly placeDep node_modules/string-width-cjs emoji-regex@8.0.0 OK for: string-width@4.2.3 want: ^8.0.0
4851 silly placeDep ROOT is-fullwidth-code-point@3.0.0 OK for: string-width@4.2.3 want: ^3.0.0
4852 silly placeDep node_modules/string-width-cjs strip-ansi@6.0.1 OK for: string-width@4.2.3 want: ^6.0.1
4853 silly placeDep node_modules/strip-ansi ansi-regex@6.2.2 OK for: strip-ansi@7.2.0 want: ^6.2.2
4854 silly placeDep node_modules/sucrase commander@4.1.1 OK for: sucrase@3.35.0 want: ^4.0.0
4855 silly placeDep ROOT lines-and-columns@1.2.4 OK for: sucrase@3.35.0 want: ^1.1.6
4856 silly placeDep ROOT mz@2.7.0 OK for: sucrase@3.35.0 want: ^2.7.0
4857 silly placeDep ROOT ts-interface-checker@0.1.13 OK for: sucrase@3.35.0 want: ^0.1.9
4858 silly fetch manifest any-promise@^1.0.0
4859 silly packumentCache full:https://registry.npmjs.org/any-promise cache-miss
4860 silly fetch manifest thenify-all@^1.0.0
4861 silly packumentCache full:https://registry.npmjs.org/thenify-all cache-miss
4862 http fetch GET 200 https://registry.npmjs.org/any-promise 36ms (cache miss)
4863 silly packumentCache full:https://registry.npmjs.org/any-promise set size:undefined disposed:false
4864 http fetch GET 200 https://registry.npmjs.org/thenify-all 221ms (cache miss)
4865 silly packumentCache full:https://registry.npmjs.org/thenify-all set size:undefined disposed:false
4866 silly placeDep ROOT any-promise@1.3.0 OK for: mz@2.7.0 want: ^1.0.0
4867 silly placeDep ROOT thenify-all@1.6.0 OK for: mz@2.7.0 want: ^1.0.0
4868 silly fetch manifest thenify@>= 3.1.0 < 4
4869 silly packumentCache full:https://registry.npmjs.org/thenify cache-miss
4870 http fetch GET 200 https://registry.npmjs.org/thenify 228ms (cache miss)
4871 silly packumentCache full:https://registry.npmjs.org/thenify set size:undefined disposed:false
4872 silly placeDep ROOT has-flag@4.0.0 OK for: supports-color@7.2.0 want: ^4.0.0
4873 silly placeDep ROOT chownr@2.0.0 OK for: tar@6.2.1 want: ^2.0.0
4874 silly placeDep node_modules/tar fs-minipass@2.1.0 OK for: tar@6.2.1 want: ^2.0.0
4875 silly placeDep node_modules/tar minipass@5.0.0 OK for: tar@6.2.1 want: ^5.0.0
4876 silly placeDep ROOT minizlib@2.1.2 OK for: tar@6.2.1 want: ^2.1.1
4877 silly placeDep node_modules/tar mkdirp@1.0.4 OK for: tar@6.2.1 want: ^1.0.3
4878 silly placeDep node_modules/tar yallist@4.0.0 OK for: tar@6.2.1 want: ^4.0.0
4879 silly placeDep node_modules/minizlib minipass@3.3.6 OK for: minizlib@2.1.2 want: ^3.0.0
4880 silly placeDep node_modules/minizlib yallist@4.0.0 OK for: minizlib@2.1.2 want: ^4.0.0
4881 silly placeDep node_modules/temp rimraf@2.6.3 OK for: temp@0.8.4 want: ~2.6.2
4882 silly placeDep ROOT del@6.1.1 OK for: tempy@0.7.1 want: ^6.0.0
4883 silly placeDep node_modules/tempy is-stream@2.0.1 OK for: tempy@0.7.1 want: ^2.0.0
4884 silly placeDep node_modules/tempy type-fest@0.16.0 OK for: tempy@0.7.1 want: ^0.16.0
4885 silly fetch manifest globby@^11.0.1
4886 silly packumentCache full:https://registry.npmjs.org/globby cache-miss
4887 silly fetch manifest is-path-cwd@^2.2.0
4888 silly packumentCache full:https://registry.npmjs.org/is-path-cwd cache-miss
4889 silly fetch manifest is-path-inside@^3.0.2
4890 silly packumentCache full:https://registry.npmjs.org/is-path-inside cache-miss
4891 http fetch GET 200 https://registry.npmjs.org/globby 50ms (cache miss)
4892 silly packumentCache full:https://registry.npmjs.org/globby set size:undefined disposed:false
4893 http fetch GET 200 https://registry.npmjs.org/is-path-inside 216ms (cache miss)
4894 silly packumentCache full:https://registry.npmjs.org/is-path-inside set size:undefined disposed:false
4895 http fetch GET 200 https://registry.npmjs.org/is-path-cwd 217ms (cache miss)
4896 silly packumentCache full:https://registry.npmjs.org/is-path-cwd set size:undefined disposed:false
4897 silly placeDep ROOT globby@11.1.0 OK for: del@6.1.1 want: ^11.0.1
4898 silly placeDep ROOT is-path-cwd@2.2.0 OK for: del@6.1.1 want: ^2.2.0
4899 silly placeDep ROOT is-path-inside@3.0.3 OK for: del@6.1.1 want: ^3.0.2
4900 silly fetch manifest ignore@^5.2.0
4901 silly packumentCache full:https://registry.npmjs.org/ignore cache-miss
4902 silly fetch manifest dir-glob@^3.0.1
4903 silly packumentCache full:https://registry.npmjs.org/dir-glob cache-miss
4904 silly fetch manifest array-union@^2.1.0
4905 silly packumentCache full:https://registry.npmjs.org/array-union cache-miss
4906 http fetch GET 200 https://registry.npmjs.org/array-union 53ms (cache miss)
4907 silly packumentCache full:https://registry.npmjs.org/array-union set size:undefined disposed:false
4908 http fetch GET 200 https://registry.npmjs.org/dir-glob 54ms (cache miss)
4909 silly packumentCache full:https://registry.npmjs.org/dir-glob set size:undefined disposed:false
4910 http fetch GET 200 https://registry.npmjs.org/ignore 233ms (cache miss)
4911 silly packumentCache full:https://registry.npmjs.org/ignore set size:undefined disposed:false
4912 silly placeDep ROOT array-union@2.1.0 OK for: globby@11.1.0 want: ^2.1.0
4913 silly placeDep ROOT dir-glob@3.0.1 OK for: globby@11.1.0 want: ^3.0.1
4914 silly placeDep ROOT ignore@5.3.2 OK for: globby@11.1.0 want: ^5.2.0
4915 silly fetch manifest path-type@^4.0.0
4916 silly packumentCache full:https://registry.npmjs.org/path-type cache-miss
4917 http fetch GET 200 https://registry.npmjs.org/path-type 226ms (cache miss)
4918 silly packumentCache full:https://registry.npmjs.org/path-type set size:undefined disposed:false
4919 silly placeDep ROOT path-type@4.0.0 OK for: dir-glob@3.0.1 want: ^4.0.0
4920 silly placeDep ROOT ansi-escapes@4.3.2 OK for: terminal-link@2.1.1 want: ^4.2.1
4921 silly placeDep ROOT supports-hyperlinks@2.3.0 OK for: terminal-link@2.1.1 want: ^2.0.0
4922 silly fetch manifest type-fest@^0.21.3
4923 silly packumentCache full:https://registry.npmjs.org/type-fest cache-hit
4924 silly placeDep node_modules/ansi-escapes type-fest@0.21.3 OK for: ansi-escapes@4.3.2 want: ^0.21.3
4925 silly placeDep ROOT @jridgewell/source-map@0.3.11 OK for: terser@5.47.1 want: ^0.3.3
4926 silly placeDep ROOT acorn@8.16.0 OK for: terser@5.47.1 want: ^8.15.0
4927 silly placeDep node_modules/terser commander@2.20.3 OK for: terser@5.47.1 want: ^2.20.0
4928 silly placeDep node_modules/test-exclude glob@7.2.3 OK for: test-exclude@6.0.0 want: ^7.1.4
4929 silly placeDep ROOT thenify@3.3.1 OK for: thenify-all@1.6.0 want: >= 3.1.0 < 4
4930 silly placeDep ROOT is-number@7.0.0 OK for: to-regex-range@5.0.1 want: ^7.0.0
4931 silly placeDep ROOT unicode-canonical-property-names-ecmascript@2.0.1 OK for: unicode-match-property-ecmascript@2.0.0 want: ^2.0.0
4932 silly placeDep ROOT unicode-property-aliases-ecmascript@2.2.0 OK for: unicode-match-property-ecmascript@2.0.0 want: ^2.0.0
4933 silly placeDep ROOT unique-slug@4.0.0 OK for: unique-filename@3.0.0 want: ^4.0.0
4934 silly placeDep ROOT imurmurhash@0.1.4 OK for: unique-slug@4.0.0 want: ^0.1.4
4935 silly placeDep ROOT crypto-random-string@2.0.0 OK for: unique-string@2.0.0 want: ^2.0.0
4936 silly placeDep ROOT escalade@3.2.0 OK for: update-browserslist-db@1.2.3 want: ^3.2.0
4937 silly placeDep ROOT is-arguments@1.2.0 OK for: util@0.12.5 want: ^1.0.4
4938 silly placeDep ROOT is-generator-function@1.1.2 OK for: util@0.12.5 want: ^1.0.7
4939 silly placeDep ROOT is-typed-array@1.1.15 OK for: util@0.12.5 want: ^1.1.3
4940 silly placeDep ROOT which-typed-array@1.1.20 OK for: util@0.12.5 want: ^1.1.2
4941 silly fetch manifest generator-function@^2.0.0
4942 silly packumentCache full:https://registry.npmjs.org/generator-function cache-miss
4943 silly fetch manifest safe-regex-test@^1.1.0
4944 silly packumentCache full:https://registry.npmjs.org/safe-regex-test cache-miss
4945 silly fetch manifest which-typed-array@^1.1.16
4946 silly packumentCache full:https://registry.npmjs.org/which-typed-array cache-miss
4947 silly fetch manifest available-typed-arrays@^1.0.7
4948 silly packumentCache full:https://registry.npmjs.org/available-typed-arrays cache-miss
4949 silly fetch manifest for-each@^0.3.5
4950 silly packumentCache full:https://registry.npmjs.org/for-each cache-miss
4951 http cache https://registry.npmjs.org/which-typed-array 14ms (cache hit)
4952 silly packumentCache full:https://registry.npmjs.org/which-typed-array set size:93605 disposed:false
4953 http fetch GET 200 https://registry.npmjs.org/generator-function 74ms (cache miss)
4954 silly packumentCache full:https://registry.npmjs.org/generator-function set size:undefined disposed:false
4955 http fetch GET 200 https://registry.npmjs.org/available-typed-arrays 74ms (cache miss)
4956 silly packumentCache full:https://registry.npmjs.org/available-typed-arrays set size:undefined disposed:false
4957 http fetch GET 200 https://registry.npmjs.org/safe-regex-test 76ms (cache miss)
4958 silly packumentCache full:https://registry.npmjs.org/safe-regex-test set size:undefined disposed:false
4959 http fetch GET 200 https://registry.npmjs.org/for-each 76ms (cache miss)
4960 silly packumentCache full:https://registry.npmjs.org/for-each set size:undefined disposed:false
4961 silly placeDep ROOT generator-function@2.0.1 OK for: is-generator-function@1.1.2 want: ^2.0.0
4962 silly placeDep ROOT safe-regex-test@1.1.0 OK for: is-generator-function@1.1.2 want: ^1.1.0
4963 silly fetch manifest is-regex@^1.2.1
4964 silly packumentCache full:https://registry.npmjs.org/is-regex cache-miss
4965 http fetch GET 200 https://registry.npmjs.org/is-regex 233ms (cache miss)
4966 silly packumentCache full:https://registry.npmjs.org/is-regex set size:undefined disposed:false
4967 silly placeDep ROOT is-regex@1.2.1 OK for: safe-regex-test@1.1.0 want: ^1.2.1
4968 silly placeDep ROOT makeerror@1.0.12 OK for: walker@1.0.8 want: 1.0.12
4969 silly fetch manifest tmpl@1.0.5
4970 silly packumentCache full:https://registry.npmjs.org/tmpl cache-miss
4971 http fetch GET 200 https://registry.npmjs.org/tmpl 29ms (cache miss)
4972 silly packumentCache full:https://registry.npmjs.org/tmpl set size:undefined disposed:false
4973 silly placeDep ROOT tmpl@1.0.5 OK for: makeerror@1.0.12 want: 1.0.5
4974 silly placeDep ROOT defaults@1.0.4 OK for: wcwidth@1.0.1 want: ^1.0.3
4975 silly fetch manifest clone@^1.0.2
4976 silly packumentCache full:https://registry.npmjs.org/clone cache-miss
4977 http fetch GET 200 https://registry.npmjs.org/clone 46ms (cache miss)
4978 silly packumentCache full:https://registry.npmjs.org/clone set size:undefined disposed:false
4979 silly placeDep ROOT clone@1.0.4 OK for: defaults@1.0.4 want: ^1.0.2
4980 silly placeDep ROOT tr46@0.0.3 OK for: whatwg-url@5.0.0 want: ~0.0.3
4981 silly placeDep ROOT webidl-conversions@3.0.1 OK for: whatwg-url@5.0.0 want: ^3.0.0
4982 silly placeDep ROOT buffer@5.7.1 OK for: whatwg-url-without-unicode@8.0.0-3 want: ^5.4.3
4983 silly placeDep ROOT punycode@2.3.1 OK for: whatwg-url-without-unicode@8.0.0-3 want: ^2.1.1
4984 silly placeDep node_modules/whatwg-url-without-unicode webidl-conversions@5.0.0 OK for: whatwg-url-without-unicode@8.0.0-3 want: ^5.0.0
4985 silly fetch manifest ieee754@^1.1.13
4986 silly packumentCache full:https://registry.npmjs.org/ieee754 cache-miss
4987 http fetch GET 200 https://registry.npmjs.org/ieee754 33ms (cache miss)
4988 silly packumentCache full:https://registry.npmjs.org/ieee754 set size:undefined disposed:false
4989 silly placeDep ROOT ieee754@1.2.1 OK for: buffer@5.7.1 want: ^1.1.13
4990 silly placeDep ROOT isexe@2.0.0 OK for: which@2.0.2 want: ^2.0.0
4991 silly placeDep ROOT available-typed-arrays@1.0.7 OK for: which-typed-array@1.1.20 want: ^1.0.7
4992 silly placeDep ROOT for-each@0.3.5 OK for: which-typed-array@1.1.20 want: ^0.3.5
4993 silly fetch manifest possible-typed-array-names@^1.0.0
4994 silly packumentCache full:https://registry.npmjs.org/possible-typed-array-names cache-miss
4995 silly fetch manifest is-callable@^1.2.7
4996 silly packumentCache full:https://registry.npmjs.org/is-callable cache-miss
4997 http fetch GET 200 https://registry.npmjs.org/possible-typed-array-names 35ms (cache miss)
4998 silly packumentCache full:https://registry.npmjs.org/possible-typed-array-names set size:undefined disposed:false
4999 http fetch GET 200 https://registry.npmjs.org/is-callable 36ms (cache miss)
5000 silly packumentCache full:https://registry.npmjs.org/is-callable set size:undefined disposed:false
5001 silly placeDep ROOT possible-typed-array-names@1.1.0 OK for: available-typed-arrays@1.0.7 want: ^1.0.0
5002 silly placeDep ROOT is-callable@1.2.7 OK for: for-each@0.3.5 want: ^1.2.7
5003 silly placeDep node_modules/wrap-ansi string-width@4.2.3 OK for: wrap-ansi@7.0.0 want: ^4.1.0
5004 silly placeDep node_modules/wrap-ansi strip-ansi@6.0.1 OK for: wrap-ansi@7.0.0 want: ^6.0.0
5005 silly placeDep node_modules/wrap-ansi-cjs string-width@4.2.3 OK for: wrap-ansi@7.0.0 want: ^4.1.0
5006 silly placeDep node_modules/wrap-ansi-cjs strip-ansi@6.0.1 OK for: wrap-ansi@7.0.0 want: ^6.0.0
5007 silly placeDep node_modules/write-file-atomic signal-exit@3.0.7 OK for: write-file-atomic@2.4.3 want: ^3.0.2
5008 silly placeDep ROOT simple-plist@1.3.1 OK for: xcode@3.0.1 want: ^1.1.0
5009 silly placeDep node_modules/xcode uuid@7.0.3 OK for: xcode@3.0.1 want: ^7.0.3
5010 silly fetch manifest bplist-creator@0.1.0
5011 silly packumentCache full:https://registry.npmjs.org/bplist-creator cache-miss
5012 silly fetch manifest bplist-parser@0.3.1
5013 silly packumentCache full:https://registry.npmjs.org/bplist-parser cache-miss
5014 silly fetch manifest plist@^3.0.5
5015 silly packumentCache full:https://registry.npmjs.org/plist cache-miss
5016 http cache https://registry.npmjs.org/bplist-creator 5ms (cache hit)
5017 silly packumentCache full:https://registry.npmjs.org/bplist-creator set size:18748 disposed:false
5018 http cache https://registry.npmjs.org/bplist-parser 5ms (cache hit)
5019 silly packumentCache full:https://registry.npmjs.org/bplist-parser set size:21877 disposed:false
5020 http fetch GET 200 https://registry.npmjs.org/plist 224ms (cache miss)
5021 silly packumentCache full:https://registry.npmjs.org/plist set size:undefined disposed:false
5022 silly placeDep node_modules/simple-plist bplist-creator@0.1.0 OK for: simple-plist@1.3.1 want: 0.1.0
5023 silly placeDep node_modules/simple-plist bplist-parser@0.3.1 OK for: simple-plist@1.3.1 want: 0.3.1
5024 silly placeDep ROOT plist@3.1.1 OK for: simple-plist@1.3.1 want: ^3.0.5
5025 silly fetch manifest xmlbuilder@^15.1.1
5026 silly packumentCache full:https://registry.npmjs.org/xmlbuilder cache-hit
5027 silly fetch manifest @xmldom/xmldom@^0.9.10
5028 silly packumentCache full:https://registry.npmjs.org/@xmldom%2fxmldom cache-miss
5029 http cache https://registry.npmjs.org/@xmldom%2fxmldom 6ms (cache hit)
5030 silly packumentCache full:https://registry.npmjs.org/@xmldom%2fxmldom set size:166253 disposed:false
5031 silly placeDep node_modules/plist @xmldom/xmldom@0.9.10 OK for: plist@3.1.1 want: ^0.9.10
5032 silly placeDep node_modules/plist xmlbuilder@15.1.1 OK for: plist@3.1.1 want: ^15.1.1
5033 silly placeDep ROOT sax@1.6.0 OK for: xml2js@0.6.0 want: >=0.6.0
5034 silly placeDep node_modules/xml2js xmlbuilder@11.0.1 OK for: xml2js@0.6.0 want: ~11.0.0
5035 silly placeDep ROOT cliui@8.0.1 OK for: yargs@17.7.2 want: ^8.0.1
5036 silly placeDep ROOT get-caller-file@2.0.5 OK for: yargs@17.7.2 want: ^2.0.5
5037 silly placeDep ROOT require-directory@2.1.1 OK for: yargs@17.7.2 want: ^2.1.1
5038 silly placeDep node_modules/yargs string-width@4.2.3 OK for: yargs@17.7.2 want: ^4.2.3
5039 silly placeDep ROOT y18n@5.0.8 OK for: yargs@17.7.2 want: ^5.0.5
5040 silly placeDep ROOT yargs-parser@21.1.1 OK for: yargs@17.7.2 want: ^21.1.1
5041 silly fetch manifest string-width@^4.2.0
5042 silly packumentCache full:https://registry.npmjs.org/string-width cache-hit
5043 silly placeDep node_modules/cliui string-width@4.2.3 OK for: cliui@8.0.1 want: ^4.2.0
5044 silly placeDep node_modules/cliui strip-ansi@6.0.1 OK for: cliui@8.0.1 want: ^6.0.1
5045 silly placeDep node_modules/@expo/config-plugins @babel/code-frame@7.10.4 OK for: @expo/json-file@9.0.2 want: ~7.10.4
5046 silly placeDep ROOT @babel/highlight@7.25.9 OK for: @babel/code-frame@7.10.4 want: ^7.10.4
5047 silly placeDep node_modules/@babel/highlight chalk@2.4.2 OK for: @babel/highlight@7.25.9 want: ^2.4.2
5048 silly placeDep node_modules/@babel/highlight ansi-styles@3.2.1 OK for: chalk@2.4.2 want: ^3.2.1
5049 silly placeDep node_modules/@babel/highlight escape-string-regexp@1.0.5 OK for: chalk@2.4.2 want: ^1.0.5
5050 silly placeDep node_modules/@babel/highlight supports-color@5.5.0 OK for: chalk@2.4.2 want: ^5.3.0
5051 silly fetch manifest color-convert@^1.9.0
5052 silly packumentCache full:https://registry.npmjs.org/color-convert cache-miss
5053 silly fetch manifest has-flag@^3.0.0
5054 silly packumentCache full:https://registry.npmjs.org/has-flag cache-miss
5055 http cache https://registry.npmjs.org/has-flag 10ms (cache hit)
5056 silly packumentCache full:https://registry.npmjs.org/has-flag set size:15180 disposed:false
5057 http cache https://registry.npmjs.org/color-convert 11ms (cache hit)
5058 silly packumentCache full:https://registry.npmjs.org/color-convert set size:72663 disposed:false
5059 silly placeDep node_modules/@babel/highlight color-convert@1.9.3 OK for: ansi-styles@3.2.1 want: ^1.9.0
5060 silly fetch manifest color-name@1.1.3
5061 silly packumentCache full:https://registry.npmjs.org/color-name cache-miss
5062 http cache https://registry.npmjs.org/color-name 7ms (cache hit)
5063 silly packumentCache full:https://registry.npmjs.org/color-name set size:19467 disposed:false
5064 silly placeDep node_modules/@babel/highlight color-name@1.1.3 OK for: color-convert@1.9.3 want: 1.1.3
5065 silly placeDep node_modules/@babel/highlight has-flag@3.0.0 OK for: supports-color@5.5.0 want: ^3.0.0
5066 silly placeDep ROOT at-least-node@1.0.0 OK for: fs-extra@9.0.0 want: ^1.0.0
5067 silly placeDep node_modules/@expo/image-utils jsonfile@6.2.1 OK for: fs-extra@9.0.0 want: ^6.0.1
5068 silly placeDep node_modules/@expo/image-utils universalify@1.0.0 OK for: fs-extra@9.0.0 want: ^1.0.0
5069 silly placeDep node_modules/@expo/image-utils/node_modules/jsonfile universalify@2.0.1 OK for: jsonfile@6.2.1 want: ^2.0.0
5070 silly placeDep node_modules/@expo/metro-config @babel/code-frame@7.10.4 OK for: @expo/json-file@9.0.2 want: ~7.10.4
5071 silly placeDep node_modules/@expo/metro-config jsonfile@6.2.1 OK for: fs-extra@9.1.0 want: ^6.0.1
5072 silly placeDep node_modules/@expo/metro-config universalify@2.0.1 OK for: fs-extra@9.1.0 want: ^2.0.0
5073 silly placeDep node_modules/@expo/prebuild-config jsonfile@6.2.1 OK for: fs-extra@9.1.0 want: ^6.0.1
5074 silly placeDep node_modules/@expo/prebuild-config universalify@2.0.1 OK for: fs-extra@9.1.0 want: ^2.0.0
5075 silly placeDep node_modules/@isaacs/cliui ansi-styles@6.2.3 OK for: wrap-ansi@8.1.0 want: ^6.1.0
5076 silly placeDep node_modules/@istanbuljs/load-nyc-config locate-path@5.0.0 OK for: find-up@4.1.0 want: ^5.0.0
5077 silly fetch manifest p-locate@^4.1.0
5078 silly packumentCache full:https://registry.npmjs.org/p-locate cache-miss
5079 http cache https://registry.npmjs.org/p-locate 3ms (cache hit)
5080 silly packumentCache full:https://registry.npmjs.org/p-locate set size:22488 disposed:false
5081 silly placeDep node_modules/@istanbuljs/load-nyc-config argparse@1.0.10 OK for: js-yaml@3.14.2 want: ^1.0.7
5082 silly fetch manifest sprintf-js@~1.0.2
5083 silly packumentCache full:https://registry.npmjs.org/sprintf-js cache-miss
5084 http fetch GET 200 https://registry.npmjs.org/sprintf-js 44ms (cache miss)
5085 silly packumentCache full:https://registry.npmjs.org/sprintf-js set size:undefined disposed:false
5086 silly placeDep ROOT sprintf-js@1.0.3 OK for: argparse@1.0.10 want: ~1.0.2
5087 silly placeDep node_modules/@istanbuljs/load-nyc-config p-locate@4.1.0 OK for: locate-path@5.0.0 want: ^4.1.0
5088 silly fetch manifest p-limit@^2.2.0
5089 silly packumentCache full:https://registry.npmjs.org/p-limit cache-miss
5090 http cache https://registry.npmjs.org/p-limit 9ms (cache hit)
5091 silly packumentCache full:https://registry.npmjs.org/p-limit set size:61867 disposed:false
5092 silly placeDep node_modules/@istanbuljs/load-nyc-config p-limit@2.3.0 OK for: p-locate@4.1.0 want: ^2.2.0
5093 silly fetch manifest p-try@^2.0.0
5094 silly packumentCache full:https://registry.npmjs.org/p-try cache-miss
5095 http fetch GET 200 https://registry.npmjs.org/p-try 221ms (cache miss)
5096 silly packumentCache full:https://registry.npmjs.org/p-try set size:undefined disposed:false
5097 silly placeDep ROOT p-try@2.2.0 OK for: p-limit@2.3.0 want: ^2.0.0
5098 silly placeDep node_modules/@jest/transform signal-exit@3.0.7 OK for: write-file-atomic@4.0.2 want: ^3.0.7
5099 silly placeDep ROOT fs.realpath@1.0.0 OK for: glob@7.2.3 want: ^1.0.0
5100 silly placeDep ROOT inflight@1.0.6 OK for: glob@7.2.3 want: ^1.0.4
5101 silly placeDep ROOT path-is-absolute@1.0.1 OK for: glob@7.2.3 want: ^1.0.0
5102 silly placeDep node_modules/@react-native/community-cli-plugin @react-native/debugger-frontend@0.76.3 OK for: @react-native/dev-middleware@0.76.3 want: 0.76.3
5103 silly placeDep node_modules/@react-native/community-cli-plugin debug@2.6.9 OK for: @react-native/dev-middleware@0.76.3 want: ^2.2.0
5104 silly placeDep node_modules/@react-native/community-cli-plugin ws@6.2.3 OK for: @react-native/dev-middleware@0.76.3 want: ^6.2.3
5105 silly placeDep node_modules/@react-native/community-cli-plugin ms@2.0.0 OK for: debug@2.6.9 want: 2.0.0
5106 silly placeDep node_modules/@react-native/community-cli-plugin get-stream@6.0.1 OK for: execa@5.1.1 want: ^6.0.0
5107 silly placeDep ROOT human-signals@2.1.0 OK for: execa@5.1.1 want: ^2.1.0
5108 silly placeDep node_modules/@react-native/community-cli-plugin is-stream@2.0.1 OK for: execa@5.1.1 want: ^2.0.0
5109 silly placeDep node_modules/@react-native/community-cli-plugin npm-run-path@4.0.1 OK for: execa@5.1.1 want: ^4.0.1
5110 silly placeDep node_modules/@react-native/community-cli-plugin onetime@5.1.2 OK for: execa@5.1.1 want: ^5.1.2
5111 silly placeDep node_modules/@react-native/community-cli-plugin signal-exit@3.0.7 OK for: execa@5.1.1 want: ^3.0.3
5112 silly placeDep ROOT strip-final-newline@2.0.0 OK for: execa@5.1.1 want: ^2.0.0
5113 silly fetch manifest mimic-fn@^2.1.0
5114 silly packumentCache full:https://registry.npmjs.org/mimic-fn cache-miss
5115 http cache https://registry.npmjs.org/mimic-fn 3ms (cache hit)
5116 silly packumentCache full:https://registry.npmjs.org/mimic-fn set size:22257 disposed:false
5117 silly placeDep node_modules/@react-native/community-cli-plugin mimic-fn@2.1.0 OK for: onetime@5.1.2 want: ^2.1.0
5118 silly placeDep ROOT async-limiter@1.0.1 OK for: ws@6.2.3 want: ~1.0.0
5119 silly placeDep node_modules/@react-native/dev-middleware ms@2.0.0 OK for: debug@2.6.9 want: 2.0.0
5120 silly placeDep node_modules/@react-native/metro-babel-transformer @react-native/babel-plugin-codegen@0.76.3 OK for: @react-native/babel-preset@0.76.3 want: 0.76.3
5121 silly placeDep node_modules/@react-native/metro-babel-transformer @react-native/codegen@0.76.3 OK for: @react-native/babel-plugin-codegen@0.76.3 want: 0.76.3
5122 silly placeDep node_modules/@react-native/metro-babel-transformer glob@7.2.3 OK for: @react-native/codegen@0.76.3 want: ^7.1.1
5123 silly placeDep node_modules/babel-plugin-syntax-hermes-parser hermes-estree@0.25.1 OK for: hermes-parser@0.25.1 want: 0.25.1
5124 silly placeDep ROOT define-lazy-prop@2.0.0 OK for: open@8.4.2 want: ^2.0.0
5125 silly placeDep node_modules/cliui emoji-regex@8.0.0 OK for: string-width@4.2.3 want: ^8.0.0
5126 silly placeDep node_modules/compression ms@2.0.0 OK for: debug@2.6.9 want: 2.0.0
5127 silly placeDep node_modules/connect ms@2.0.0 OK for: debug@2.6.9 want: 2.0.0
5128 silly placeDep node_modules/cosmiconfig argparse@1.0.10 OK for: js-yaml@3.14.2 want: ^1.0.7
5129 silly placeDep ROOT nice-try@1.0.5 OK for: cross-spawn@6.0.6 want: ^1.0.4
5130 silly placeDep node_modules/execa path-key@2.0.1 OK for: cross-spawn@6.0.6 want: ^2.0.1
5131 silly placeDep node_modules/execa semver@5.7.2 OK for: cross-spawn@6.0.6 want: ^5.5.0
5132 silly placeDep node_modules/execa shebang-command@1.2.0 OK for: cross-spawn@6.0.6 want: ^1.2.0
5133 silly placeDep node_modules/execa which@1.3.1 OK for: cross-spawn@6.0.6 want: ^1.2.9
5134 silly fetch manifest shebang-regex@^1.0.0
5135 silly packumentCache full:https://registry.npmjs.org/shebang-regex cache-miss
5136 http cache https://registry.npmjs.org/shebang-regex 4ms (cache hit)
5137 silly packumentCache full:https://registry.npmjs.org/shebang-regex set size:9763 disposed:false
5138 silly placeDep node_modules/execa shebang-regex@1.0.0 OK for: shebang-command@1.2.0 want: ^1.0.0
5139 silly placeDep node_modules/expo-modules-autolinking jsonfile@6.2.1 OK for: fs-extra@9.1.0 want: ^6.0.1
5140 silly placeDep node_modules/expo-modules-autolinking universalify@2.0.1 OK for: fs-extra@9.1.0 want: ^2.0.0
5141 silly placeDep node_modules/finalhandler ms@2.0.0 OK for: debug@2.6.9 want: 2.0.0
5142 silly placeDep node_modules/glob brace-expansion@2.1.0 OK for: minimatch@9.0.9 want: ^2.0.2
5143 silly placeDep node_modules/lighthouse-logger ms@2.0.0 OK for: debug@2.6.9 want: 2.0.0
5144 silly placeDep node_modules/log-symbols ansi-styles@3.2.1 OK for: chalk@2.4.2 want: ^3.2.1
5145 silly placeDep node_modules/log-symbols escape-string-regexp@1.0.5 OK for: chalk@2.4.2 want: ^1.0.5
5146 silly placeDep node_modules/log-symbols supports-color@5.5.0 OK for: chalk@2.4.2 want: ^5.3.0
5147 silly placeDep node_modules/log-symbols color-convert@1.9.3 OK for: ansi-styles@3.2.1 want: ^1.9.0
5148 silly placeDep node_modules/log-symbols color-name@1.1.3 OK for: color-convert@1.9.3 want: 1.1.3
5149 silly placeDep node_modules/log-symbols has-flag@3.0.0 OK for: supports-color@5.5.0 want: ^3.0.0
5150 silly placeDep node_modules/metro-babel-transformer hermes-estree@0.25.1 OK for: hermes-parser@0.25.1 want: 0.25.1
5151 silly placeDep node_modules/metro-file-map ms@2.0.0 OK for: debug@2.6.9 want: 2.0.0
5152 silly placeDep node_modules/metro ms@2.0.0 OK for: debug@2.6.9 want: 2.0.0
5153 silly placeDep node_modules/metro hermes-estree@0.25.1 OK for: hermes-parser@0.25.1 want: 0.25.1
5154 silly placeDep node_modules/minipass-flush yallist@4.0.0 OK for: minipass@3.3.6 want: ^4.0.0
5155 silly placeDep node_modules/minipass-pipeline yallist@4.0.0 OK for: minipass@3.3.6 want: ^4.0.0
5156 silly placeDep node_modules/ora ansi-styles@3.2.1 OK for: chalk@2.4.2 want: ^3.2.1
5157 silly placeDep node_modules/ora escape-string-regexp@1.0.5 OK for: chalk@2.4.2 want: ^1.0.5
5158 silly placeDep node_modules/ora supports-color@5.5.0 OK for: chalk@2.4.2 want: ^5.3.0
5159 silly placeDep node_modules/ora color-convert@1.9.3 OK for: ansi-styles@3.2.1 want: ^1.9.0
5160 silly placeDep node_modules/ora color-name@1.1.3 OK for: color-convert@1.9.3 want: 1.1.3
5161 silly placeDep node_modules/ora ansi-regex@4.1.1 OK for: strip-ansi@5.2.0 want: ^4.1.0
5162 silly placeDep node_modules/ora has-flag@3.0.0 OK for: supports-color@5.5.0 want: ^3.0.0
5163 silly placeDep node_modules/pkg-dir locate-path@3.0.0 OK for: find-up@3.0.0 want: ^3.0.0
5164 silly fetch manifest p-locate@^3.0.0
5165 silly packumentCache full:https://registry.npmjs.org/p-locate cache-hit
5166 silly fetch manifest path-exists@^3.0.0
5167 silly packumentCache full:https://registry.npmjs.org/path-exists cache-miss
5168 http cache https://registry.npmjs.org/path-exists 8ms (cache hit)
5169 silly packumentCache full:https://registry.npmjs.org/path-exists set size:13704 disposed:false
5170 silly placeDep node_modules/pkg-dir p-locate@3.0.0 OK for: locate-path@3.0.0 want: ^3.0.0
5171 silly placeDep node_modules/pkg-dir path-exists@3.0.0 OK for: locate-path@3.0.0 want: ^3.0.0
5172 silly fetch manifest p-limit@^2.0.0
5173 silly packumentCache full:https://registry.npmjs.org/p-limit cache-hit
5174 silly placeDep node_modules/pkg-dir p-limit@2.3.0 OK for: p-locate@3.0.0 want: ^2.0.0
5175 silly placeDep node_modules/send/node_modules/debug ms@2.0.0 OK for: debug@2.6.9 want: 2.0.0
5176 silly placeDep node_modules/tar/node_modules/fs-minipass minipass@3.3.6 OK for: fs-minipass@2.1.0 want: ^3.0.0
5177 silly placeDep node_modules/temp glob@7.2.3 OK for: rimraf@2.6.3 want: ^7.1.3
5178 silly placeDep node_modules/wrap-ansi-cjs emoji-regex@8.0.0 OK for: string-width@4.2.3 want: ^8.0.0
5179 silly placeDep node_modules/wrap-ansi emoji-regex@8.0.0 OK for: string-width@4.2.3 want: ^8.0.0
5180 silly placeDep node_modules/yargs emoji-regex@8.0.0 OK for: string-width@4.2.3 want: ^8.0.0
5181 silly placeDep node_modules/yargs strip-ansi@6.0.1 OK for: string-width@4.2.3 want: ^6.0.1
5182 silly reify moves {}
5183 http cache nice-try@https://registry.npmjs.org/nice-try/-/nice-try-1.0.5.tgz 0ms (cache hit)
5184 http cache async-limiter@https://registry.npmjs.org/async-limiter/-/async-limiter-1.0.1.tgz 0ms (cache hit)
5185 http cache define-lazy-prop@https://registry.npmjs.org/define-lazy-prop/-/define-lazy-prop-2.0.0.tgz 0ms (cache hit)
5186 http cache strip-final-newline@https://registry.npmjs.org/strip-final-newline/-/strip-final-newline-2.0.0.tgz 0ms (cache hit)
5187 http cache path-is-absolute@https://registry.npmjs.org/path-is-absolute/-/path-is-absolute-1.0.1.tgz 0ms (cache hit)
5188 http cache inflight@https://registry.npmjs.org/inflight/-/inflight-1.0.6.tgz 0ms (cache hit)
5189 http cache human-signals@https://registry.npmjs.org/human-signals/-/human-signals-2.1.0.tgz 0ms (cache hit)
5190 http cache p-try@https://registry.npmjs.org/p-try/-/p-try-2.2.0.tgz 0ms (cache hit)
5191 http cache sprintf-js@https://registry.npmjs.org/sprintf-js/-/sprintf-js-1.0.3.tgz 0ms (cache hit)
5192 http cache at-least-node@https://registry.npmjs.org/at-least-node/-/at-least-node-1.0.0.tgz 0ms (cache hit)
5193 http cache @babel/highlight@https://registry.npmjs.org/@babel/highlight/-/highlight-7.25.9.tgz 0ms (cache hit)
5194 http cache fs.realpath@https://registry.npmjs.org/fs.realpath/-/fs.realpath-1.0.0.tgz 0ms (cache hit)
5195 http cache yargs-parser@https://registry.npmjs.org/yargs-parser/-/yargs-parser-21.1.1.tgz 0ms (cache hit)
5196 http cache require-directory@https://registry.npmjs.org/require-directory/-/require-directory-2.1.1.tgz 0ms (cache hit)
5197 http cache get-caller-file@https://registry.npmjs.org/get-caller-file/-/get-caller-file-2.0.5.tgz 0ms (cache hit)
5198 http cache y18n@https://registry.npmjs.org/y18n/-/y18n-5.0.8.tgz 0ms (cache hit)
5199 http cache sax@https://registry.npmjs.org/sax/-/sax-1.6.0.tgz 0ms (cache hit)
5200 http cache cliui@https://registry.npmjs.org/cliui/-/cliui-8.0.1.tgz 0ms (cache hit)
5201 http cache plist@https://registry.npmjs.org/plist/-/plist-3.1.1.tgz 0ms (cache hit)
5202 http cache simple-plist@https://registry.npmjs.org/simple-plist/-/simple-plist-1.3.1.tgz 0ms (cache hit)
5203 http cache for-each@https://registry.npmjs.org/for-each/-/for-each-0.3.5.tgz 0ms (cache hit)
5204 http cache is-callable@https://registry.npmjs.org/is-callable/-/is-callable-1.2.7.tgz 0ms (cache hit)
5205 http cache possible-typed-array-names@https://registry.npmjs.org/possible-typed-array-names/-/possible-typed-array-names-1.1.0.tgz 0ms (cache hit)
5206 http cache available-typed-arrays@https://registry.npmjs.org/available-typed-arrays/-/available-typed-arrays-1.0.7.tgz 0ms (cache hit)
5207 http cache isexe@https://registry.npmjs.org/isexe/-/isexe-2.0.0.tgz 0ms (cache hit)
5208 http cache buffer@https://registry.npmjs.org/buffer/-/buffer-5.7.1.tgz 0ms (cache hit)
5209 http cache punycode@https://registry.npmjs.org/punycode/-/punycode-2.3.1.tgz 0ms (cache hit)
5210 http cache tr46@https://registry.npmjs.org/tr46/-/tr46-0.0.3.tgz 0ms (cache hit)
5211 http cache webidl-conversions@https://registry.npmjs.org/webidl-conversions/-/webidl-conversions-3.0.1.tgz 0ms (cache hit)
5212 http cache clone@https://registry.npmjs.org/clone/-/clone-1.0.4.tgz 0ms (cache hit)
5213 http cache defaults@https://registry.npmjs.org/defaults/-/defaults-1.0.4.tgz 0ms (cache hit)
5214 http cache tmpl@https://registry.npmjs.org/tmpl/-/tmpl-1.0.5.tgz 0ms (cache hit)
5215 http cache ieee754@https://registry.npmjs.org/ieee754/-/ieee754-1.2.1.tgz 0ms (cache hit)
5216 http cache is-regex@https://registry.npmjs.org/is-regex/-/is-regex-1.2.1.tgz 0ms (cache hit)
5217 http cache makeerror@https://registry.npmjs.org/makeerror/-/makeerror-1.0.12.tgz 0ms (cache hit)
5218 http cache generator-function@https://registry.npmjs.org/generator-function/-/generator-function-2.0.1.tgz 0ms (cache hit)
5219 http cache safe-regex-test@https://registry.npmjs.org/safe-regex-test/-/safe-regex-test-1.1.0.tgz 0ms (cache hit)
5220 http cache which-typed-array@https://registry.npmjs.org/which-typed-array/-/which-typed-array-1.1.20.tgz 0ms (cache hit)
5221 http cache is-generator-function@https://registry.npmjs.org/is-generator-function/-/is-generator-function-1.1.2.tgz 0ms (cache hit)
5222 http cache is-typed-array@https://registry.npmjs.org/is-typed-array/-/is-typed-array-1.1.15.tgz 0ms (cache hit)
5223 http cache is-arguments@https://registry.npmjs.org/is-arguments/-/is-arguments-1.2.0.tgz 0ms (cache hit)
5224 http cache escalade@https://registry.npmjs.org/escalade/-/escalade-3.2.0.tgz 0ms (cache hit)
5225 http cache crypto-random-string@https://registry.npmjs.org/crypto-random-string/-/crypto-random-string-2.0.0.tgz 0ms (cache hit)
5226 http cache imurmurhash@https://registry.npmjs.org/imurmurhash/-/imurmurhash-0.1.4.tgz 0ms (cache hit)
5227 http cache unique-slug@https://registry.npmjs.org/unique-slug/-/unique-slug-4.0.0.tgz 0ms (cache hit)
5228 http cache unicode-canonical-property-names-ecmascript@https://registry.npmjs.org/unicode-canonical-property-names-ecmascript/-/unicode-canonical-property-names-ecmascript-2.0.1.tgz 0ms (cache hit)
5229 http cache unicode-property-aliases-ecmascript@https://registry.npmjs.org/unicode-property-aliases-ecmascript/-/unicode-property-aliases-ecmascript-2.2.0.tgz 0ms (cache hit)
5230 http cache is-number@https://registry.npmjs.org/is-number/-/is-number-7.0.0.tgz 0ms (cache hit)
5231 http cache acorn@https://registry.npmjs.org/acorn/-/acorn-8.16.0.tgz 0ms (cache hit)
5232 http cache thenify@https://registry.npmjs.org/thenify/-/thenify-3.3.1.tgz 0ms (cache hit)
5233 http cache supports-hyperlinks@https://registry.npmjs.org/supports-hyperlinks/-/supports-hyperlinks-2.3.0.tgz 0ms (cache hit)
5234 http cache ansi-escapes@https://registry.npmjs.org/ansi-escapes/-/ansi-escapes-4.3.2.tgz 0ms (cache hit)
5235 http cache path-type@https://registry.npmjs.org/path-type/-/path-type-4.0.0.tgz 0ms (cache hit)
5236 http cache @jridgewell/source-map@https://registry.npmjs.org/@jridgewell/source-map/-/source-map-0.3.11.tgz 0ms (cache hit)
5237 http cache ignore@https://registry.npmjs.org/ignore/-/ignore-5.3.2.tgz 0ms (cache hit)
5238 http cache array-union@https://registry.npmjs.org/array-union/-/array-union-2.1.0.tgz 0ms (cache hit)
5239 http cache dir-glob@https://registry.npmjs.org/dir-glob/-/dir-glob-3.0.1.tgz 0ms (cache hit)
5240 http cache is-path-inside@https://registry.npmjs.org/is-path-inside/-/is-path-inside-3.0.3.tgz 0ms (cache hit)
5241 http cache is-path-cwd@https://registry.npmjs.org/is-path-cwd/-/is-path-cwd-2.2.0.tgz 0ms (cache hit)
5242 http cache del@https://registry.npmjs.org/del/-/del-6.1.1.tgz 0ms (cache hit)
5243 http cache chownr@https://registry.npmjs.org/chownr/-/chownr-2.0.0.tgz 0ms (cache hit)
5244 http cache globby@https://registry.npmjs.org/globby/-/globby-11.1.0.tgz 0ms (cache hit)
5245 http cache minizlib@https://registry.npmjs.org/minizlib/-/minizlib-2.1.2.tgz 0ms (cache hit)
5246 http cache thenify-all@https://registry.npmjs.org/thenify-all/-/thenify-all-1.6.0.tgz 0ms (cache hit)
5247 http cache has-flag@https://registry.npmjs.org/has-flag/-/has-flag-4.0.0.tgz 0ms (cache hit)
5248 http cache mz@https://registry.npmjs.org/mz/-/mz-2.7.0.tgz 0ms (cache hit)
5249 http cache any-promise@https://registry.npmjs.org/any-promise/-/any-promise-1.3.0.tgz 0ms (cache hit)
5250 http cache ts-interface-checker@https://registry.npmjs.org/ts-interface-checker/-/ts-interface-checker-0.1.13.tgz 0ms (cache hit)
5251 http cache emoji-regex@https://registry.npmjs.org/emoji-regex/-/emoji-regex-9.2.2.tgz 0ms (cache hit)
5252 http cache eastasianwidth@https://registry.npmjs.org/eastasianwidth/-/eastasianwidth-0.2.0.tgz 0ms (cache hit)
5253 http cache lines-and-columns@https://registry.npmjs.org/lines-and-columns/-/lines-and-columns-1.2.4.tgz 0ms (cache hit)
5254 http cache is-fullwidth-code-point@https://registry.npmjs.org/is-fullwidth-code-point/-/is-fullwidth-code-point-3.0.0.tgz 0ms (cache hit)
5255 http cache buffer-from@https://registry.npmjs.org/buffer-from/-/buffer-from-1.1.2.tgz 0ms (cache hit)
5256 http cache type-fest@https://registry.npmjs.org/type-fest/-/type-fest-0.7.1.tgz 0ms (cache hit)
5257 http cache toidentifier@https://registry.npmjs.org/toidentifier/-/toidentifier-1.0.1.tgz 0ms (cache hit)
5258 http cache setprototypeof@https://registry.npmjs.org/setprototypeof/-/setprototypeof-1.2.0.tgz 0ms (cache hit)
5259 http cache range-parser@https://registry.npmjs.org/range-parser/-/range-parser-1.2.1.tgz 0ms (cache hit)
5260 http cache shebang-regex@https://registry.npmjs.org/shebang-regex/-/shebang-regex-3.0.0.tgz 0ms (cache hit)
5261 http cache mime@https://registry.npmjs.org/mime/-/mime-1.6.0.tgz 0ms (cache hit)
5262 http cache fresh@https://registry.npmjs.org/fresh/-/fresh-0.5.2.tgz 0ms (cache hit)
5263 http cache http-errors@https://registry.npmjs.org/http-errors/-/http-errors-2.0.1.tgz 0ms (cache hit)
5264 http cache destroy@https://registry.npmjs.org/destroy/-/destroy-1.2.0.tgz 0ms (cache hit)
5265 http cache depd@https://registry.npmjs.org/depd/-/depd-2.0.0.tgz 0ms (cache hit)
5266 http cache @types/node-forge@https://registry.npmjs.org/@types/node-forge/-/node-forge-1.3.14.tgz 0ms (cache hit)
5267 http cache etag@https://registry.npmjs.org/etag/-/etag-1.8.1.tgz 0ms (cache hit)
5268 http cache json-schema-traverse@https://registry.npmjs.org/json-schema-traverse/-/json-schema-traverse-1.0.0.tgz 0ms (cache hit)
5269 http cache ajv-keywords@https://registry.npmjs.org/ajv-keywords/-/ajv-keywords-5.1.0.tgz 0ms (cache hit)
5270 http cache ajv@https://registry.npmjs.org/ajv/-/ajv-8.20.0.tgz 1ms (cache hit)
5271 http cache fast-uri@https://registry.npmjs.org/fast-uri/-/fast-uri-3.1.2.tgz 0ms (cache hit)
5272 http cache ajv-formats@https://registry.npmjs.org/ajv-formats/-/ajv-formats-2.1.1.tgz 0ms (cache hit)
5273 http cache queue-microtask@https://registry.npmjs.org/queue-microtask/-/queue-microtask-1.2.3.tgz 0ms (cache hit)
5274 http cache @types/json-schema@https://registry.npmjs.org/@types/json-schema/-/json-schema-7.0.15.tgz 0ms (cache hit)
5275 http cache mimic-fn@https://registry.npmjs.org/mimic-fn/-/mimic-fn-1.2.0.tgz 0ms (cache hit)
5276 http cache onetime@https://registry.npmjs.org/onetime/-/onetime-2.0.1.tgz 0ms (cache hit)
5277 http cache path-parse@https://registry.npmjs.org/path-parse/-/path-parse-1.0.7.tgz 0ms (cache hit)
5278 http cache is-core-module@https://registry.npmjs.org/is-core-module/-/is-core-module-2.16.2.tgz 0ms (cache hit)
5279 http cache supports-preserve-symlinks-flag@https://registry.npmjs.org/supports-preserve-symlinks-flag/-/supports-preserve-symlinks-flag-1.0.0.tgz 0ms (cache hit)
5280 http cache strip-json-comments@https://registry.npmjs.org/strip-json-comments/-/strip-json-comments-2.0.1.tgz 0ms (cache hit)
5281 http cache ini@https://registry.npmjs.org/ini/-/ini-1.3.8.tgz 0ms (cache hit)
5282 http cache deep-extend@https://registry.npmjs.org/deep-extend/-/deep-extend-0.6.0.tgz 0ms (cache hit)
5283 http cache rc@https://registry.npmjs.org/rc/-/rc-1.2.8.tgz 0ms (cache hit)
5284 http cache nested-error-stacks@https://registry.npmjs.org/nested-error-stacks/-/nested-error-stacks-2.0.1.tgz 0ms (cache hit)
5285 http cache unicode-match-property-value-ecmascript@https://registry.npmjs.org/unicode-match-property-value-ecmascript/-/unicode-match-property-value-ecmascript-2.2.1.tgz 0ms (cache hit)
5286 http cache regjsparser@https://registry.npmjs.org/regjsparser/-/regjsparser-0.13.1.tgz 0ms (cache hit)
5287 http cache regjsgen@https://registry.npmjs.org/regjsgen/-/regjsgen-0.8.0.tgz 0ms (cache hit)
5288 http cache regenerate-unicode-properties@https://registry.npmjs.org/regenerate-unicode-properties/-/regenerate-unicode-properties-10.2.2.tgz 0ms (cache hit)
5289 http cache unicode-match-property-ecmascript@https://registry.npmjs.org/unicode-match-property-ecmascript/-/unicode-match-property-ecmascript-2.0.0.tgz 0ms (cache hit)
5290 http cache regenerate@https://registry.npmjs.org/regenerate/-/regenerate-1.4.2.tgz 0ms (cache hit)
5291 http cache esprima@https://registry.npmjs.org/esprima/-/esprima-4.0.1.tgz 0ms (cache hit)
5292 http cache hyphenate-style-name@https://registry.npmjs.org/hyphenate-style-name/-/hyphenate-style-name-1.1.0.tgz 0ms (cache hit)
5293 http cache ast-types@https://registry.npmjs.org/ast-types/-/ast-types-0.15.2.tgz 0ms (cache hit)
5294 http cache fast-loops@https://registry.npmjs.org/fast-loops/-/fast-loops-1.1.4.tgz 0ms (cache hit)
5295 http cache css-in-js-utils@https://registry.npmjs.org/css-in-js-utils/-/css-in-js-utils-3.1.0.tgz 0ms (cache hit)
5296 http cache styleq@https://registry.npmjs.org/styleq/-/styleq-0.1.3.tgz 0ms (cache hit)
5297 http cache postcss-value-parser@https://registry.npmjs.org/postcss-value-parser/-/postcss-value-parser-4.2.0.tgz 0ms (cache hit)
5298 http cache inline-style-prefixer@https://registry.npmjs.org/inline-style-prefixer/-/inline-style-prefixer-6.0.4.tgz 1ms (cache hit)
5299 http cache entities@https://registry.npmjs.org/entities/-/entities-4.5.0.tgz 0ms (cache hit)
5300 http cache dom-serializer@https://registry.npmjs.org/dom-serializer/-/dom-serializer-2.0.0.tgz 0ms (cache hit)
5301 http cache domelementtype@https://registry.npmjs.org/domelementtype/-/domelementtype-2.3.0.tgz 1ms (cache hit)
5302 http cache mdn-data@https://registry.npmjs.org/mdn-data/-/mdn-data-2.0.14.tgz 0ms (cache hit)
5303 http cache nth-check@https://registry.npmjs.org/nth-check/-/nth-check-2.1.1.tgz 0ms (cache hit)
5304 http cache domutils@https://registry.npmjs.org/domutils/-/domutils-3.2.2.tgz 0ms (cache hit)
5305 http cache domhandler@https://registry.npmjs.org/domhandler/-/domhandler-5.0.3.tgz 0ms (cache hit)
5306 http cache css-what@https://registry.npmjs.org/css-what/-/css-what-6.2.2.tgz 0ms (cache hit)
5307 http cache boolbase@https://registry.npmjs.org/boolbase/-/boolbase-1.0.0.tgz 0ms (cache hit)
5308 http cache css-tree@https://registry.npmjs.org/css-tree/-/css-tree-1.1.3.tgz 0ms (cache hit)
5309 http cache react-freeze@https://registry.npmjs.org/react-freeze/-/react-freeze-1.0.4.tgz 0ms (cache hit)
5310 http cache @types/hammerjs@https://registry.npmjs.org/@types/hammerjs/-/hammerjs-2.0.46.tgz 0ms (cache hit)
5311 http cache css-select@https://registry.npmjs.org/css-select/-/css-select-5.2.2.tgz 0ms (cache hit)
5312 http cache hoist-non-react-statics@https://registry.npmjs.org/hoist-non-react-statics/-/hoist-non-react-statics-3.3.2.tgz 0ms (cache hit)
5313 http cache @egjs/hammerjs@https://registry.npmjs.org/@egjs/hammerjs/-/hammerjs-2.0.17.tgz 0ms (cache hit)
5314 http cache shell-quote@https://registry.npmjs.org/shell-quote/-/shell-quote-1.8.3.tgz 0ms (cache hit)
5315 http cache inherits@https://registry.npmjs.org/inherits/-/inherits-2.0.4.tgz 0ms (cache hit)
5316 http cache json-parse-better-errors@https://registry.npmjs.org/json-parse-better-errors/-/json-parse-better-errors-1.0.2.tgz 0ms (cache hit)
5317 http cache error-ex@https://registry.npmjs.org/error-ex/-/error-ex-1.3.4.tgz 0ms (cache hit)
5318 http cache is-arrayish@https://registry.npmjs.org/is-arrayish/-/is-arrayish-0.2.1.tgz 0ms (cache hit)
5319 http cache terser@https://registry.npmjs.org/terser/-/terser-5.47.1.tgz 0ms (cache hit)
5320 http cache metro-minify-terser@https://registry.npmjs.org/metro-minify-terser/-/metro-minify-terser-0.81.5.tgz 0ms (cache hit)
5321 http cache vlq@https://registry.npmjs.org/vlq/-/vlq-1.0.1.tgz 0ms (cache hit)
5322 http cache ob1@https://registry.npmjs.org/ob1/-/ob1-0.81.5.tgz 0ms (cache hit)
5323 http cache @babel/traverse--for-generate-function-map@https://registry.npmjs.org/@babel/traverse/-/traverse-7.29.0.tgz 0ms (cache hit)
5324 http cache jest-get-type@https://registry.npmjs.org/jest-get-type/-/jest-get-type-29.6.3.tgz 0ms (cache hit)
5325 http cache leven@https://registry.npmjs.org/leven/-/leven-3.1.0.tgz 0ms (cache hit)
5326 http cache callsites@https://registry.npmjs.org/callsites/-/callsites-2.0.0.tgz 0ms (cache hit)
5327 http cache caller-callsite@https://registry.npmjs.org/caller-callsite/-/caller-callsite-2.0.0.tgz 0ms (cache hit)
5328 http cache caller-path@https://registry.npmjs.org/caller-path/-/caller-path-2.0.0.tgz 0ms (cache hit)
5329 http cache parse-json@https://registry.npmjs.org/parse-json/-/parse-json-4.0.0.tgz 0ms (cache hit)
5330 http cache import-fresh@https://registry.npmjs.org/import-fresh/-/import-fresh-2.0.0.tgz 0ms (cache hit)
5331 http cache is-directory@https://registry.npmjs.org/is-directory/-/is-directory-0.3.1.tgz 0ms (cache hit)
5332 http cache jest-validate@https://registry.npmjs.org/jest-validate/-/jest-validate-29.7.0.tgz 0ms (cache hit)
5333 http cache exponential-backoff@https://registry.npmjs.org/exponential-backoff/-/exponential-backoff-3.1.3.tgz 0ms (cache hit)
5334 http cache cosmiconfig@https://registry.npmjs.org/cosmiconfig/-/cosmiconfig-5.2.1.tgz 0ms (cache hit)
5335 http cache queue@https://registry.npmjs.org/queue/-/queue-6.0.2.tgz 0ms (cache hit)
5336 http cache stackframe@https://registry.npmjs.org/stackframe/-/stackframe-1.3.4.tgz 0ms (cache hit)
5337 http cache source-map@https://registry.npmjs.org/source-map/-/source-map-0.5.7.tgz 0ms (cache hit)
5338 http cache throat@https://registry.npmjs.org/throat/-/throat-5.0.0.tgz 0ms (cache hit)
5339 http cache metro-transform-worker@https://registry.npmjs.org/metro-transform-worker/-/metro-transform-worker-0.81.5.tgz 0ms (cache hit)
5340 http cache metro-transform-plugins@https://registry.npmjs.org/metro-transform-plugins/-/metro-transform-plugins-0.81.5.tgz 0ms (cache hit)
5341 http cache metro-symbolicate@https://registry.npmjs.org/metro-symbolicate/-/metro-symbolicate-0.81.5.tgz 0ms (cache hit)
5342 http cache serialize-error@https://registry.npmjs.org/serialize-error/-/serialize-error-2.1.0.tgz 0ms (cache hit)
5343 http cache metro-resolver@https://registry.npmjs.org/metro-resolver/-/metro-resolver-0.81.5.tgz 0ms (cache hit)
5344 http cache metro-cache-key@https://registry.npmjs.org/metro-cache-key/-/metro-cache-key-0.81.5.tgz 0ms (cache hit)
5345 http cache metro-file-map@https://registry.npmjs.org/metro-file-map/-/metro-file-map-0.81.5.tgz 0ms (cache hit)
5346 http cache metro-cache@https://registry.npmjs.org/metro-cache/-/metro-cache-0.81.5.tgz 0ms (cache hit)
5347 http cache metro-babel-transformer@https://registry.npmjs.org/metro-babel-transformer/-/metro-babel-transformer-0.81.5.tgz 0ms (cache hit)
5348 http cache lodash.throttle@https://registry.npmjs.org/lodash.throttle/-/lodash.throttle-4.1.1.tgz 0ms (cache hit)
5349 http cache error-stack-parser@https://registry.npmjs.org/error-stack-parser/-/error-stack-parser-2.1.4.tgz 0ms (cache hit)
5350 http cache image-size@https://registry.npmjs.org/image-size/-/image-size-1.2.1.tgz 0ms (cache hit)
5351 http cache stack-utils@https://registry.npmjs.org/stack-utils/-/stack-utils-2.0.6.tgz 0ms (cache hit)
5352 http cache merge-stream@https://registry.npmjs.org/merge-stream/-/merge-stream-2.0.0.tgz 0ms (cache hit)
5353 http cache @types/stack-utils@https://registry.npmjs.org/@types/stack-utils/-/stack-utils-2.0.3.tgz 0ms (cache hit)
5354 http cache bser@https://registry.npmjs.org/bser/-/bser-2.1.1.tgz 0ms (cache hit)
5355 http cache normalize-path@https://registry.npmjs.org/normalize-path/-/normalize-path-3.0.0.tgz 0ms (cache hit)
5356 http cache walker@https://registry.npmjs.org/walker/-/walker-1.0.8.tgz 0ms (cache hit)
5357 http cache node-int64@https://registry.npmjs.org/node-int64/-/node-int64-0.4.0.tgz 0ms (cache hit)
5358 http cache jest-worker@https://registry.npmjs.org/jest-worker/-/jest-worker-29.7.0.tgz 0ms (cache hit)
5359 http cache fsevents@https://registry.npmjs.org/fsevents/-/fsevents-2.3.3.tgz 0ms (cache hit)
5360 http cache fb-watchman@https://registry.npmjs.org/fb-watchman/-/fb-watchman-2.0.2.tgz 0ms (cache hit)
5361 http cache anymatch@https://registry.npmjs.org/anymatch/-/anymatch-3.1.3.tgz 0ms (cache hit)
5362 http cache @types/graceful-fs@https://registry.npmjs.org/@types/graceful-fs/-/graceful-fs-4.1.9.tgz 0ms (cache hit)
5363 http cache type-detect@https://registry.npmjs.org/type-detect/-/type-detect-4.0.8.tgz 0ms (cache hit)
5364 http cache @sinonjs/commons@https://registry.npmjs.org/@sinonjs/commons/-/commons-3.0.1.tgz 0ms (cache hit)
5365 http cache @sinonjs/fake-timers@https://registry.npmjs.org/@sinonjs/fake-timers/-/fake-timers-10.3.0.tgz 0ms (cache hit)
5366 http cache jest-mock@https://registry.npmjs.org/jest-mock/-/jest-mock-29.7.0.tgz 0ms (cache hit)
5367 http cache jest-message-util@https://registry.npmjs.org/jest-message-util/-/jest-message-util-29.7.0.tgz 0ms (cache hit)
5368 http cache @jest/fake-timers@https://registry.npmjs.org/@jest/fake-timers/-/fake-timers-29.7.0.tgz 0ms (cache hit)
5369 http cache @jest/environment@https://registry.npmjs.org/@jest/environment/-/environment-29.7.0.tgz 0ms (cache hit)
5370 http cache istanbul-lib-coverage@https://registry.npmjs.org/istanbul-lib-coverage/-/istanbul-lib-coverage-3.2.2.tgz 0ms (cache hit)
5371 http cache @babel/plugin-syntax-private-property-in-object@https://registry.npmjs.org/@babel/plugin-syntax-private-property-in-object/-/plugin-syntax-private-property-in-object-7.14.5.tgz 0ms (cache hit)
5372 http cache @babel/plugin-syntax-optional-catch-binding@https://registry.npmjs.org/@babel/plugin-syntax-optional-catch-binding/-/plugin-syntax-optional-catch-binding-7.8.3.tgz 0ms (cache hit)
5373 http cache @babel/plugin-syntax-top-level-await@https://registry.npmjs.org/@babel/plugin-syntax-top-level-await/-/plugin-syntax-top-level-await-7.14.5.tgz 0ms (cache hit)
5374 http cache @babel/plugin-syntax-numeric-separator@https://registry.npmjs.org/@babel/plugin-syntax-numeric-separator/-/plugin-syntax-numeric-separator-7.10.4.tgz 0ms (cache hit)
5375 http cache @babel/plugin-syntax-object-rest-spread@https://registry.npmjs.org/@babel/plugin-syntax-object-rest-spread/-/plugin-syntax-object-rest-spread-7.8.3.tgz 0ms (cache hit)
5376 http cache @babel/plugin-syntax-logical-assignment-operators@https://registry.npmjs.org/@babel/plugin-syntax-logical-assignment-operators/-/plugin-syntax-logical-assignment-operators-7.10.4.tgz 0ms (cache hit)
5377 http cache @babel/plugin-syntax-json-strings@https://registry.npmjs.org/@babel/plugin-syntax-json-strings/-/plugin-syntax-json-strings-7.8.3.tgz 0ms (cache hit)
5378 http cache @babel/plugin-syntax-import-meta@https://registry.npmjs.org/@babel/plugin-syntax-import-meta/-/plugin-syntax-import-meta-7.10.4.tgz 0ms (cache hit)
5379 http cache @babel/plugin-syntax-class-static-block@https://registry.npmjs.org/@babel/plugin-syntax-class-static-block/-/plugin-syntax-class-static-block-7.14.5.tgz 0ms (cache hit)
5380 http cache @babel/plugin-syntax-class-properties@https://registry.npmjs.org/@babel/plugin-syntax-class-properties/-/plugin-syntax-class-properties-7.12.13.tgz 0ms (cache hit)
5381 http cache @babel/plugin-syntax-bigint@https://registry.npmjs.org/@babel/plugin-syntax-bigint/-/plugin-syntax-bigint-7.8.3.tgz 0ms (cache hit)
5382 http cache @babel/plugin-syntax-async-generators@https://registry.npmjs.org/@babel/plugin-syntax-async-generators/-/plugin-syntax-async-generators-7.8.4.tgz 0ms (cache hit)
5383 http cache babel-preset-current-node-syntax@https://registry.npmjs.org/babel-preset-current-node-syntax/-/babel-preset-current-node-syntax-1.2.0.tgz 0ms (cache hit)
5384 http cache babel-plugin-jest-hoist@https://registry.npmjs.org/babel-plugin-jest-hoist/-/babel-plugin-jest-hoist-29.6.3.tgz 0ms (cache hit)
5385 http cache get-package-type@https://registry.npmjs.org/get-package-type/-/get-package-type-0.1.0.tgz 0ms (cache hit)
5386 http cache test-exclude@https://registry.npmjs.org/test-exclude/-/test-exclude-6.0.0.tgz 0ms (cache hit)
5387 http cache camelcase@https://registry.npmjs.org/camelcase/-/camelcase-5.3.1.tgz 0ms (cache hit)
5388 http cache istanbul-lib-instrument@https://registry.npmjs.org/istanbul-lib-instrument/-/istanbul-lib-instrument-5.2.1.tgz 0ms (cache hit)
5389 http cache @istanbuljs/load-nyc-config@https://registry.npmjs.org/@istanbuljs/load-nyc-config/-/load-nyc-config-1.1.0.tgz 0ms (cache hit)
5390 http cache @istanbuljs/schema@https://registry.npmjs.org/@istanbuljs/schema/-/schema-0.1.6.tgz 0ms (cache hit)
5391 http cache @types/babel__template@https://registry.npmjs.org/@types/babel__template/-/babel__template-7.4.4.tgz 0ms (cache hit)
5392 http cache @types/babel__traverse@https://registry.npmjs.org/@types/babel__traverse/-/babel__traverse-7.28.0.tgz 0ms (cache hit)
5393 http cache @types/babel__generator@https://registry.npmjs.org/@types/babel__generator/-/babel__generator-7.27.0.tgz 0ms (cache hit)
5394 http cache jest-util@https://registry.npmjs.org/jest-util/-/jest-util-29.7.0.tgz 0ms (cache hit)
5395 http cache jest-regex-util@https://registry.npmjs.org/jest-regex-util/-/jest-regex-util-29.6.3.tgz 0ms (cache hit)
5396 http cache jest-haste-map@https://registry.npmjs.org/jest-haste-map/-/jest-haste-map-29.7.0.tgz 0ms (cache hit)
5397 http cache fast-json-stable-stringify@https://registry.npmjs.org/fast-json-stable-stringify/-/fast-json-stable-stringify-2.1.0.tgz 0ms (cache hit)
5398 http cache babel-plugin-istanbul@https://registry.npmjs.org/babel-plugin-istanbul/-/babel-plugin-istanbul-6.1.1.tgz 0ms (cache hit)
5399 http cache babel-preset-jest@https://registry.npmjs.org/babel-preset-jest/-/babel-preset-jest-29.6.3.tgz 0ms (cache hit)
5400 http cache @types/yargs-parser@https://registry.npmjs.org/@types/yargs-parser/-/yargs-parser-21.0.3.tgz 0ms (cache hit)
5401 http cache @types/babel__core@https://registry.npmjs.org/@types/babel__core/-/babel__core-7.20.5.tgz 0ms (cache hit)
5402 http cache @types/istanbul-lib-report@https://registry.npmjs.org/@types/istanbul-lib-report/-/istanbul-lib-report-3.0.3.tgz 0ms (cache hit)
5403 http cache @jest/transform@https://registry.npmjs.org/@jest/transform/-/transform-29.7.0.tgz 0ms (cache hit)
5404 http cache readline@https://registry.npmjs.org/readline/-/readline-1.3.0.tgz 0ms (cache hit)
5405 http cache metro-core@https://registry.npmjs.org/metro-core/-/metro-core-0.81.5.tgz 0ms (cache hit)
5406 http cache metro-config@https://registry.npmjs.org/metro-config/-/metro-config-0.81.5.tgz 0ms (cache hit)
5407 http cache metro@https://registry.npmjs.org/metro/-/metro-0.81.5.tgz 0ms (cache hit)
5408 http cache @types/yargs@https://registry.npmjs.org/@types/yargs/-/yargs-17.0.35.tgz 0ms (cache hit)
5409 http cache @types/istanbul-reports@https://registry.npmjs.org/@types/istanbul-reports/-/istanbul-reports-3.0.4.tgz 0ms (cache hit)
5410 http cache @types/istanbul-lib-coverage@https://registry.npmjs.org/@types/istanbul-lib-coverage/-/istanbul-lib-coverage-2.0.6.tgz 0ms (cache hit)
5411 http cache @react-native/metro-babel-transformer@https://registry.npmjs.org/@react-native/metro-babel-transformer/-/metro-babel-transformer-0.76.3.tgz 0ms (cache hit)
5412 http cache regenerator-runtime@https://registry.npmjs.org/regenerator-runtime/-/regenerator-runtime-0.13.11.tgz 0ms (cache hit)
5413 http cache whatwg-fetch@https://registry.npmjs.org/whatwg-fetch/-/whatwg-fetch-3.6.20.tgz 0ms (cache hit)
5414 http cache react-devtools-core@https://registry.npmjs.org/react-devtools-core/-/react-devtools-core-5.3.2.tgz 0ms (cache hit)
5415 http cache @jest/types@https://registry.npmjs.org/@jest/types/-/types-29.6.3.tgz 0ms (cache hit)
5416 http cache metro-source-map@https://registry.npmjs.org/metro-source-map/-/metro-source-map-0.81.5.tgz 0ms (cache hit)
5417 http cache memoize-one@https://registry.npmjs.org/memoize-one/-/memoize-one-5.2.1.tgz 0ms (cache hit)
5418 http cache jsc-android@https://registry.npmjs.org/jsc-android/-/jsc-android-250231.0.0.tgz 0ms (cache hit)
5419 http cache jest-environment-node@https://registry.npmjs.org/jest-environment-node/-/jest-environment-node-29.7.0.tgz 0ms (cache hit)
5420 http cache metro-runtime@https://registry.npmjs.org/metro-runtime/-/metro-runtime-0.81.5.tgz 0ms (cache hit)
5421 http cache babel-jest@https://registry.npmjs.org/babel-jest/-/babel-jest-29.7.0.tgz 0ms (cache hit)
5422 http cache ansi-regex@https://registry.npmjs.org/ansi-regex/-/ansi-regex-5.0.1.tgz 0ms (cache hit)
5423 http cache @react-native/virtualized-lists@https://registry.npmjs.org/@react-native/virtualized-lists/-/virtualized-lists-0.76.3.tgz 0ms (cache hit)
5424 http cache anser@https://registry.npmjs.org/anser/-/anser-1.4.10.tgz 0ms (cache hit)
5425 http cache flow-enums-runtime@https://registry.npmjs.org/flow-enums-runtime/-/flow-enums-runtime-0.0.6.tgz 0ms (cache hit)
5426 http cache @react-native/js-polyfills@https://registry.npmjs.org/@react-native/js-polyfills/-/js-polyfills-0.76.3.tgz 0ms (cache hit)
5427 http cache @react-native/gradle-plugin@https://registry.npmjs.org/@react-native/gradle-plugin/-/gradle-plugin-0.76.3.tgz 0ms (cache hit)
5428 http cache @react-native/community-cli-plugin@https://registry.npmjs.org/@react-native/community-cli-plugin/-/community-cli-plugin-0.76.3.tgz 0ms (cache hit)
5429 http cache @jest/create-cache-key-function@https://registry.npmjs.org/@jest/create-cache-key-function/-/create-cache-key-function-29.7.0.tgz 0ms (cache hit)
5430 http cache @react-native/assets-registry@https://registry.npmjs.org/@react-native/assets-registry/-/assets-registry-0.76.3.tgz 0ms (cache hit)
5431 http cache react-fast-compare@https://registry.npmjs.org/react-fast-compare/-/react-fast-compare-3.2.2.tgz 0ms (cache hit)
5432 http cache prop-types@https://registry.npmjs.org/prop-types/-/prop-types-15.8.1.tgz 0ms (cache hit)
5433 http cache shallowequal@https://registry.npmjs.org/shallowequal/-/shallowequal-1.1.0.tgz 0ms (cache hit)
5434 http cache scheduler@https://registry.npmjs.org/scheduler/-/scheduler-0.23.2.tgz 0ms (cache hit)
5435 http cache strict-uri-encode@https://registry.npmjs.org/strict-uri-encode/-/strict-uri-encode-2.0.0.tgz 0ms (cache hit)
5436 http cache split-on-first@https://registry.npmjs.org/split-on-first/-/split-on-first-1.1.0.tgz 0ms (cache hit)
5437 http cache filter-obj@https://registry.npmjs.org/filter-obj/-/filter-obj-1.1.0.tgz 0ms (cache hit)
5438 http cache decode-uri-component@https://registry.npmjs.org/decode-uri-component/-/decode-uri-component-0.2.2.tgz 0ms (cache hit)
5439 http cache once@https://registry.npmjs.org/once/-/once-1.4.0.tgz 0ms (cache hit)
5440 http cache wrappy@https://registry.npmjs.org/wrappy/-/wrappy-1.0.2.tgz 0ms (cache hit)
5441 http cache end-of-stream@https://registry.npmjs.org/end-of-stream/-/end-of-stream-1.4.5.tgz 0ms (cache hit)
5442 http cache kleur@https://registry.npmjs.org/kleur/-/kleur-3.0.3.tgz 0ms (cache hit)
5443 http cache sisteransi@https://registry.npmjs.org/sisteransi/-/sisteransi-1.0.5.tgz 0ms (cache hit)
5444 http cache @sinclair/typebox@https://registry.npmjs.org/@sinclair/typebox/-/typebox-0.27.10.tgz 0ms (cache hit)
5445 http cache @jest/schemas@https://registry.npmjs.org/@jest/schemas/-/schemas-29.6.3.tgz 0ms (cache hit)
5446 http cache asap@https://registry.npmjs.org/asap/-/asap-2.0.6.tgz 0ms (cache hit)
5447 http cache source-map-js@https://registry.npmjs.org/source-map-js/-/source-map-js-1.2.1.tgz 0ms (cache hit)
5448 http cache aggregate-error@https://registry.npmjs.org/aggregate-error/-/aggregate-error-3.1.0.tgz 0ms (cache hit)
5449 http cache clean-stack@https://registry.npmjs.org/clean-stack/-/clean-stack-2.2.0.tgz 0ms (cache hit)
5450 http cache restore-cursor@https://registry.npmjs.org/restore-cursor/-/restore-cursor-2.0.0.tgz 0ms (cache hit)
5451 http cache wcwidth@https://registry.npmjs.org/wcwidth/-/wcwidth-1.0.1.tgz 0ms (cache hit)
5452 http cache log-symbols@https://registry.npmjs.org/log-symbols/-/log-symbols-2.2.0.tgz 0ms (cache hit)
5453 http cache cli-spinners@https://registry.npmjs.org/cli-spinners/-/cli-spinners-2.9.2.tgz 0ms (cache hit)
5454 http cache call-bound@https://registry.npmjs.org/call-bound/-/call-bound-1.0.4.tgz 0ms (cache hit)
5455 http cache cli-cursor@https://registry.npmjs.org/cli-cursor/-/cli-cursor-2.1.0.tgz 0ms (cache hit)
5456 http cache ee-first@https://registry.npmjs.org/ee-first/-/ee-first-1.1.1.tgz 0ms (cache hit)
5457 http cache proc-log@https://registry.npmjs.org/proc-log/-/proc-log-4.2.0.tgz 0ms (cache hit)
5458 http cache validate-npm-package-name@https://registry.npmjs.org/validate-npm-package-name/-/validate-npm-package-name-5.0.1.tgz 0ms (cache hit)
5459 http cache pngjs@https://registry.npmjs.org/pngjs/-/pngjs-3.4.0.tgz 0ms (cache hit)
5460 http cache whatwg-url@https://registry.npmjs.org/whatwg-url/-/whatwg-url-5.0.0.tgz 0ms (cache hit)
5461 http cache hosted-git-info@https://registry.npmjs.org/hosted-git-info/-/hosted-git-info-7.0.2.tgz 0ms (cache hit)
5462 http cache balanced-match@https://registry.npmjs.org/balanced-match/-/balanced-match-1.0.2.tgz 0ms (cache hit)
5463 http cache minimist@https://registry.npmjs.org/minimist/-/minimist-1.2.8.tgz 0ms (cache hit)
5464 http cache concat-map@https://registry.npmjs.org/concat-map/-/concat-map-0.0.1.tgz 0ms (cache hit)
5465 http cache brace-expansion@https://registry.npmjs.org/brace-expansion/-/brace-expansion-1.1.14.tgz 0ms (cache hit)
5466 http cache indent-string@https://registry.npmjs.org/indent-string/-/indent-string-4.0.0.tgz 0ms (cache hit)
5467 http cache to-regex-range@https://registry.npmjs.org/to-regex-range/-/to-regex-range-5.0.1.tgz 0ms (cache hit)
5468 http cache braces@https://registry.npmjs.org/braces/-/braces-3.0.3.tgz 0ms (cache hit)
5469 http cache fill-range@https://registry.npmjs.org/fill-range/-/fill-range-7.1.1.tgz 0ms (cache hit)
5470 http cache yocto-queue@https://registry.npmjs.org/yocto-queue/-/yocto-queue-0.1.0.tgz 0ms (cache hit)
5471 http cache buffer-fill@https://registry.npmjs.org/buffer-fill/-/buffer-fill-1.0.0.tgz 0ms (cache hit)
5472 http cache is-plain-obj@https://registry.npmjs.org/is-plain-obj/-/is-plain-obj-2.1.0.tgz 0ms (cache hit)
5473 http cache buffer-alloc-unsafe@https://registry.npmjs.org/buffer-alloc-unsafe/-/buffer-alloc-unsafe-1.1.0.tgz 0ms (cache hit)
5474 http cache buffer-alloc@https://registry.npmjs.org/buffer-alloc/-/buffer-alloc-1.2.0.tgz 0ms (cache hit)
5475 http cache crypt@https://registry.npmjs.org/crypt/-/crypt-0.0.2.tgz 0ms (cache hit)
5476 http cache is-buffer@https://registry.npmjs.org/is-buffer/-/is-buffer-1.1.6.tgz 0ms (cache hit)
5477 http cache yallist@https://registry.npmjs.org/yallist/-/yallist-3.1.1.tgz 0ms (cache hit)
5478 http cache charenc@https://registry.npmjs.org/charenc/-/charenc-0.0.2.tgz 0ms (cache hit)
5479 http cache pify@https://registry.npmjs.org/pify/-/pify-4.0.1.tgz 0ms (cache hit)
5480 http cache p-locate@https://registry.npmjs.org/p-locate/-/p-locate-5.0.0.tgz 0ms (cache hit)
5481 http cache lightningcss-darwin-x64@https://registry.npmjs.org/lightningcss-darwin-x64/-/lightningcss-darwin-x64-1.27.0.tgz 0ms (cache hit)
5482 http cache detect-libc@https://registry.npmjs.org/detect-libc/-/detect-libc-1.0.3.tgz 0ms (cache hit)
5483 http cache marky@https://registry.npmjs.org/marky/-/marky-1.3.0.tgz 0ms (cache hit)
5484 http cache isobject@https://registry.npmjs.org/isobject/-/isobject-3.0.1.tgz 0ms (cache hit)
5485 http cache kind-of@https://registry.npmjs.org/kind-of/-/kind-of-6.0.3.tgz 0ms (cache hit)
5486 http cache pkg-dir@https://registry.npmjs.org/pkg-dir/-/pkg-dir-3.0.0.tgz 0ms (cache hit)
5487 http cache commondir@https://registry.npmjs.org/commondir/-/commondir-1.0.1.tgz 0ms (cache hit)
5488 http cache shallow-clone@https://registry.npmjs.org/shallow-clone/-/shallow-clone-3.0.1.tgz 0ms (cache hit)
5489 http cache is-plain-object@https://registry.npmjs.org/is-plain-object/-/is-plain-object-2.0.4.tgz 0ms (cache hit)
5490 http cache pirates@https://registry.npmjs.org/pirates/-/pirates-4.0.7.tgz 0ms (cache hit)
5491 http cache clone-deep@https://registry.npmjs.org/clone-deep/-/clone-deep-4.0.1.tgz 0ms (cache hit)
5492 http cache make-dir@https://registry.npmjs.org/make-dir/-/make-dir-2.1.0.tgz 0ms (cache hit)
5493 http cache write-file-atomic@https://registry.npmjs.org/write-file-atomic/-/write-file-atomic-2.4.3.tgz 0ms (cache hit)
5494 http cache temp@https://registry.npmjs.org/temp/-/temp-0.8.4.tgz 0ms (cache hit)
5495 http cache node-dir@https://registry.npmjs.org/node-dir/-/node-dir-0.1.17.tgz 0ms (cache hit)
5496 http cache find-cache-dir@https://registry.npmjs.org/find-cache-dir/-/find-cache-dir-2.1.0.tgz 1ms (cache hit)
5497 http cache recast@https://registry.npmjs.org/recast/-/recast-0.21.5.tgz 0ms (cache hit)
5498 http cache babel-core@https://registry.npmjs.org/babel-core/-/babel-core-7.0.0-bridge.0.tgz 0ms (cache hit)
5499 http cache neo-async@https://registry.npmjs.org/neo-async/-/neo-async-2.6.2.tgz 0ms (cache hit)
5500 http cache flow-parser@https://registry.npmjs.org/flow-parser/-/flow-parser-0.314.0.tgz 0ms (cache hit)
5501 http cache @babel/register@https://registry.npmjs.org/@babel/register/-/register-7.29.3.tgz 0ms (cache hit)
5502 http cache @babel/preset-flow@https://registry.npmjs.org/@babel/preset-flow/-/preset-flow-7.27.1.tgz 0ms (cache hit)
5503 http cache argparse@https://registry.npmjs.org/argparse/-/argparse-2.0.1.tgz 0ms (cache hit)
5504 http cache @babel/plugin-proposal-optional-chaining@https://registry.npmjs.org/@babel/plugin-proposal-optional-chaining/-/plugin-proposal-optional-chaining-7.21.0.tgz 0ms (cache hit)
5505 http cache @babel/plugin-proposal-class-properties@https://registry.npmjs.org/@babel/plugin-proposal-class-properties/-/plugin-proposal-class-properties-7.18.6.tgz 0ms (cache hit)
5506 http cache @babel/plugin-proposal-nullish-coalescing-operator@https://registry.npmjs.org/@babel/plugin-proposal-nullish-coalescing-operator/-/plugin-proposal-nullish-coalescing-operator-7.18.6.tgz 0ms (cache hit)
5507 http cache strip-ansi-cjs@https://registry.npmjs.org/strip-ansi/-/strip-ansi-6.0.1.tgz 0ms (cache hit)
5508 http cache strip-ansi@https://registry.npmjs.org/strip-ansi/-/strip-ansi-7.2.0.tgz 0ms (cache hit)
5509 http cache string-width@https://registry.npmjs.org/string-width/-/string-width-5.1.2.tgz 0ms (cache hit)
5510 http cache string-width-cjs@https://registry.npmjs.org/string-width/-/string-width-4.2.3.tgz 0ms (cache hit)
5511 http cache wrap-ansi-cjs@https://registry.npmjs.org/wrap-ansi/-/wrap-ansi-7.0.0.tgz 0ms (cache hit)
5512 http cache object-keys@https://registry.npmjs.org/object-keys/-/object-keys-1.1.1.tgz 0ms (cache hit)
5513 http cache @isaacs/cliui@https://registry.npmjs.org/@isaacs/cliui/-/cliui-8.0.2.tgz 0ms (cache hit)
5514 http cache @pkgjs/parseargs@https://registry.npmjs.org/@pkgjs/parseargs/-/parseargs-0.11.0.tgz 0ms (cache hit)
5515 http cache has-property-descriptors@https://registry.npmjs.org/has-property-descriptors/-/has-property-descriptors-1.0.2.tgz 0ms (cache hit)
5516 http cache define-data-property@https://registry.npmjs.org/define-data-property/-/define-data-property-1.1.4.tgz 0ms (cache hit)
5517 http cache define-properties@https://registry.npmjs.org/define-properties/-/define-properties-1.2.1.tgz 0ms (cache hit)
5518 http cache is-extglob@https://registry.npmjs.org/is-extglob/-/is-extglob-2.1.1.tgz 0ms (cache hit)
5519 http cache strip-eof@https://registry.npmjs.org/strip-eof/-/strip-eof-1.0.0.tgz 0ms (cache hit)
5520 http cache pump@https://registry.npmjs.org/pump/-/pump-3.0.4.tgz 0ms (cache hit)
5521 http cache is-stream@https://registry.npmjs.org/is-stream/-/is-stream-1.1.0.tgz 0ms (cache hit)
5522 http cache p-finally@https://registry.npmjs.org/p-finally/-/p-finally-1.0.0.tgz 0ms (cache hit)
5523 http cache npm-run-path@https://registry.npmjs.org/npm-run-path/-/npm-run-path-2.0.2.tgz 0ms (cache hit)
5524 http cache get-stream@https://registry.npmjs.org/get-stream/-/get-stream-4.1.0.tgz 0ms (cache hit)
5525 http cache ip-regex@https://registry.npmjs.org/ip-regex/-/ip-regex-2.1.0.tgz 0ms (cache hit)
5526 http cache execa@https://registry.npmjs.org/execa/-/execa-1.0.0.tgz 0ms (cache hit)
5527 http cache ipaddr.js@https://registry.npmjs.org/ipaddr.js/-/ipaddr.js-1.9.1.tgz 0ms (cache hit)
5528 http cache is-glob@https://registry.npmjs.org/is-glob/-/is-glob-4.0.3.tgz 0ms (cache hit)
5529 http cache hermes-estree@https://registry.npmjs.org/hermes-estree/-/hermes-estree-0.23.1.tgz 0ms (cache hit)
5530 http cache signal-exit@https://registry.npmjs.org/signal-exit/-/signal-exit-4.1.0.tgz 0ms (cache hit)
5531 http cache path-scurry@https://registry.npmjs.org/path-scurry/-/path-scurry-1.11.1.tgz 0ms (cache hit)
5532 http cache package-json-from-dist@https://registry.npmjs.org/package-json-from-dist/-/package-json-from-dist-1.0.1.tgz 0ms (cache hit)
5533 http cache default-gateway@https://registry.npmjs.org/default-gateway/-/default-gateway-4.2.0.tgz 0ms (cache hit)
5534 http cache foreground-child@https://registry.npmjs.org/foreground-child/-/foreground-child-3.3.1.tgz 0ms (cache hit)
5535 http cache math-intrinsics@https://registry.npmjs.org/math-intrinsics/-/math-intrinsics-1.1.0.tgz 0ms (cache hit)
5536 http cache jackspeak@https://registry.npmjs.org/jackspeak/-/jackspeak-3.4.3.tgz 0ms (cache hit)
5537 http cache dunder-proto@https://registry.npmjs.org/dunder-proto/-/dunder-proto-1.0.1.tgz 0ms (cache hit)
5538 http cache has-symbols@https://registry.npmjs.org/has-symbols/-/has-symbols-1.1.0.tgz 0ms (cache hit)
5539 http cache gopd@https://registry.npmjs.org/gopd/-/gopd-1.2.0.tgz 0ms (cache hit)
5540 http cache jsonfile@https://registry.npmjs.org/jsonfile/-/jsonfile-4.0.0.tgz 0ms (cache hit)
5541 http cache es-object-atoms@https://registry.npmjs.org/es-object-atoms/-/es-object-atoms-1.1.1.tgz 0ms (cache hit)
5542 http cache universalify@https://registry.npmjs.org/universalify/-/universalify-0.1.2.tgz 0ms (cache hit)
5543 http cache has-tostringtag@https://registry.npmjs.org/has-tostringtag/-/has-tostringtag-1.0.2.tgz 0ms (cache hit)
5544 http cache graceful-fs@https://registry.npmjs.org/graceful-fs/-/graceful-fs-4.2.11.tgz 0ms (cache hit)
5545 http cache delayed-stream@https://registry.npmjs.org/delayed-stream/-/delayed-stream-1.0.0.tgz 0ms (cache hit)
5546 http cache get-proto@https://registry.npmjs.org/get-proto/-/get-proto-1.0.1.tgz 0ms (cache hit)
5547 http cache es-set-tostringtag@https://registry.npmjs.org/es-set-tostringtag/-/es-set-tostringtag-2.1.0.tgz 0ms (cache hit)
5548 http cache asynckit@https://registry.npmjs.org/asynckit/-/asynckit-0.4.0.tgz 0ms (cache hit)
5549 http cache path-exists@https://registry.npmjs.org/path-exists/-/path-exists-4.0.0.tgz 0ms (cache hit)
5550 http cache combined-stream@https://registry.npmjs.org/combined-stream/-/combined-stream-1.0.8.tgz 0ms (cache hit)
5551 http cache hasown@https://registry.npmjs.org/hasown/-/hasown-2.0.3.tgz 0ms (cache hit)
5552 http cache locate-path@https://registry.npmjs.org/locate-path/-/locate-path-6.0.0.tgz 0ms (cache hit)
5553 http cache unpipe@https://registry.npmjs.org/unpipe/-/unpipe-1.0.0.tgz 0ms (cache hit)
5554 http cache statuses@https://registry.npmjs.org/statuses/-/statuses-1.5.0.tgz 0ms (cache hit)
5555 http cache encodeurl@https://registry.npmjs.org/encodeurl/-/encodeurl-1.0.2.tgz 0ms (cache hit)
5556 http cache ua-parser-js@https://registry.npmjs.org/ua-parser-js/-/ua-parser-js-1.0.41.tgz 0ms (cache hit)
5557 http cache escape-html@https://registry.npmjs.org/escape-html/-/escape-html-1.0.3.tgz 0ms (cache hit)
5558 http cache on-finished@https://registry.npmjs.org/on-finished/-/on-finished-2.3.0.tgz 0ms (cache hit)
5559 http cache promise@https://registry.npmjs.org/promise/-/promise-7.3.1.tgz 0ms (cache hit)
5560 http cache object-assign@https://registry.npmjs.org/object-assign/-/object-assign-4.1.1.tgz 0ms (cache hit)
5561 http cache loose-envify@https://registry.npmjs.org/loose-envify/-/loose-envify-1.4.0.tgz 0ms (cache hit)
5562 http cache setimmediate@https://registry.npmjs.org/setimmediate/-/setimmediate-1.0.5.tgz 0ms (cache hit)
5563 http cache fbjs-css-vars@https://registry.npmjs.org/fbjs-css-vars/-/fbjs-css-vars-1.0.2.tgz 0ms (cache hit)
5564 http cache cross-fetch@https://registry.npmjs.org/cross-fetch/-/cross-fetch-3.2.0.tgz 0ms (cache hit)
5565 http cache fbjs@https://registry.npmjs.org/fbjs/-/fbjs-3.0.5.tgz 0ms (cache hit)
5566 http cache reusify@https://registry.npmjs.org/reusify/-/reusify-1.1.0.tgz 0ms (cache hit)
5567 http cache run-parallel@https://registry.npmjs.org/run-parallel/-/run-parallel-1.2.0.tgz 0ms (cache hit)
5568 http cache micromatch@https://registry.npmjs.org/micromatch/-/micromatch-4.0.8.tgz 0ms (cache hit)
5569 http cache @nodelib/fs.scandir@https://registry.npmjs.org/@nodelib/fs.scandir/-/fs.scandir-2.1.5.tgz 0ms (cache hit)
5570 http cache merge2@https://registry.npmjs.org/merge2/-/merge2-1.4.1.tgz 0ms (cache hit)
5571 http cache fastq@https://registry.npmjs.org/fastq/-/fastq-1.20.1.tgz 0ms (cache hit)
5572 http cache glob-parent@https://registry.npmjs.org/glob-parent/-/glob-parent-5.1.2.tgz 0ms (cache hit)
5573 http cache @nodelib/fs.stat@https://registry.npmjs.org/@nodelib/fs.stat/-/fs.stat-2.0.5.tgz 0ms (cache hit)
5574 http cache simple-swizzle@https://registry.npmjs.org/simple-swizzle/-/simple-swizzle-0.2.4.tgz 0ms (cache hit)
5575 http cache color-string@https://registry.npmjs.org/color-string/-/color-string-1.9.1.tgz 0ms (cache hit)
5576 http cache @nodelib/fs.walk@https://registry.npmjs.org/@nodelib/fs.walk/-/fs.walk-1.2.8.tgz 0ms (cache hit)
5577 http cache warn-once@https://registry.npmjs.org/warn-once/-/warn-once-0.1.1.tgz 0ms (cache hit)
5578 http cache react-is@https://registry.npmjs.org/react-is/-/react-is-19.2.6.tgz 0ms (cache hit)
5579 http cache @react-navigation/routers@https://registry.npmjs.org/@react-navigation/routers/-/routers-7.5.5.tgz 0ms (cache hit)
5580 http cache nanoid@https://registry.npmjs.org/nanoid/-/nanoid-3.3.12.tgz 0ms (cache hit)
5581 http cache query-string@https://registry.npmjs.org/query-string/-/query-string-7.1.3.tgz 0ms (cache hit)
5582 http cache fast-deep-equal@https://registry.npmjs.org/fast-deep-equal/-/fast-deep-equal-3.1.3.tgz 0ms (cache hit)
5583 http cache @react-navigation/core@https://registry.npmjs.org/@react-navigation/core/-/core-7.17.4.tgz 0ms (cache hit)
5584 http cache use-sync-external-store@https://registry.npmjs.org/use-sync-external-store/-/use-sync-external-store-1.6.0.tgz 0ms (cache hit)
5585 http cache sf-symbols-typescript@https://registry.npmjs.org/sf-symbols-typescript/-/sf-symbols-typescript-2.2.0.tgz 0ms (cache hit)
5586 http cache use-latest-callback@https://registry.npmjs.org/use-latest-callback/-/use-latest-callback-0.2.6.tgz 0ms (cache hit)
5587 http cache color@https://registry.npmjs.org/color/-/color-4.2.3.tgz 0ms (cache hit)
5588 http cache server-only@https://registry.npmjs.org/server-only/-/server-only-0.0.1.tgz 0ms (cache hit)
5589 http cache @radix-ui/react-compose-refs@https://registry.npmjs.org/@radix-ui/react-compose-refs/-/react-compose-refs-1.0.0.tgz 0ms (cache hit)
5590 http cache @react-navigation/elements@https://registry.npmjs.org/@react-navigation/elements/-/elements-2.9.18.tgz 0ms (cache hit)
5591 http cache schema-utils@https://registry.npmjs.org/schema-utils/-/schema-utils-4.3.3.tgz 0ms (cache hit)
5592 http cache react-native-helmet-async@https://registry.npmjs.org/react-native-helmet-async/-/react-native-helmet-async-2.0.4.tgz 0ms (cache hit)
5593 http cache client-only@https://registry.npmjs.org/client-only/-/client-only-0.0.1.tgz 0ms (cache hit)
5594 http cache react-native-is-edge-to-edge@https://registry.npmjs.org/react-native-is-edge-to-edge/-/react-native-is-edge-to-edge-1.3.1.tgz 0ms (cache hit)
5595 http cache react-helmet-async@https://registry.npmjs.org/react-helmet-async/-/react-helmet-async-1.3.0.tgz 0ms (cache hit)
5596 http cache @react-navigation/native@https://registry.npmjs.org/@react-navigation/native/-/native-7.2.4.tgz 0ms (cache hit)
5597 http cache @react-navigation/native-stack@https://registry.npmjs.org/@react-navigation/native-stack/-/native-stack-7.15.1.tgz 0ms (cache hit)
5598 http cache @react-navigation/bottom-tabs@https://registry.npmjs.org/@react-navigation/bottom-tabs/-/bottom-tabs-7.16.1.tgz 0ms (cache hit)
5599 http cache @radix-ui/react-slot@https://registry.npmjs.org/@radix-ui/react-slot/-/react-slot-1.0.1.tgz 0ms (cache hit)
5600 http cache @expo/server@https://registry.npmjs.org/@expo/server/-/server-0.5.3.tgz 0ms (cache hit)
5601 http cache @expo/metro-runtime@https://registry.npmjs.org/@expo/metro-runtime/-/metro-runtime-4.0.1.tgz 0ms (cache hit)
5602 http cache function-bind@https://registry.npmjs.org/function-bind/-/function-bind-1.1.2.tgz 0ms (cache hit)
5603 http cache set-function-length@https://registry.npmjs.org/set-function-length/-/set-function-length-1.2.2.tgz 0ms (cache hit)
5604 http cache es-errors@https://registry.npmjs.org/es-errors/-/es-errors-1.3.0.tgz 0ms (cache hit)
5605 http cache get-intrinsic@https://registry.npmjs.org/get-intrinsic/-/get-intrinsic-1.3.0.tgz 0ms (cache hit)
5606 http cache es-define-property@https://registry.npmjs.org/es-define-property/-/es-define-property-1.0.1.tgz 0ms (cache hit)
5607 http cache call-bind-apply-helpers@https://registry.npmjs.org/call-bind-apply-helpers/-/call-bind-apply-helpers-1.0.2.tgz 0ms (cache hit)
5608 http cache util@https://registry.npmjs.org/util/-/util-0.12.5.tgz 0ms (cache hit)
5609 http cache object.assign@https://registry.npmjs.org/object.assign/-/object.assign-4.1.7.tgz 0ms (cache hit)
5610 http cache is-nan@https://registry.npmjs.org/is-nan/-/is-nan-1.3.2.tgz 0ms (cache hit)
5611 http cache call-bind@https://registry.npmjs.org/call-bind/-/call-bind-1.0.9.tgz 0ms (cache hit)
5612 http cache event-target-shim@https://registry.npmjs.org/event-target-shim/-/event-target-shim-5.0.1.tgz 0ms (cache hit)
5613 http cache object-is@https://registry.npmjs.org/object-is/-/object-is-1.1.6.tgz 0ms (cache hit)
5614 http cache badgin@https://registry.npmjs.org/badgin/-/badgin-1.2.3.tgz 0ms (cache hit)
5615 http cache expo-application@https://registry.npmjs.org/expo-application/-/expo-application-6.0.2.tgz 0ms (cache hit)
5616 http cache assert@https://registry.npmjs.org/assert/-/assert-2.1.0.tgz 0ms (cache hit)
5617 http cache @ide/backoff@https://registry.npmjs.org/@ide/backoff/-/backoff-1.0.0.tgz 0ms (cache hit)
5618 http cache abort-controller@https://registry.npmjs.org/abort-controller/-/abort-controller-3.0.0.tgz 0ms (cache hit)
5619 http cache commander@https://registry.npmjs.org/commander/-/commander-7.2.0.tgz 0ms (cache hit)
5620 http cache expo-image-loader@https://registry.npmjs.org/expo-image-loader/-/expo-image-loader-5.0.0.tgz 0ms (cache hit)
5621 http cache fontfaceobserver@https://registry.npmjs.org/fontfaceobserver/-/fontfaceobserver-2.3.0.tgz 0ms (cache hit)
5622 http cache md5-file@https://registry.npmjs.org/md5-file/-/md5-file-3.2.3.tgz 0ms (cache hit)
5623 http cache which@https://registry.npmjs.org/which/-/which-2.0.2.tgz 0ms (cache hit)
5624 http cache utils-merge@https://registry.npmjs.org/utils-merge/-/utils-merge-1.0.1.tgz 0ms (cache hit)
5625 http cache path-key@https://registry.npmjs.org/path-key/-/path-key-3.1.1.tgz 0ms (cache hit)
5626 http cache shebang-command@https://registry.npmjs.org/shebang-command/-/shebang-command-2.0.0.tgz 0ms (cache hit)
5627 http cache mime-db@https://registry.npmjs.org/mime-db/-/mime-db-1.54.0.tgz 0ms (cache hit)
5628 http cache vary@https://registry.npmjs.org/vary/-/vary-1.1.2.tgz 0ms (cache hit)
5629 http cache finalhandler@https://registry.npmjs.org/finalhandler/-/finalhandler-1.1.2.tgz 0ms (cache hit)
5630 http cache parseurl@https://registry.npmjs.org/parseurl/-/parseurl-1.3.3.tgz 0ms (cache hit)
5631 http cache safe-buffer@https://registry.npmjs.org/safe-buffer/-/safe-buffer-5.2.1.tgz 0ms (cache hit)
5632 http cache on-headers@https://registry.npmjs.org/on-headers/-/on-headers-1.1.0.tgz 0ms (cache hit)
5633 http cache compressible@https://registry.npmjs.org/compressible/-/compressible-2.0.18.tgz 0ms (cache hit)
5634 http cache bytes@https://registry.npmjs.org/bytes/-/bytes-3.1.2.tgz 0ms (cache hit)
5635 http cache color-name@https://registry.npmjs.org/color-name/-/color-name-1.1.4.tgz 0ms (cache hit)
5636 http cache rimraf@https://registry.npmjs.org/rimraf/-/rimraf-3.0.2.tgz 0ms (cache hit)
5637 http cache undici-types@https://registry.npmjs.org/undici-types/-/undici-types-7.24.6.tgz 0ms (cache hit)
5638 http cache lighthouse-logger@https://registry.npmjs.org/lighthouse-logger/-/lighthouse-logger-1.4.2.tgz 0ms (cache hit)
5639 http cache @types/node@https://registry.npmjs.org/@types/node/-/node-25.8.0.tgz 0ms (cache hit)
5640 http cache escape-string-regexp@https://registry.npmjs.org/escape-string-regexp/-/escape-string-regexp-4.0.0.tgz 0ms (cache hit)
5641 http cache color-convert@https://registry.npmjs.org/color-convert/-/color-convert-2.0.1.tgz 0ms (cache hit)
5642 http cache supports-color@https://registry.npmjs.org/supports-color/-/supports-color-7.2.0.tgz 0ms (cache hit)
5643 http cache ansi-styles@https://registry.npmjs.org/ansi-styles/-/ansi-styles-4.3.0.tgz 0ms (cache hit)
5644 http cache unique-filename@https://registry.npmjs.org/unique-filename/-/unique-filename-3.0.0.tgz 0ms (cache hit)
5645 http cache ssri@https://registry.npmjs.org/ssri/-/ssri-10.0.6.tgz 0ms (cache hit)
5646 http cache p-map@https://registry.npmjs.org/p-map/-/p-map-4.0.0.tgz 0ms (cache hit)
5647 http cache minipass-flush@https://registry.npmjs.org/minipass-flush/-/minipass-flush-1.0.7.tgz 0ms (cache hit)
5648 http cache minipass-collect@https://registry.npmjs.org/minipass-collect/-/minipass-collect-2.0.1.tgz 0ms (cache hit)
5649 http cache fs-minipass@https://registry.npmjs.org/fs-minipass/-/fs-minipass-3.0.3.tgz 0ms (cache hit)
5650 http cache @npmcli/fs@https://registry.npmjs.org/@npmcli/fs/-/fs-3.1.1.tgz 0ms (cache hit)
5651 http cache minipass@https://registry.npmjs.org/minipass/-/minipass-7.1.3.tgz 0ms (cache hit)
5652 http cache big-integer@https://registry.npmjs.org/big-integer/-/big-integer-1.6.52.tgz 0ms (cache hit)
5653 http cache stream-buffers@https://registry.npmjs.org/stream-buffers/-/stream-buffers-2.2.0.tgz 0ms (cache hit)
5654 http cache @babel/helper-define-polyfill-provider@https://registry.npmjs.org/@babel/helper-define-polyfill-provider/-/helper-define-polyfill-provider-0.6.8.tgz 0ms (cache hit)
5655 http cache minipass-pipeline@https://registry.npmjs.org/minipass-pipeline/-/minipass-pipeline-1.2.4.tgz 0ms (cache hit)
5656 http cache yargs@https://registry.npmjs.org/yargs/-/yargs-17.7.2.tgz 0ms (cache hit)
5657 http cache hermes-parser@https://registry.npmjs.org/hermes-parser/-/hermes-parser-0.23.1.tgz 0ms (cache hit)
5658 http cache mkdirp@https://registry.npmjs.org/mkdirp/-/mkdirp-0.5.6.tgz 0ms (cache hit)
5659 http cache jscodeshift@https://registry.npmjs.org/jscodeshift/-/jscodeshift-0.14.0.tgz 0ms (cache hit)
5660 http cache esutils@https://registry.npmjs.org/esutils/-/esutils-2.0.3.tgz 0ms (cache hit)
5661 http cache core-js-compat@https://registry.npmjs.org/core-js-compat/-/core-js-compat-3.49.0.tgz 0ms (cache hit)
5662 http cache @babel/preset-modules@https://registry.npmjs.org/@babel/preset-modules/-/preset-modules-0.1.6-no-external-plugins.tgz 0ms (cache hit)
5663 http cache @babel/plugin-transform-unicode-property-regex@https://registry.npmjs.org/@babel/plugin-transform-unicode-property-regex/-/plugin-transform-unicode-property-regex-7.28.6.tgz 0ms (cache hit)
5664 http cache @babel/plugin-transform-unicode-escapes@https://registry.npmjs.org/@babel/plugin-transform-unicode-escapes/-/plugin-transform-unicode-escapes-7.27.1.tgz 0ms (cache hit)
5665 http cache @babel/plugin-transform-typeof-symbol@https://registry.npmjs.org/@babel/plugin-transform-typeof-symbol/-/plugin-transform-typeof-symbol-7.27.1.tgz 0ms (cache hit)
5666 http cache @babel/plugin-transform-template-literals@https://registry.npmjs.org/@babel/plugin-transform-template-literals/-/plugin-transform-template-literals-7.27.1.tgz 0ms (cache hit)
5667 http cache @babel/plugin-transform-unicode-sets-regex@https://registry.npmjs.org/@babel/plugin-transform-unicode-sets-regex/-/plugin-transform-unicode-sets-regex-7.28.6.tgz 0ms (cache hit)
5668 http cache @babel/plugin-transform-reserved-words@https://registry.npmjs.org/@babel/plugin-transform-reserved-words/-/plugin-transform-reserved-words-7.27.1.tgz 0ms (cache hit)
5669 http cache @babel/plugin-transform-regexp-modifiers@https://registry.npmjs.org/@babel/plugin-transform-regexp-modifiers/-/plugin-transform-regexp-modifiers-7.28.6.tgz 0ms (cache hit)
5670 http cache @babel/plugin-transform-object-super@https://registry.npmjs.org/@babel/plugin-transform-object-super/-/plugin-transform-object-super-7.27.1.tgz 0ms (cache hit)
5671 http cache @babel/plugin-transform-property-literals@https://registry.npmjs.org/@babel/plugin-transform-property-literals/-/plugin-transform-property-literals-7.27.1.tgz 0ms (cache hit)
5672 http cache @babel/plugin-transform-new-target@https://registry.npmjs.org/@babel/plugin-transform-new-target/-/plugin-transform-new-target-7.27.1.tgz 0ms (cache hit)
5673 http cache @babel/plugin-transform-modules-systemjs@https://registry.npmjs.org/@babel/plugin-transform-modules-systemjs/-/plugin-transform-modules-systemjs-7.29.4.tgz 0ms (cache hit)
5674 http cache @babel/plugin-transform-member-expression-literals@https://registry.npmjs.org/@babel/plugin-transform-member-expression-literals/-/plugin-transform-member-expression-literals-7.27.1.tgz 0ms (cache hit)
5675 http cache @babel/plugin-transform-modules-umd@https://registry.npmjs.org/@babel/plugin-transform-modules-umd/-/plugin-transform-modules-umd-7.27.1.tgz 0ms (cache hit)
5676 http cache @babel/plugin-transform-modules-amd@https://registry.npmjs.org/@babel/plugin-transform-modules-amd/-/plugin-transform-modules-amd-7.27.1.tgz 0ms (cache hit)
5677 http cache @babel/plugin-transform-json-strings@https://registry.npmjs.org/@babel/plugin-transform-json-strings/-/plugin-transform-json-strings-7.28.6.tgz 0ms (cache hit)
5678 http cache @babel/plugin-transform-explicit-resource-management@https://registry.npmjs.org/@babel/plugin-transform-explicit-resource-management/-/plugin-transform-explicit-resource-management-7.28.6.tgz 0ms (cache hit)
5679 http cache @babel/plugin-transform-exponentiation-operator@https://registry.npmjs.org/@babel/plugin-transform-exponentiation-operator/-/plugin-transform-exponentiation-operator-7.28.6.tgz 0ms (cache hit)
5680 http cache @babel/plugin-transform-dynamic-import@https://registry.npmjs.org/@babel/plugin-transform-dynamic-import/-/plugin-transform-dynamic-import-7.27.1.tgz 0ms (cache hit)
5681 http cache @babel/plugin-transform-duplicate-named-capturing-groups-regex@https://registry.npmjs.org/@babel/plugin-transform-duplicate-named-capturing-groups-regex/-/plugin-transform-duplicate-named-capturing-groups-regex-7.29.0.tgz 0ms (cache hit)
5682 http cache @babel/plugin-transform-dotall-regex@https://registry.npmjs.org/@babel/plugin-transform-dotall-regex/-/plugin-transform-dotall-regex-7.28.6.tgz 0ms (cache hit)
5683 http cache @babel/plugin-transform-class-static-block@https://registry.npmjs.org/@babel/plugin-transform-class-static-block/-/plugin-transform-class-static-block-7.28.6.tgz 0ms (cache hit)
5684 http cache @babel/plugin-transform-duplicate-keys@https://registry.npmjs.org/@babel/plugin-transform-duplicate-keys/-/plugin-transform-duplicate-keys-7.27.1.tgz 0ms (cache hit)
5685 http cache @babel/plugin-transform-block-scoped-functions@https://registry.npmjs.org/@babel/plugin-transform-block-scoped-functions/-/plugin-transform-block-scoped-functions-7.27.1.tgz 0ms (cache hit)
5686 http cache @babel/plugin-syntax-unicode-sets-regex@https://registry.npmjs.org/@babel/plugin-syntax-unicode-sets-regex/-/plugin-syntax-unicode-sets-regex-7.18.6.tgz 0ms (cache hit)
5687 http cache @babel/plugin-syntax-import-assertions@https://registry.npmjs.org/@babel/plugin-syntax-import-assertions/-/plugin-syntax-import-assertions-7.28.6.tgz 1ms (cache hit)
5688 http cache @babel/plugin-proposal-private-property-in-object@https://registry.npmjs.org/@babel/plugin-proposal-private-property-in-object/-/plugin-proposal-private-property-in-object-7.21.0-placeholder-for-preset-env.2.tgz 0ms (cache hit)
5689 http cache @babel/plugin-syntax-import-attributes@https://registry.npmjs.org/@babel/plugin-syntax-import-attributes/-/plugin-syntax-import-attributes-7.28.6.tgz 0ms (cache hit)
5690 http cache @babel/plugin-bugfix-v8-static-class-fields-redefine-readonly@https://registry.npmjs.org/@babel/plugin-bugfix-v8-static-class-fields-redefine-readonly/-/plugin-bugfix-v8-static-class-fields-redefine-readonly-7.28.6.tgz 0ms (cache hit)
5691 http cache @babel/plugin-bugfix-v8-spread-parameters-in-optional-chaining@https://registry.npmjs.org/@babel/plugin-bugfix-v8-spread-parameters-in-optional-chaining/-/plugin-bugfix-v8-spread-parameters-in-optional-chaining-7.27.1.tgz 0ms (cache hit)
5692 http cache @babel/plugin-bugfix-safari-id-destructuring-collision-in-function-expression@https://registry.npmjs.org/@babel/plugin-bugfix-safari-id-destructuring-collision-in-function-expression/-/plugin-bugfix-safari-id-destructuring-collision-in-function-expression-7.27.1.tgz 0ms (cache hit)
5693 http cache @babel/plugin-bugfix-safari-rest-destructuring-rhs-array@https://registry.npmjs.org/@babel/plugin-bugfix-safari-rest-destructuring-rhs-array/-/plugin-bugfix-safari-rest-destructuring-rhs-array-7.29.3.tgz 0ms (cache hit)
5694 http cache @babel/plugin-bugfix-safari-class-field-initializer-scope@https://registry.npmjs.org/@babel/plugin-bugfix-safari-class-field-initializer-scope/-/plugin-bugfix-safari-class-field-initializer-scope-7.27.1.tgz 0ms (cache hit)
5695 http cache @babel/plugin-bugfix-firefox-class-in-computed-class-key@https://registry.npmjs.org/@babel/plugin-bugfix-firefox-class-in-computed-class-key/-/plugin-bugfix-firefox-class-in-computed-class-key-7.28.5.tgz 0ms (cache hit)
5696 http cache @react-native/codegen@https://registry.npmjs.org/@react-native/codegen/-/codegen-0.76.9.tgz 0ms (cache hit)
5697 http cache babel-plugin-polyfill-regenerator@https://registry.npmjs.org/babel-plugin-polyfill-regenerator/-/babel-plugin-polyfill-regenerator-0.6.8.tgz 0ms (cache hit)
5698 http cache babel-plugin-polyfill-corejs3@https://registry.npmjs.org/babel-plugin-polyfill-corejs3/-/babel-plugin-polyfill-corejs3-0.13.0.tgz 0ms (cache hit)
5699 http cache @babel/preset-env@https://registry.npmjs.org/@babel/preset-env/-/preset-env-7.29.5.tgz 0ms (cache hit)
5700 http cache babel-plugin-polyfill-corejs2@https://registry.npmjs.org/babel-plugin-polyfill-corejs2/-/babel-plugin-polyfill-corejs2-0.4.17.tgz 0ms (cache hit)
5701 http cache regexpu-core@https://registry.npmjs.org/regexpu-core/-/regexpu-core-6.4.0.tgz 0ms (cache hit)
5702 http cache @babel/helper-create-regexp-features-plugin@https://registry.npmjs.org/@babel/helper-create-regexp-features-plugin/-/helper-create-regexp-features-plugin-7.28.5.tgz 0ms (cache hit)
5703 http cache @babel/plugin-syntax-flow@https://registry.npmjs.org/@babel/plugin-syntax-flow/-/plugin-syntax-flow-7.28.6.tgz 0ms (cache hit)
5704 http cache @babel/helper-wrap-function@https://registry.npmjs.org/@babel/helper-wrap-function/-/helper-wrap-function-7.28.6.tgz 0ms (cache hit)
5705 http cache @babel/helper-remap-async-to-generator@https://registry.npmjs.org/@babel/helper-remap-async-to-generator/-/helper-remap-async-to-generator-7.27.1.tgz 0ms (cache hit)
5706 http cache babel-plugin-syntax-hermes-parser@https://registry.npmjs.org/babel-plugin-syntax-hermes-parser/-/babel-plugin-syntax-hermes-parser-0.25.1.tgz 0ms (cache hit)
5707 http cache @react-native/babel-plugin-codegen@https://registry.npmjs.org/@react-native/babel-plugin-codegen/-/babel-plugin-codegen-0.76.9.tgz 0ms (cache hit)
5708 http cache @babel/plugin-transform-unicode-regex@https://registry.npmjs.org/@babel/plugin-transform-unicode-regex/-/plugin-transform-unicode-regex-7.27.1.tgz 0ms (cache hit)
5709 http cache babel-plugin-transform-flow-enums@https://registry.npmjs.org/babel-plugin-transform-flow-enums/-/babel-plugin-transform-flow-enums-0.0.2.tgz 0ms (cache hit)
5710 http cache @babel/plugin-transform-sticky-regex@https://registry.npmjs.org/@babel/plugin-transform-sticky-regex/-/plugin-transform-sticky-regex-7.27.1.tgz 0ms (cache hit)
5711 http cache @babel/plugin-transform-spread@https://registry.npmjs.org/@babel/plugin-transform-spread/-/plugin-transform-spread-7.28.6.tgz 0ms (cache hit)
5712 http cache @babel/plugin-transform-shorthand-properties@https://registry.npmjs.org/@babel/plugin-transform-shorthand-properties/-/plugin-transform-shorthand-properties-7.27.1.tgz 0ms (cache hit)
5713 http cache @babel/plugin-transform-regenerator@https://registry.npmjs.org/@babel/plugin-transform-regenerator/-/plugin-transform-regenerator-7.29.0.tgz 0ms (cache hit)
5714 http cache @babel/plugin-transform-runtime@https://registry.npmjs.org/@babel/plugin-transform-runtime/-/plugin-transform-runtime-7.29.0.tgz 0ms (cache hit)
5715 http cache @babel/plugin-transform-react-jsx-source@https://registry.npmjs.org/@babel/plugin-transform-react-jsx-source/-/plugin-transform-react-jsx-source-7.27.1.tgz 0ms (cache hit)
5716 http cache @babel/plugin-transform-react-jsx-self@https://registry.npmjs.org/@babel/plugin-transform-react-jsx-self/-/plugin-transform-react-jsx-self-7.27.1.tgz 1ms (cache hit)
5717 http cache @babel/plugin-transform-private-property-in-object@https://registry.npmjs.org/@babel/plugin-transform-private-property-in-object/-/plugin-transform-private-property-in-object-7.28.6.tgz 0ms (cache hit)
5718 http cache @babel/plugin-transform-private-methods@https://registry.npmjs.org/@babel/plugin-transform-private-methods/-/plugin-transform-private-methods-7.28.6.tgz 0ms (cache hit)
5719 http cache @babel/plugin-transform-optional-chaining@https://registry.npmjs.org/@babel/plugin-transform-optional-chaining/-/plugin-transform-optional-chaining-7.28.6.tgz 0ms (cache hit)
5720 http cache @babel/plugin-transform-numeric-separator@https://registry.npmjs.org/@babel/plugin-transform-numeric-separator/-/plugin-transform-numeric-separator-7.28.6.tgz 0ms (cache hit)
5721 http cache @babel/plugin-transform-optional-catch-binding@https://registry.npmjs.org/@babel/plugin-transform-optional-catch-binding/-/plugin-transform-optional-catch-binding-7.28.6.tgz 0ms (cache hit)
5722 http cache @babel/plugin-transform-named-capturing-groups-regex@https://registry.npmjs.org/@babel/plugin-transform-named-capturing-groups-regex/-/plugin-transform-named-capturing-groups-regex-7.29.0.tgz 0ms (cache hit)
5723 http cache @babel/plugin-transform-nullish-coalescing-operator@https://registry.npmjs.org/@babel/plugin-transform-nullish-coalescing-operator/-/plugin-transform-nullish-coalescing-operator-7.28.6.tgz 0ms (cache hit)
5724 http cache @babel/plugin-transform-logical-assignment-operators@https://registry.npmjs.org/@babel/plugin-transform-logical-assignment-operators/-/plugin-transform-logical-assignment-operators-7.28.6.tgz 0ms (cache hit)
5725 http cache @babel/plugin-transform-literals@https://registry.npmjs.org/@babel/plugin-transform-literals/-/plugin-transform-literals-7.27.1.tgz 0ms (cache hit)
5726 http cache @babel/plugin-transform-function-name@https://registry.npmjs.org/@babel/plugin-transform-function-name/-/plugin-transform-function-name-7.27.1.tgz 0ms (cache hit)
5727 http cache @babel/plugin-transform-for-of@https://registry.npmjs.org/@babel/plugin-transform-for-of/-/plugin-transform-for-of-7.27.1.tgz 0ms (cache hit)
5728 http cache @babel/plugin-transform-flow-strip-types@https://registry.npmjs.org/@babel/plugin-transform-flow-strip-types/-/plugin-transform-flow-strip-types-7.27.1.tgz 0ms (cache hit)
5729 http cache @babel/plugin-transform-computed-properties@https://registry.npmjs.org/@babel/plugin-transform-computed-properties/-/plugin-transform-computed-properties-7.28.6.tgz 0ms (cache hit)
5730 http cache @babel/plugin-transform-classes@https://registry.npmjs.org/@babel/plugin-transform-classes/-/plugin-transform-classes-7.28.6.tgz 0ms (cache hit)
5731 http cache @babel/plugin-transform-class-properties@https://registry.npmjs.org/@babel/plugin-transform-class-properties/-/plugin-transform-class-properties-7.28.6.tgz 0ms (cache hit)
5732 http cache @babel/plugin-transform-block-scoping@https://registry.npmjs.org/@babel/plugin-transform-block-scoping/-/plugin-transform-block-scoping-7.28.6.tgz 0ms (cache hit)
5733 http cache @babel/plugin-transform-async-to-generator@https://registry.npmjs.org/@babel/plugin-transform-async-to-generator/-/plugin-transform-async-to-generator-7.28.6.tgz 0ms (cache hit)
5734 http cache @babel/plugin-transform-async-generator-functions@https://registry.npmjs.org/@babel/plugin-transform-async-generator-functions/-/plugin-transform-async-generator-functions-7.29.0.tgz 0ms (cache hit)
5735 http cache @babel/plugin-transform-arrow-functions@https://registry.npmjs.org/@babel/plugin-transform-arrow-functions/-/plugin-transform-arrow-functions-7.27.1.tgz 0ms (cache hit)
5736 http cache @babel/plugin-syntax-optional-chaining@https://registry.npmjs.org/@babel/plugin-syntax-optional-chaining/-/plugin-syntax-optional-chaining-7.8.3.tgz 0ms (cache hit)
5737 http cache @babel/plugin-syntax-nullish-coalescing-operator@https://registry.npmjs.org/@babel/plugin-syntax-nullish-coalescing-operator/-/plugin-syntax-nullish-coalescing-operator-7.8.3.tgz 0ms (cache hit)
5738 http cache @babel/plugin-syntax-dynamic-import@https://registry.npmjs.org/@babel/plugin-syntax-dynamic-import/-/plugin-syntax-dynamic-import-7.8.3.tgz 0ms (cache hit)
5739 http cache @babel/plugin-syntax-export-default-from@https://registry.npmjs.org/@babel/plugin-syntax-export-default-from/-/plugin-syntax-export-default-from-7.28.6.tgz 0ms (cache hit)
5740 http cache @babel/plugin-proposal-export-default-from@https://registry.npmjs.org/@babel/plugin-proposal-export-default-from/-/plugin-proposal-export-default-from-7.27.1.tgz 0ms (cache hit)
5741 http cache @babel/plugin-syntax-typescript@https://registry.npmjs.org/@babel/plugin-syntax-typescript/-/plugin-syntax-typescript-7.28.6.tgz 0ms (cache hit)
5742 http cache @babel/plugin-transform-typescript@https://registry.npmjs.org/@babel/plugin-transform-typescript/-/plugin-transform-typescript-7.28.6.tgz 0ms (cache hit)
5743 http cache @babel/plugin-transform-modules-commonjs@https://registry.npmjs.org/@babel/plugin-transform-modules-commonjs/-/plugin-transform-modules-commonjs-7.28.6.tgz 0ms (cache hit)
5744 http cache @babel/plugin-syntax-jsx@https://registry.npmjs.org/@babel/plugin-syntax-jsx/-/plugin-syntax-jsx-7.28.6.tgz 0ms (cache hit)
5745 http cache @babel/plugin-transform-react-pure-annotations@https://registry.npmjs.org/@babel/plugin-transform-react-pure-annotations/-/plugin-transform-react-pure-annotations-7.27.1.tgz 0ms (cache hit)
5746 http cache @babel/plugin-transform-react-jsx@https://registry.npmjs.org/@babel/plugin-transform-react-jsx/-/plugin-transform-react-jsx-7.28.6.tgz 0ms (cache hit)
5747 http cache @babel/plugin-transform-react-display-name@https://registry.npmjs.org/@babel/plugin-transform-react-display-name/-/plugin-transform-react-display-name-7.28.0.tgz 0ms (cache hit)
5748 http cache @babel/plugin-transform-destructuring@https://registry.npmjs.org/@babel/plugin-transform-destructuring/-/plugin-transform-destructuring-7.28.5.tgz 0ms (cache hit)
5749 http cache @babel/plugin-transform-react-jsx-development@https://registry.npmjs.org/@babel/plugin-transform-react-jsx-development/-/plugin-transform-react-jsx-development-7.27.1.tgz 0ms (cache hit)
5750 http cache @babel/helper-skip-transparent-expression-wrappers@https://registry.npmjs.org/@babel/helper-skip-transparent-expression-wrappers/-/helper-skip-transparent-expression-wrappers-7.27.1.tgz 0ms (cache hit)
5751 http cache @babel/helper-replace-supers@https://registry.npmjs.org/@babel/helper-replace-supers/-/helper-replace-supers-7.28.6.tgz 0ms (cache hit)
5752 http cache @babel/helper-optimise-call-expression@https://registry.npmjs.org/@babel/helper-optimise-call-expression/-/helper-optimise-call-expression-7.27.1.tgz 0ms (cache hit)
5753 http cache @babel/helper-member-expression-to-functions@https://registry.npmjs.org/@babel/helper-member-expression-to-functions/-/helper-member-expression-to-functions-7.28.5.tgz 0ms (cache hit)
5754 http cache @babel/plugin-syntax-decorators@https://registry.npmjs.org/@babel/plugin-syntax-decorators/-/plugin-syntax-decorators-7.28.6.tgz 0ms (cache hit)
5755 http cache @babel/helper-plugin-utils@https://registry.npmjs.org/@babel/helper-plugin-utils/-/helper-plugin-utils-7.28.6.tgz 0ms (cache hit)
5756 http cache @babel/helper-create-class-features-plugin@https://registry.npmjs.org/@babel/helper-create-class-features-plugin/-/helper-create-class-features-plugin-7.29.3.tgz 0ms (cache hit)
5757 http cache @babel/helper-annotate-as-pure@https://registry.npmjs.org/@babel/helper-annotate-as-pure/-/helper-annotate-as-pure-7.27.3.tgz 0ms (cache hit)
5758 http cache react-refresh@https://registry.npmjs.org/react-refresh/-/react-refresh-0.14.2.tgz 0ms (cache hit)
5759 http cache babel-plugin-react-native-web@https://registry.npmjs.org/babel-plugin-react-native-web/-/babel-plugin-react-native-web-0.19.13.tgz 0ms (cache hit)
5760 http cache @react-native/babel-preset@https://registry.npmjs.org/@react-native/babel-preset/-/babel-preset-0.76.9.tgz 0ms (cache hit)
5761 http cache @babel/preset-typescript@https://registry.npmjs.org/@babel/preset-typescript/-/preset-typescript-7.28.5.tgz 0ms (cache hit)
5762 http cache @babel/preset-react@https://registry.npmjs.org/@babel/preset-react/-/preset-react-7.28.5.tgz 0ms (cache hit)
5763 http cache @babel/plugin-transform-parameters@https://registry.npmjs.org/@babel/plugin-transform-parameters/-/plugin-transform-parameters-7.27.7.tgz 0ms (cache hit)
5764 http cache @babel/plugin-transform-object-rest-spread@https://registry.npmjs.org/@babel/plugin-transform-object-rest-spread/-/plugin-transform-object-rest-spread-7.28.6.tgz 0ms (cache hit)
5765 http cache @babel/plugin-proposal-decorators@https://registry.npmjs.org/@babel/plugin-proposal-decorators/-/plugin-proposal-decorators-7.29.0.tgz 0ms (cache hit)
5766 http cache @babel/plugin-transform-export-namespace-from@https://registry.npmjs.org/@babel/plugin-transform-export-namespace-from/-/plugin-transform-export-namespace-from-7.27.1.tgz 0ms (cache hit)
5767 http cache negotiator@https://registry.npmjs.org/negotiator/-/negotiator-0.6.3.tgz 0ms (cache hit)
5768 http cache mime-types@https://registry.npmjs.org/mime-types/-/mime-types-2.1.35.tgz 0ms (cache hit)
5769 http cache wonka@https://registry.npmjs.org/wonka/-/wonka-6.3.6.tgz 0ms (cache hit)
5770 http cache join-component@https://registry.npmjs.org/join-component/-/join-component-1.1.0.tgz 0ms (cache hit)
5771 http cache component-type@https://registry.npmjs.org/component-type/-/component-type-1.2.2.tgz 0ms (cache hit)
5772 http cache serve-static@https://registry.npmjs.org/serve-static/-/serve-static-1.16.3.tgz 0ms (cache hit)
5773 http cache open@https://registry.npmjs.org/open/-/open-7.4.2.tgz 0ms (cache hit)
5774 http cache selfsigned@https://registry.npmjs.org/selfsigned/-/selfsigned-2.4.1.tgz 0ms (cache hit)
5775 http cache nullthrows@https://registry.npmjs.org/nullthrows/-/nullthrows-1.1.1.tgz 0ms (cache hit)
5776 http cache invariant@https://registry.npmjs.org/invariant/-/invariant-2.2.4.tgz 0ms (cache hit)
5777 http cache chrome-launcher@https://registry.npmjs.org/chrome-launcher/-/chrome-launcher-0.15.2.tgz 0ms (cache hit)
5778 http cache chromium-edge-launcher@https://registry.npmjs.org/chromium-edge-launcher/-/chromium-edge-launcher-0.2.0.tgz 0ms (cache hit)
5779 http cache @react-native/debugger-frontend@https://registry.npmjs.org/@react-native/debugger-frontend/-/debugger-frontend-0.76.9.tgz 0ms (cache hit)
5780 http cache @isaacs/ttlcache@https://registry.npmjs.org/@isaacs/ttlcache/-/ttlcache-1.4.1.tgz 0ms (cache hit)
5781 http cache js-yaml@https://registry.npmjs.org/js-yaml/-/js-yaml-4.1.1.tgz 0ms (cache hit)
5782 http cache cross-spawn@https://registry.npmjs.org/cross-spawn/-/cross-spawn-7.0.6.tgz 0ms (cache hit)
5783 http cache uuid@https://registry.npmjs.org/uuid/-/uuid-8.3.2.tgz 0ms (cache hit)
5784 http cache remove-trailing-slash@https://registry.npmjs.org/remove-trailing-slash/-/remove-trailing-slash-0.1.1.tgz 0ms (cache hit)
5785 http cache node-fetch@https://registry.npmjs.org/node-fetch/-/node-fetch-2.7.0.tgz 0ms (cache hit)
5786 http cache md5@https://registry.npmjs.org/md5/-/md5-2.3.0.tgz 0ms (cache hit)
5787 http cache @segment/loosely-validate-event@https://registry.npmjs.org/@segment/loosely-validate-event/-/loosely-validate-event-2.0.0.tgz 0ms (cache hit)
5788 http cache @expo/bunyan@https://registry.npmjs.org/@expo/bunyan/-/bunyan-4.0.1.tgz 0ms (cache hit)
5789 http cache fetch-retry@https://registry.npmjs.org/fetch-retry/-/fetch-retry-4.1.1.tgz 0ms (cache hit)
5790 http cache @react-native/normalize-colors@https://registry.npmjs.org/@react-native/normalize-colors/-/normalize-colors-0.76.9.tgz 0ms (cache hit)
5791 http cache base64-js@https://registry.npmjs.org/base64-js/-/base64-js-1.5.1.tgz 0ms (cache hit)
5792 http cache xmlbuilder@https://registry.npmjs.org/xmlbuilder/-/xmlbuilder-14.0.0.tgz 0ms (cache hit)
5793 http cache @xmldom/xmldom@https://registry.npmjs.org/@xmldom/xmldom/-/xmldom-0.7.13.tgz 0ms (cache hit)
5794 http cache postcss@https://registry.npmjs.org/postcss/-/postcss-8.4.49.tgz 0ms (cache hit)
5795 http cache parse-png@https://registry.npmjs.org/parse-png/-/parse-png-2.1.0.tgz 0ms (cache hit)
5796 http cache lightningcss@https://registry.npmjs.org/lightningcss/-/lightningcss-1.27.0.tgz 0ms (cache hit)
5797 http cache jsc-safe-url@https://registry.npmjs.org/jsc-safe-url/-/jsc-safe-url-0.2.4.tgz 0ms (cache hit)
5798 http cache jimp-compact@https://registry.npmjs.org/jimp-compact/-/jimp-compact-0.16.1.tgz 0ms (cache hit)
5799 http cache p-limit@https://registry.npmjs.org/p-limit/-/p-limit-3.1.0.tgz 0ms (cache hit)
5800 http cache find-up@https://registry.npmjs.org/find-up/-/find-up-5.0.0.tgz 0ms (cache hit)
5801 http cache dotenv@https://registry.npmjs.org/dotenv/-/dotenv-16.4.7.tgz 0ms (cache hit)
5802 http cache @expo/sudo-prompt@https://registry.npmjs.org/@expo/sudo-prompt/-/sudo-prompt-9.3.2.tgz 0ms (cache hit)
5803 http cache xml2js@https://registry.npmjs.org/xml2js/-/xml2js-0.6.0.tgz 0ms (cache hit)
5804 http cache dotenv-expand@https://registry.npmjs.org/dotenv-expand/-/dotenv-expand-11.0.7.tgz 0ms (cache hit)
5805 http cache xcode@https://registry.npmjs.org/xcode/-/xcode-3.0.1.tgz 0ms (cache hit)
5806 http cache slash@https://registry.npmjs.org/slash/-/slash-3.0.0.tgz 0ms (cache hit)
5807 http cache @expo/sdk-runtime-versions@https://registry.npmjs.org/@expo/sdk-runtime-versions/-/sdk-runtime-versions-1.0.0.tgz 0ms (cache hit)
5808 http cache sucrase@https://registry.npmjs.org/sucrase/-/sucrase-3.35.0.tgz 0ms (cache hit)
5809 http cache resolve-workspace-root@https://registry.npmjs.org/resolve-workspace-root/-/resolve-workspace-root-2.0.1.tgz 0ms (cache hit)
5810 http cache deepmerge@https://registry.npmjs.org/deepmerge/-/deepmerge-4.3.1.tgz 0ms (cache hit)
5811 http cache @expo/config-types@https://registry.npmjs.org/@expo/config-types/-/config-types-52.0.5.tgz 0ms (cache hit)
5812 http cache ws@https://registry.npmjs.org/ws/-/ws-8.20.1.tgz 0ms (cache hit)
5813 http cache unique-string@https://registry.npmjs.org/unique-string/-/unique-string-2.0.0.tgz 0ms (cache hit)
5814 http cache undici@https://registry.npmjs.org/undici/-/undici-6.25.0.tgz 0ms (cache hit)
5815 http cache terminal-link@https://registry.npmjs.org/terminal-link/-/terminal-link-2.1.1.tgz 0ms (cache hit)
5816 http cache wrap-ansi@https://registry.npmjs.org/wrap-ansi/-/wrap-ansi-7.0.0.tgz 0ms (cache hit)
5817 http cache tempy@https://registry.npmjs.org/tempy/-/tempy-0.7.1.tgz 0ms (cache hit)
5818 http cache temp-dir@https://registry.npmjs.org/temp-dir/-/temp-dir-2.0.0.tgz 0ms (cache hit)
5819 http cache tar@https://registry.npmjs.org/tar/-/tar-6.2.1.tgz 0ms (cache hit)
5820 http cache structured-headers@https://registry.npmjs.org/structured-headers/-/structured-headers-0.4.1.tgz 0ms (cache hit)
5821 http cache stacktrace-parser@https://registry.npmjs.org/stacktrace-parser/-/stacktrace-parser-0.1.11.tgz 0ms (cache hit)
5822 http cache source-map-support@https://registry.npmjs.org/source-map-support/-/source-map-support-0.5.21.tgz 0ms (cache hit)
5823 http cache slugify@https://registry.npmjs.org/slugify/-/slugify-1.6.9.tgz 0ms (cache hit)
5824 http cache send@https://registry.npmjs.org/send/-/send-0.19.2.tgz 0ms (cache hit)
5825 http cache resolve.exports@https://registry.npmjs.org/resolve.exports/-/resolve.exports-2.0.3.tgz 0ms (cache hit)
5826 http cache resolve-from@https://registry.npmjs.org/resolve-from/-/resolve-from-5.0.0.tgz 0ms (cache hit)
5827 http cache resolve@https://registry.npmjs.org/resolve/-/resolve-1.22.12.tgz 0ms (cache hit)
5828 http cache requireg@https://registry.npmjs.org/requireg/-/requireg-0.2.2.tgz 0ms (cache hit)
5829 http cache require-from-string@https://registry.npmjs.org/require-from-string/-/require-from-string-2.0.2.tgz 0ms (cache hit)
5830 http cache qrcode-terminal@https://registry.npmjs.org/qrcode-terminal/-/qrcode-terminal-0.11.0.tgz 0ms (cache hit)
5831 http cache progress@https://registry.npmjs.org/progress/-/progress-2.0.3.tgz 0ms (cache hit)
5832 http cache prompts@https://registry.npmjs.org/prompts/-/prompts-2.4.2.tgz 0ms (cache hit)
5833 http cache pretty-format@https://registry.npmjs.org/pretty-format/-/pretty-format-29.7.0.tgz 0ms (cache hit)
5834 http cache pretty-bytes@https://registry.npmjs.org/pretty-bytes/-/pretty-bytes-5.6.0.tgz 0ms (cache hit)
5835 http cache picomatch@https://registry.npmjs.org/picomatch/-/picomatch-3.0.2.tgz 0ms (cache hit)
5836 http cache ora@https://registry.npmjs.org/ora/-/ora-3.4.0.tgz 0ms (cache hit)
5837 http cache npm-package-arg@https://registry.npmjs.org/npm-package-arg/-/npm-package-arg-11.0.3.tgz 0ms (cache hit)
5838 http cache minimatch@https://registry.npmjs.org/minimatch/-/minimatch-3.1.5.tgz 0ms (cache hit)
5839 http cache node-forge@https://registry.npmjs.org/node-forge/-/node-forge-1.4.0.tgz 0ms (cache hit)
5840 http cache lodash.debounce@https://registry.npmjs.org/lodash.debounce/-/lodash.debounce-4.0.8.tgz 0ms (cache hit)
5841 http cache is-wsl@https://registry.npmjs.org/is-wsl/-/is-wsl-2.2.0.tgz 0ms (cache hit)
5842 http cache is-docker@https://registry.npmjs.org/is-docker/-/is-docker-2.2.1.tgz 0ms (cache hit)
5843 http cache internal-ip@https://registry.npmjs.org/internal-ip/-/internal-ip-4.3.0.tgz 0ms (cache hit)
5844 http cache glob@https://registry.npmjs.org/glob/-/glob-10.5.0.tgz 0ms (cache hit)
5845 http cache fs-extra@https://registry.npmjs.org/fs-extra/-/fs-extra-8.1.0.tgz 0ms (cache hit)
5846 http cache getenv@https://registry.npmjs.org/getenv/-/getenv-1.0.0.tgz 0ms (cache hit)
5847 http cache freeport-async@https://registry.npmjs.org/freeport-async/-/freeport-async-2.0.0.tgz 0ms (cache hit)
5848 http cache form-data@https://registry.npmjs.org/form-data/-/form-data-3.0.4.tgz 0ms (cache hit)
5849 http cache connect@https://registry.npmjs.org/connect/-/connect-3.7.0.tgz 0ms (cache hit)
5850 http cache fast-glob@https://registry.npmjs.org/fast-glob/-/fast-glob-3.3.3.tgz 0ms (cache hit)
5851 http cache compression@https://registry.npmjs.org/compression/-/compression-1.8.1.tgz 0ms (cache hit)
5852 http cache env-editor@https://registry.npmjs.org/env-editor/-/env-editor-0.4.2.tgz 0ms (cache hit)
5853 http cache ci-info@https://registry.npmjs.org/ci-info/-/ci-info-3.9.0.tgz 0ms (cache hit)
5854 http cache chalk@https://registry.npmjs.org/chalk/-/chalk-4.1.2.tgz 0ms (cache hit)
5855 http cache cacache@https://registry.npmjs.org/cacache/-/cacache-18.0.4.tgz 0ms (cache hit)
5856 http cache bplist-creator@https://registry.npmjs.org/bplist-creator/-/bplist-creator-0.0.7.tgz 0ms (cache hit)
5857 http cache bplist-parser@https://registry.npmjs.org/bplist-parser/-/bplist-parser-0.3.2.tgz 0ms (cache hit)
5858 http cache arg@https://registry.npmjs.org/arg/-/arg-5.0.2.tgz 0ms (cache hit)
5859 http cache @urql/exchange-retry@https://registry.npmjs.org/@urql/exchange-retry/-/exchange-retry-1.3.2.tgz 0ms (cache hit)
5860 http cache @urql/core@https://registry.npmjs.org/@urql/core/-/core-5.2.0.tgz 0ms (cache hit)
5861 http cache accepts@https://registry.npmjs.org/accepts/-/accepts-1.3.8.tgz 0ms (cache hit)
5862 http cache better-opn@https://registry.npmjs.org/better-opn/-/better-opn-3.0.2.tgz 0ms (cache hit)
5863 http cache @react-native/dev-middleware@https://registry.npmjs.org/@react-native/dev-middleware/-/dev-middleware-0.76.9.tgz 0ms (cache hit)
5864 http cache @expo/xcpretty@https://registry.npmjs.org/@expo/xcpretty/-/xcpretty-4.4.4.tgz 0ms (cache hit)
5865 http cache @expo/ws-tunnel@https://registry.npmjs.org/@expo/ws-tunnel/-/ws-tunnel-1.0.6.tgz 0ms (cache hit)
5866 http cache @expo/spawn-async@https://registry.npmjs.org/@expo/spawn-async/-/spawn-async-1.7.2.tgz 0ms (cache hit)
5867 http cache @expo/plist@https://registry.npmjs.org/@expo/plist/-/plist-0.2.2.tgz 0ms (cache hit)
5868 http cache @expo/prebuild-config@https://registry.npmjs.org/@expo/prebuild-config/-/prebuild-config-8.2.0.tgz 0ms (cache hit)
5869 http cache @expo/package-manager@https://registry.npmjs.org/@expo/package-manager/-/package-manager-1.10.5.tgz 0ms (cache hit)
5870 http cache @expo/osascript@https://registry.npmjs.org/@expo/osascript/-/osascript-2.4.3.tgz 0ms (cache hit)
5871 http cache @expo/json-file@https://registry.npmjs.org/@expo/json-file/-/json-file-9.1.5.tgz 0ms (cache hit)
5872 http cache @expo/env@https://registry.npmjs.org/@expo/env/-/env-0.4.2.tgz 0ms (cache hit)
5873 http cache @expo/rudder-sdk-node@https://registry.npmjs.org/@expo/rudder-sdk-node/-/rudder-sdk-node-1.1.1.tgz 0ms (cache hit)
5874 http cache @expo/devcert@https://registry.npmjs.org/@expo/devcert/-/devcert-1.2.1.tgz 0ms (cache hit)
5875 http cache @expo/image-utils@https://registry.npmjs.org/@expo/image-utils/-/image-utils-0.6.5.tgz 0ms (cache hit)
5876 http cache @0no-co/graphql.web@https://registry.npmjs.org/@0no-co/graphql.web/-/graphql.web-1.2.0.tgz 0ms (cache hit)
5877 http cache @expo/code-signing-certificates@https://registry.npmjs.org/@expo/code-signing-certificates/-/code-signing-certificates-0.0.6.tgz 0ms (cache hit)
5878 http cache whatwg-url-without-unicode@https://registry.npmjs.org/whatwg-url-without-unicode/-/whatwg-url-without-unicode-8.0.0-3.tgz 0ms (cache hit)
5879 http cache web-streams-polyfill@https://registry.npmjs.org/web-streams-polyfill/-/web-streams-polyfill-3.3.3.tgz 0ms (cache hit)
5880 http cache fbemitter@https://registry.npmjs.org/fbemitter/-/fbemitter-3.0.0.tgz 0ms (cache hit)
5881 http cache expo-modules-core@https://registry.npmjs.org/expo-modules-core/-/expo-modules-core-2.2.3.tgz 0ms (cache hit)
5882 http cache expo-keep-awake@https://registry.npmjs.org/expo-keep-awake/-/expo-keep-awake-14.0.3.tgz 0ms (cache hit)
5883 http cache expo-file-system@https://registry.npmjs.org/expo-file-system/-/expo-file-system-18.0.12.tgz 0ms (cache hit)
5884 http cache @expo/metro-config@https://registry.npmjs.org/@expo/metro-config/-/metro-config-0.19.12.tgz 0ms (cache hit)
5885 http cache expo-asset@https://registry.npmjs.org/expo-asset/-/expo-asset-11.0.5.tgz 0ms (cache hit)
5886 http cache babel-preset-expo@https://registry.npmjs.org/babel-preset-expo/-/babel-preset-expo-12.0.12.tgz 0ms (cache hit)
5887 http cache @expo/config-plugins@https://registry.npmjs.org/@expo/config-plugins/-/config-plugins-9.0.17.tgz 0ms (cache hit)
5888 http cache @expo/fingerprint@https://registry.npmjs.org/@expo/fingerprint/-/fingerprint-0.11.11.tgz 0ms (cache hit)
5889 http cache @expo/config@https://registry.npmjs.org/@expo/config/-/config-10.0.11.tgz 0ms (cache hit)
5890 http cache @expo/cli@https://registry.npmjs.org/@expo/cli/-/cli-0.22.28.tgz 0ms (cache hit)
5891 http cache @babel/runtime@https://registry.npmjs.org/@babel/runtime/-/runtime-7.29.2.tgz 0ms (cache hit)
5892 http cache ms@https://registry.npmjs.org/ms/-/ms-2.1.3.tgz 1ms (cache hit)
5893 http cache update-browserslist-db@https://registry.npmjs.org/update-browserslist-db/-/update-browserslist-db-1.2.3.tgz 0ms (cache hit)
5894 http cache expo-modules-autolinking@https://registry.npmjs.org/expo-modules-autolinking/-/expo-modules-autolinking-2.0.8.tgz 0ms (cache hit)
5895 http cache node-releases@https://registry.npmjs.org/node-releases/-/node-releases-2.0.44.tgz 0ms (cache hit)
5896 http cache electron-to-chromium@https://registry.npmjs.org/electron-to-chromium/-/electron-to-chromium-1.5.356.tgz 0ms (cache hit)
5897 http cache baseline-browser-mapping@https://registry.npmjs.org/baseline-browser-mapping/-/baseline-browser-mapping-2.10.29.tgz 0ms (cache hit)
5898 http cache caniuse-lite@https://registry.npmjs.org/caniuse-lite/-/caniuse-lite-1.0.30001792.tgz 0ms (cache hit)
5899 http cache csstype@https://registry.npmjs.org/csstype/-/csstype-3.2.3.tgz 0ms (cache hit)
5900 http cache iceberg-js@https://registry.npmjs.org/iceberg-js/-/iceberg-js-0.8.1.tgz 0ms (cache hit)
5901 http cache @types/prop-types@https://registry.npmjs.org/@types/prop-types/-/prop-types-15.7.15.tgz 0ms (cache hit)
5902 http cache tslib@https://registry.npmjs.org/tslib/-/tslib-2.8.1.tgz 0ms (cache hit)
5903 http cache @supabase/phoenix@https://registry.npmjs.org/@supabase/phoenix/-/phoenix-0.4.2.tgz 0ms (cache hit)
5904 http cache @supabase/storage-js@https://registry.npmjs.org/@supabase/storage-js/-/storage-js-2.105.4.tgz 1ms (cache hit)
5905 http cache @supabase/realtime-js@https://registry.npmjs.org/@supabase/realtime-js/-/realtime-js-2.105.4.tgz 0ms (cache hit)
5906 http cache @supabase/postgrest-js@https://registry.npmjs.org/@supabase/postgrest-js/-/postgrest-js-2.105.4.tgz 0ms (cache hit)
5907 http cache @supabase/functions-js@https://registry.npmjs.org/@supabase/functions-js/-/functions-js-2.105.4.tgz 0ms (cache hit)
5908 http cache @supabase/auth-js@https://registry.npmjs.org/@supabase/auth-js/-/auth-js-2.105.4.tgz 0ms (cache hit)
5909 http cache merge-options@https://registry.npmjs.org/merge-options/-/merge-options-3.0.4.tgz 0ms (cache hit)
5910 http cache @babel/helper-string-parser@https://registry.npmjs.org/@babel/helper-string-parser/-/helper-string-parser-7.27.1.tgz 0ms (cache hit)
5911 http cache @jridgewell/resolve-uri@https://registry.npmjs.org/@jridgewell/resolve-uri/-/resolve-uri-3.1.2.tgz 0ms (cache hit)
5912 http cache @jridgewell/sourcemap-codec@https://registry.npmjs.org/@jridgewell/sourcemap-codec/-/sourcemap-codec-1.5.5.tgz 0ms (cache hit)
5913 http cache @babel/helper-globals@https://registry.npmjs.org/@babel/helper-globals/-/helper-globals-7.28.0.tgz 0ms (cache hit)
5914 http cache @babel/helper-module-imports@https://registry.npmjs.org/@babel/helper-module-imports/-/helper-module-imports-7.28.6.tgz 0ms (cache hit)
5915 http cache lru-cache@https://registry.npmjs.org/lru-cache/-/lru-cache-5.1.1.tgz 0ms (cache hit)
5916 http cache @babel/compat-data@https://registry.npmjs.org/@babel/compat-data/-/compat-data-7.29.3.tgz 0ms (cache hit)
5917 http cache @babel/helper-validator-option@https://registry.npmjs.org/@babel/helper-validator-option/-/helper-validator-option-7.27.1.tgz 0ms (cache hit)
5918 http cache browserslist@https://registry.npmjs.org/browserslist/-/browserslist-4.28.2.tgz 0ms (cache hit)
5919 http cache jsesc@https://registry.npmjs.org/jsesc/-/jsesc-3.1.0.tgz 0ms (cache hit)
5920 http cache @jridgewell/trace-mapping@https://registry.npmjs.org/@jridgewell/trace-mapping/-/trace-mapping-0.3.31.tgz 0ms (cache hit)
5921 http cache @jridgewell/gen-mapping@https://registry.npmjs.org/@jridgewell/gen-mapping/-/gen-mapping-0.3.13.tgz 0ms (cache hit)
5922 http cache picocolors@https://registry.npmjs.org/picocolors/-/picocolors-1.1.1.tgz 0ms (cache hit)
5923 http cache @babel/helper-validator-identifier@https://registry.npmjs.org/@babel/helper-validator-identifier/-/helper-validator-identifier-7.28.5.tgz 0ms (cache hit)
5924 http cache js-tokens@https://registry.npmjs.org/js-tokens/-/js-tokens-4.0.0.tgz 0ms (cache hit)
5925 http cache semver@https://registry.npmjs.org/semver/-/semver-6.3.1.tgz 0ms (cache hit)
5926 http cache gensync@https://registry.npmjs.org/gensync/-/gensync-1.0.0-beta.2.tgz 0ms (cache hit)
5927 http cache json5@https://registry.npmjs.org/json5/-/json5-2.2.3.tgz 1ms (cache hit)
5928 http cache debug@https://registry.npmjs.org/debug/-/debug-4.4.3.tgz 0ms (cache hit)
5929 http cache @jridgewell/remapping@https://registry.npmjs.org/@jridgewell/remapping/-/remapping-2.3.5.tgz 0ms (cache hit)
5930 http cache convert-source-map@https://registry.npmjs.org/convert-source-map/-/convert-source-map-2.0.0.tgz 0ms (cache hit)
5931 http cache @babel/types@https://registry.npmjs.org/@babel/types/-/types-7.29.0.tgz 0ms (cache hit)
5932 http cache @babel/template@https://registry.npmjs.org/@babel/template/-/template-7.28.6.tgz 0ms (cache hit)
5933 http cache @babel/traverse@https://registry.npmjs.org/@babel/traverse/-/traverse-7.29.0.tgz 0ms (cache hit)
5934 http cache @babel/parser@https://registry.npmjs.org/@babel/parser/-/parser-7.29.3.tgz 0ms (cache hit)
5935 http cache @babel/helpers@https://registry.npmjs.org/@babel/helpers/-/helpers-7.29.2.tgz 0ms (cache hit)
5936 http cache @babel/helper-module-transforms@https://registry.npmjs.org/@babel/helper-module-transforms/-/helper-module-transforms-7.28.6.tgz 0ms (cache hit)
5937 http cache @babel/helper-compilation-targets@https://registry.npmjs.org/@babel/helper-compilation-targets/-/helper-compilation-targets-7.28.6.tgz 0ms (cache hit)
5938 http cache typescript@https://registry.npmjs.org/typescript/-/typescript-5.9.3.tgz 0ms (cache hit)
5939 http cache @babel/code-frame@https://registry.npmjs.org/@babel/code-frame/-/code-frame-7.29.0.tgz 0ms (cache hit)
5940 http cache @babel/generator@https://registry.npmjs.org/@babel/generator/-/generator-7.29.1.tgz 0ms (cache hit)
5941 http cache react-native-url-polyfill@https://registry.npmjs.org/react-native-url-polyfill/-/react-native-url-polyfill-2.0.0.tgz 0ms (cache hit)
5942 http cache react-native-web@https://registry.npmjs.org/react-native-web/-/react-native-web-0.19.13.tgz 0ms (cache hit)
5943 http cache react-native-svg@https://registry.npmjs.org/react-native-svg/-/react-native-svg-15.8.0.tgz 0ms (cache hit)
5944 http cache react-native-reanimated@https://registry.npmjs.org/react-native-reanimated/-/react-native-reanimated-3.16.7.tgz 0ms (cache hit)
5945 http cache react-native-gesture-handler@https://registry.npmjs.org/react-native-gesture-handler/-/react-native-gesture-handler-2.20.2.tgz 0ms (cache hit)
5946 http cache react-dom@https://registry.npmjs.org/react-dom/-/react-dom-18.3.1.tgz 0ms (cache hit)
5947 http cache expo-system-ui@https://registry.npmjs.org/expo-system-ui/-/expo-system-ui-4.0.9.tgz 0ms (cache hit)
5948 http cache expo-status-bar@https://registry.npmjs.org/expo-status-bar/-/expo-status-bar-2.0.1.tgz 0ms (cache hit)
5949 http cache expo-splash-screen@https://registry.npmjs.org/expo-splash-screen/-/expo-splash-screen-0.29.24.tgz 0ms (cache hit)
5950 http cache expo-secure-store@https://registry.npmjs.org/expo-secure-store/-/expo-secure-store-14.0.1.tgz 0ms (cache hit)
5951 http cache react-native-screens@https://registry.npmjs.org/react-native-screens/-/react-native-screens-4.1.0.tgz 0ms (cache hit)
5952 http cache expo-router@https://registry.npmjs.org/expo-router/-/expo-router-4.0.22.tgz 0ms (cache hit)
5953 http cache expo-notifications@https://registry.npmjs.org/expo-notifications/-/expo-notifications-0.29.14.tgz 0ms (cache hit)
5954 http cache expo-linking@https://registry.npmjs.org/expo-linking/-/expo-linking-7.0.5.tgz 0ms (cache hit)
5955 http cache expo-linear-gradient@https://registry.npmjs.org/expo-linear-gradient/-/expo-linear-gradient-14.0.2.tgz 0ms (cache hit)
5956 http cache expo-haptics@https://registry.npmjs.org/expo-haptics/-/expo-haptics-14.0.1.tgz 0ms (cache hit)
5957 http cache expo-constants@https://registry.npmjs.org/expo-constants/-/expo-constants-17.0.8.tgz 0ms (cache hit)
5958 http cache expo-image-picker@https://registry.npmjs.org/expo-image-picker/-/expo-image-picker-16.0.6.tgz 0ms (cache hit)
5959 http cache expo-camera@https://registry.npmjs.org/expo-camera/-/expo-camera-16.0.18.tgz 0ms (cache hit)
5960 http cache @types/react@https://registry.npmjs.org/@types/react/-/react-18.3.28.tgz 0ms (cache hit)
5961 http cache @supabase/supabase-js@https://registry.npmjs.org/@supabase/supabase-js/-/supabase-js-2.105.4.tgz 0ms (cache hit)
5962 http cache @react-native-async-storage/async-storage@https://registry.npmjs.org/@react-native-async-storage/async-storage/-/async-storage-1.23.1.tgz 0ms (cache hit)
5963 http cache react-native@https://registry.npmjs.org/react-native/-/react-native-0.76.3.tgz 0ms (cache hit)
5964 http cache expo@https://registry.npmjs.org/expo/-/expo-52.0.49.tgz 0ms (cache hit)
5965 http cache expo-font@https://registry.npmjs.org/expo-font/-/expo-font-13.0.4.tgz 0ms (cache hit)
5966 http cache react@https://registry.npmjs.org/react/-/react-18.3.1.tgz 0ms (cache hit)
5967 http cache @expo/vector-icons@https://registry.npmjs.org/@expo/vector-icons/-/vector-icons-14.1.0.tgz 0ms (cache hit)
5968 http cache @expo-google-fonts/fraunces@https://registry.npmjs.org/@expo-google-fonts/fraunces/-/fraunces-0.2.3.tgz 0ms (cache hit)
5969 http cache @babel/core@https://registry.npmjs.org/@babel/core/-/core-7.29.0.tgz 0ms (cache hit)
5970 http cache supports-color@https://registry.npmjs.org/supports-color/-/supports-color-5.5.0.tgz 0ms (cache hit)
5971 http cache has-flag@https://registry.npmjs.org/has-flag/-/has-flag-3.0.0.tgz 0ms (cache hit)
5972 http cache color-name@https://registry.npmjs.org/color-name/-/color-name-1.1.3.tgz 0ms (cache hit)
5973 http cache escape-string-regexp@https://registry.npmjs.org/escape-string-regexp/-/escape-string-regexp-1.0.5.tgz 0ms (cache hit)
5974 http cache color-convert@https://registry.npmjs.org/color-convert/-/color-convert-1.9.3.tgz 0ms (cache hit)
5975 http cache ansi-styles@https://registry.npmjs.org/ansi-styles/-/ansi-styles-3.2.1.tgz 0ms (cache hit)
5976 http cache chalk@https://registry.npmjs.org/chalk/-/chalk-2.4.2.tgz 0ms (cache hit)
5977 http cache emoji-regex@https://registry.npmjs.org/emoji-regex/-/emoji-regex-8.0.0.tgz 0ms (cache hit)
5978 http cache strip-ansi@https://registry.npmjs.org/strip-ansi/-/strip-ansi-6.0.1.tgz 0ms (cache hit)
5979 http cache string-width@https://registry.npmjs.org/string-width/-/string-width-4.2.3.tgz 0ms (cache hit)
5980 http cache xmlbuilder@https://registry.npmjs.org/xmlbuilder/-/xmlbuilder-15.1.1.tgz 0ms (cache hit)
5981 http cache @xmldom/xmldom@https://registry.npmjs.org/@xmldom/xmldom/-/xmldom-0.9.10.tgz 0ms (cache hit)
5982 http cache bplist-parser@https://registry.npmjs.org/bplist-parser/-/bplist-parser-0.3.1.tgz 0ms (cache hit)
5983 http cache bplist-creator@https://registry.npmjs.org/bplist-creator/-/bplist-creator-0.1.0.tgz 0ms (cache hit)
5984 http cache type-fest@https://registry.npmjs.org/type-fest/-/type-fest-0.21.3.tgz 0ms (cache hit)
5985 http cache minipass@https://registry.npmjs.org/minipass/-/minipass-3.3.6.tgz 0ms (cache hit)
5986 http cache yallist@https://registry.npmjs.org/yallist/-/yallist-4.0.0.tgz 0ms (cache hit)
5987 http cache statuses@https://registry.npmjs.org/statuses/-/statuses-2.0.2.tgz 0ms (cache hit)
5988 http cache source-map@https://registry.npmjs.org/source-map/-/source-map-0.6.1.tgz 0ms (cache hit)
5989 http cache commander@https://registry.npmjs.org/commander/-/commander-2.20.3.tgz 0ms (cache hit)
5990 http cache camelcase@https://registry.npmjs.org/camelcase/-/camelcase-6.3.0.tgz 0ms (cache hit)
5991 http cache react-is@https://registry.npmjs.org/react-is/-/react-is-16.13.1.tgz 0ms (cache hit)
5992 http cache resolve-from@https://registry.npmjs.org/resolve-from/-/resolve-from-3.0.0.tgz 0ms (cache hit)
5993 http cache argparse@https://registry.npmjs.org/argparse/-/argparse-1.0.10.tgz 0ms (cache hit)
5994 http cache debug@https://registry.npmjs.org/debug/-/debug-2.6.9.tgz 0ms (cache hit)
5995 http cache js-yaml@https://registry.npmjs.org/js-yaml/-/js-yaml-3.14.2.tgz 0ms (cache hit)
5996 http cache ms@https://registry.npmjs.org/ms/-/ms-2.0.0.tgz 0ms (cache hit)
5997 http cache hermes-estree@https://registry.npmjs.org/hermes-estree/-/hermes-estree-0.25.1.tgz 0ms (cache hit)
5998 http cache hermes-parser@https://registry.npmjs.org/hermes-parser/-/hermes-parser-0.25.1.tgz 0ms (cache hit)
5999 http cache escape-string-regexp@https://registry.npmjs.org/escape-string-regexp/-/escape-string-regexp-2.0.0.tgz 0ms (cache hit)
6000 http cache supports-color@https://registry.npmjs.org/supports-color/-/supports-color-8.1.1.tgz 0ms (cache hit)
6001 http cache picomatch@https://registry.npmjs.org/picomatch/-/picomatch-2.3.2.tgz 0ms (cache hit)
6002 http cache p-limit@https://registry.npmjs.org/p-limit/-/p-limit-2.3.0.tgz 0ms (cache hit)
6003 http cache glob@https://registry.npmjs.org/glob/-/glob-7.2.3.tgz 0ms (cache hit)
6004 http cache locate-path@https://registry.npmjs.org/locate-path/-/locate-path-5.0.0.tgz 0ms (cache hit)
6005 http cache argparse@https://registry.npmjs.org/argparse/-/argparse-1.0.10.tgz 0ms (cache hit)
6006 http cache js-yaml@https://registry.npmjs.org/js-yaml/-/js-yaml-3.14.2.tgz 0ms (cache hit)
6007 http cache find-up@https://registry.npmjs.org/find-up/-/find-up-4.1.0.tgz 0ms (cache hit)
6008 http cache react-native-safe-area-context@https://registry.npmjs.org/react-native-safe-area-context/-/react-native-safe-area-context-4.12.0.tgz 0ms (cache hit)
6009 http cache picomatch@https://registry.npmjs.org/picomatch/-/picomatch-2.3.2.tgz 0ms (cache hit)
6010 http cache p-locate@https://registry.npmjs.org/p-locate/-/p-locate-4.1.0.tgz 0ms (cache hit)
6011 http cache hermes-estree@https://registry.npmjs.org/hermes-estree/-/hermes-estree-0.25.1.tgz 0ms (cache hit)
6012 http cache signal-exit@https://registry.npmjs.org/signal-exit/-/signal-exit-3.0.7.tgz 0ms (cache hit)
6013 http cache ms@https://registry.npmjs.org/ms/-/ms-2.0.0.tgz 0ms (cache hit)
6014 http cache ws@https://registry.npmjs.org/ws/-/ws-7.5.10.tgz 0ms (cache hit)
6015 http cache debug@https://registry.npmjs.org/debug/-/debug-2.6.9.tgz 0ms (cache hit)
6016 http cache ci-info@https://registry.npmjs.org/ci-info/-/ci-info-2.0.0.tgz 0ms (cache hit)
6017 http cache hermes-parser@https://registry.npmjs.org/hermes-parser/-/hermes-parser-0.25.1.tgz 0ms (cache hit)
6018 http cache glob@https://registry.npmjs.org/glob/-/glob-7.2.3.tgz 0ms (cache hit)
6019 http cache @react-native/codegen@https://registry.npmjs.org/@react-native/codegen/-/codegen-0.76.3.tgz 0ms (cache hit)
6020 http cache @react-native/babel-plugin-codegen@https://registry.npmjs.org/@react-native/babel-plugin-codegen/-/babel-plugin-codegen-0.76.3.tgz 0ms (cache hit)
6021 http cache @react-native/babel-preset@https://registry.npmjs.org/@react-native/babel-preset/-/babel-preset-0.76.3.tgz 0ms (cache hit)
6022 http cache ws@https://registry.npmjs.org/ws/-/ws-7.5.10.tgz 0ms (cache hit)
6023 http cache mimic-fn@https://registry.npmjs.org/mimic-fn/-/mimic-fn-2.1.0.tgz 0ms (cache hit)
6024 http cache onetime@https://registry.npmjs.org/onetime/-/onetime-5.1.2.tgz 0ms (cache hit)
6025 http cache signal-exit@https://registry.npmjs.org/signal-exit/-/signal-exit-3.0.7.tgz 0ms (cache hit)
6026 http cache npm-run-path@https://registry.npmjs.org/npm-run-path/-/npm-run-path-4.0.1.tgz 0ms (cache hit)
6027 http cache is-stream@https://registry.npmjs.org/is-stream/-/is-stream-2.0.1.tgz 0ms (cache hit)
6028 http cache get-stream@https://registry.npmjs.org/get-stream/-/get-stream-6.0.1.tgz 0ms (cache hit)
6029 http cache ms@https://registry.npmjs.org/ms/-/ms-2.0.0.tgz 0ms (cache hit)
6030 http cache ws@https://registry.npmjs.org/ws/-/ws-6.2.3.tgz 0ms (cache hit)
6031 http cache debug@https://registry.npmjs.org/debug/-/debug-2.6.9.tgz 0ms (cache hit)
6032 http cache @react-native/debugger-frontend@https://registry.npmjs.org/@react-native/debugger-frontend/-/debugger-frontend-0.76.3.tgz 0ms (cache hit)
6033 http cache semver@https://registry.npmjs.org/semver/-/semver-7.8.0.tgz 0ms (cache hit)
6034 http cache execa@https://registry.npmjs.org/execa/-/execa-5.1.1.tgz 0ms (cache hit)
6035 http cache @react-native/dev-middleware@https://registry.npmjs.org/@react-native/dev-middleware/-/dev-middleware-0.76.3.tgz 0ms (cache hit)
6036 http cache react-is@https://registry.npmjs.org/react-is/-/react-is-16.13.1.tgz 0ms (cache hit)
6037 http cache signal-exit@https://registry.npmjs.org/signal-exit/-/signal-exit-3.0.7.tgz 0ms (cache hit)
6038 http cache write-file-atomic@https://registry.npmjs.org/write-file-atomic/-/write-file-atomic-4.0.2.tgz 0ms (cache hit)
6039 http cache has-flag@https://registry.npmjs.org/has-flag/-/has-flag-3.0.0.tgz 0ms (cache hit)
6040 http cache color-name@https://registry.npmjs.org/color-name/-/color-name-1.1.3.tgz 0ms (cache hit)
6041 http cache color-convert@https://registry.npmjs.org/color-convert/-/color-convert-1.9.3.tgz 0ms (cache hit)
6042 http cache escape-string-regexp@https://registry.npmjs.org/escape-string-regexp/-/escape-string-regexp-1.0.5.tgz 0ms (cache hit)
6043 http cache ansi-styles@https://registry.npmjs.org/ansi-styles/-/ansi-styles-3.2.1.tgz 0ms (cache hit)
6044 http cache supports-color@https://registry.npmjs.org/supports-color/-/supports-color-5.5.0.tgz 0ms (cache hit)
6045 http cache chalk@https://registry.npmjs.org/chalk/-/chalk-2.4.2.tgz 0ms (cache hit)
6046 http cache lru-cache@https://registry.npmjs.org/lru-cache/-/lru-cache-10.4.3.tgz 0ms (cache hit)
6047 http cache p-limit@https://registry.npmjs.org/p-limit/-/p-limit-2.3.0.tgz 0ms (cache hit)
6048 http cache path-exists@https://registry.npmjs.org/path-exists/-/path-exists-3.0.0.tgz 0ms (cache hit)
6049 http cache p-locate@https://registry.npmjs.org/p-locate/-/p-locate-3.0.0.tgz 0ms (cache hit)
6050 http cache locate-path@https://registry.npmjs.org/locate-path/-/locate-path-3.0.0.tgz 0ms (cache hit)
6051 http cache find-up@https://registry.npmjs.org/find-up/-/find-up-3.0.0.tgz 0ms (cache hit)
6052 http cache signal-exit@https://registry.npmjs.org/signal-exit/-/signal-exit-3.0.7.tgz 0ms (cache hit)
6053 http cache semver@https://registry.npmjs.org/semver/-/semver-5.7.2.tgz 0ms (cache hit)
6054 http cache rimraf@https://registry.npmjs.org/rimraf/-/rimraf-2.6.3.tgz 0ms (cache hit)
6055 http cache glob@https://registry.npmjs.org/glob/-/glob-7.2.3.tgz 0ms (cache hit)
6056 http cache emoji-regex@https://registry.npmjs.org/emoji-regex/-/emoji-regex-8.0.0.tgz 0ms (cache hit)
6057 http cache source-map@https://registry.npmjs.org/source-map/-/source-map-0.6.1.tgz 0ms (cache hit)
6058 http cache strip-ansi@https://registry.npmjs.org/strip-ansi/-/strip-ansi-6.0.1.tgz 0ms (cache hit)
6059 http cache string-width@https://registry.npmjs.org/string-width/-/string-width-4.2.3.tgz 0ms (cache hit)
6060 http cache strip-ansi@https://registry.npmjs.org/strip-ansi/-/strip-ansi-6.0.1.tgz 0ms (cache hit)
6061 http cache ansi-styles@https://registry.npmjs.org/ansi-styles/-/ansi-styles-6.2.3.tgz 0ms (cache hit)
6062 http cache wrap-ansi@https://registry.npmjs.org/wrap-ansi/-/wrap-ansi-8.1.0.tgz 0ms (cache hit)
6063 http cache ansi-regex@https://registry.npmjs.org/ansi-regex/-/ansi-regex-6.2.2.tgz 0ms (cache hit)
6064 http cache path-key@https://registry.npmjs.org/path-key/-/path-key-2.0.1.tgz 0ms (cache hit)
6065 http cache shebang-regex@https://registry.npmjs.org/shebang-regex/-/shebang-regex-1.0.0.tgz 0ms (cache hit)
6066 http cache shebang-command@https://registry.npmjs.org/shebang-command/-/shebang-command-1.2.0.tgz 0ms (cache hit)
6067 http cache semver@https://registry.npmjs.org/semver/-/semver-5.7.2.tgz 0ms (cache hit)
6068 http cache which@https://registry.npmjs.org/which/-/which-1.3.1.tgz 0ms (cache hit)
6069 http cache path-key@https://registry.npmjs.org/path-key/-/path-key-2.0.1.tgz 0ms (cache hit)
6070 http cache signal-exit@https://registry.npmjs.org/signal-exit/-/signal-exit-3.0.7.tgz 0ms (cache hit)
6071 http cache cross-spawn@https://registry.npmjs.org/cross-spawn/-/cross-spawn-6.0.6.tgz 0ms (cache hit)
6072 http cache lru-cache@https://registry.npmjs.org/lru-cache/-/lru-cache-10.4.3.tgz 0ms (cache hit)
6073 http cache picomatch@https://registry.npmjs.org/picomatch/-/picomatch-2.3.2.tgz 0ms (cache hit)
6074 http cache is-arrayish@https://registry.npmjs.org/is-arrayish/-/is-arrayish-0.3.4.tgz 0ms (cache hit)
6075 http cache ms@https://registry.npmjs.org/ms/-/ms-2.0.0.tgz 0ms (cache hit)
6076 http cache debug@https://registry.npmjs.org/debug/-/debug-2.6.9.tgz 0ms (cache hit)
6077 http cache glob@https://registry.npmjs.org/glob/-/glob-7.2.3.tgz 0ms (cache hit)
6078 http cache ms@https://registry.npmjs.org/ms/-/ms-2.0.0.tgz 0ms (cache hit)
6079 http cache debug@https://registry.npmjs.org/debug/-/debug-2.6.9.tgz 0ms (cache hit)
6080 http cache yallist@https://registry.npmjs.org/yallist/-/yallist-4.0.0.tgz 0ms (cache hit)
6081 http cache minipass@https://registry.npmjs.org/minipass/-/minipass-3.3.6.tgz 0ms (cache hit)
6082 http cache yallist@https://registry.npmjs.org/yallist/-/yallist-4.0.0.tgz 0ms (cache hit)
6083 http cache minipass@https://registry.npmjs.org/minipass/-/minipass-3.3.6.tgz 0ms (cache hit)
6084 http cache semver@https://registry.npmjs.org/semver/-/semver-7.8.0.tgz 0ms (cache hit)
6085 http cache strip-ansi@https://registry.npmjs.org/strip-ansi/-/strip-ansi-6.0.1.tgz 0ms (cache hit)
6086 http cache emoji-regex@https://registry.npmjs.org/emoji-regex/-/emoji-regex-8.0.0.tgz 0ms (cache hit)
6087 http cache string-width@https://registry.npmjs.org/string-width/-/string-width-4.2.3.tgz 0ms (cache hit)
6088 http cache babel-plugin-polyfill-corejs3@https://registry.npmjs.org/babel-plugin-polyfill-corejs3/-/babel-plugin-polyfill-corejs3-0.14.2.tgz 0ms (cache hit)
6089 http cache glob@https://registry.npmjs.org/glob/-/glob-7.2.3.tgz 0ms (cache hit)
6090 http cache emoji-regex@https://registry.npmjs.org/emoji-regex/-/emoji-regex-8.0.0.tgz 0ms (cache hit)
6091 http cache hermes-estree@https://registry.npmjs.org/hermes-estree/-/hermes-estree-0.25.1.tgz 0ms (cache hit)
6092 http cache hermes-parser@https://registry.npmjs.org/hermes-parser/-/hermes-parser-0.25.1.tgz 0ms (cache hit)
6093 http cache mime-db@https://registry.npmjs.org/mime-db/-/mime-db-1.52.0.tgz 0ms (cache hit)
6094 http cache mkdirp@https://registry.npmjs.org/mkdirp/-/mkdirp-1.0.4.tgz 0ms (cache hit)
6095 http cache xmlbuilder@https://registry.npmjs.org/xmlbuilder/-/xmlbuilder-11.0.1.tgz 0ms (cache hit)
6096 http cache uuid@https://registry.npmjs.org/uuid/-/uuid-7.0.3.tgz 0ms (cache hit)
6097 http cache encodeurl@https://registry.npmjs.org/encodeurl/-/encodeurl-2.0.0.tgz 0ms (cache hit)
6098 http cache commander@https://registry.npmjs.org/commander/-/commander-4.1.1.tgz 0ms (cache hit)
6099 http cache emoji-regex@https://registry.npmjs.org/emoji-regex/-/emoji-regex-8.0.0.tgz 0ms (cache hit)
6100 http cache strip-ansi@https://registry.npmjs.org/strip-ansi/-/strip-ansi-6.0.1.tgz 0ms (cache hit)
6101 http cache string-width@https://registry.npmjs.org/string-width/-/string-width-4.2.3.tgz 0ms (cache hit)
6102 http cache type-fest@https://registry.npmjs.org/type-fest/-/type-fest-0.16.0.tgz 0ms (cache hit)
6103 http cache is-stream@https://registry.npmjs.org/is-stream/-/is-stream-2.0.1.tgz 0ms (cache hit)
6104 http cache mkdirp@https://registry.npmjs.org/mkdirp/-/mkdirp-1.0.4.tgz 0ms (cache hit)
6105 http cache yallist@https://registry.npmjs.org/yallist/-/yallist-4.0.0.tgz 0ms (cache hit)
6106 http cache minipass@https://registry.npmjs.org/minipass/-/minipass-5.0.0.tgz 0ms (cache hit)
6107 http cache fs-minipass@https://registry.npmjs.org/fs-minipass/-/fs-minipass-2.1.0.tgz 0ms (cache hit)
6108 http cache minipass@https://registry.npmjs.org/minipass/-/minipass-3.3.6.tgz 0ms (cache hit)
6109 http cache statuses@https://registry.npmjs.org/statuses/-/statuses-2.0.2.tgz 0ms (cache hit)
6110 http cache source-map@https://registry.npmjs.org/source-map/-/source-map-0.6.1.tgz 0ms (cache hit)
6111 http cache on-finished@https://registry.npmjs.org/on-finished/-/on-finished-2.4.1.tgz 0ms (cache hit)
6112 http cache encodeurl@https://registry.npmjs.org/encodeurl/-/encodeurl-2.0.0.tgz 0ms (cache hit)
6113 http cache debug@https://registry.npmjs.org/debug/-/debug-2.6.9.tgz 0ms (cache hit)
6114 http cache ms@https://registry.npmjs.org/ms/-/ms-2.0.0.tgz 0ms (cache hit)
6115 http cache resolve@https://registry.npmjs.org/resolve/-/resolve-1.7.1.tgz 0ms (cache hit)
6116 http cache ansi-styles@https://registry.npmjs.org/ansi-styles/-/ansi-styles-5.2.0.tgz 0ms (cache hit)
6117 http cache react-is@https://registry.npmjs.org/react-is/-/react-is-18.3.1.tgz 0ms (cache hit)
6118 http cache has-flag@https://registry.npmjs.org/has-flag/-/has-flag-3.0.0.tgz 0ms (cache hit)
6119 http cache ansi-regex@https://registry.npmjs.org/ansi-regex/-/ansi-regex-4.1.1.tgz 0ms (cache hit)
6120 http cache color-name@https://registry.npmjs.org/color-name/-/color-name-1.1.3.tgz 0ms (cache hit)
6121 http cache color-convert@https://registry.npmjs.org/color-convert/-/color-convert-1.9.3.tgz 0ms (cache hit)
6122 http cache supports-color@https://registry.npmjs.org/supports-color/-/supports-color-5.5.0.tgz 0ms (cache hit)
6123 http cache escape-string-regexp@https://registry.npmjs.org/escape-string-regexp/-/escape-string-regexp-1.0.5.tgz 0ms (cache hit)
6124 http cache ansi-styles@https://registry.npmjs.org/ansi-styles/-/ansi-styles-3.2.1.tgz 0ms (cache hit)
6125 http cache strip-ansi@https://registry.npmjs.org/strip-ansi/-/strip-ansi-5.2.0.tgz 0ms (cache hit)
6126 http cache chalk@https://registry.npmjs.org/chalk/-/chalk-2.4.2.tgz 0ms (cache hit)
6127 http cache semver@https://registry.npmjs.org/semver/-/semver-7.8.0.tgz 0ms (cache hit)
6128 http cache brace-expansion@https://registry.npmjs.org/brace-expansion/-/brace-expansion-2.1.0.tgz 0ms (cache hit)
6129 http cache minimatch@https://registry.npmjs.org/minimatch/-/minimatch-9.0.9.tgz 0ms (cache hit)
6130 http cache ms@https://registry.npmjs.org/ms/-/ms-2.0.0.tgz 0ms (cache hit)
6131 http cache debug@https://registry.npmjs.org/debug/-/debug-2.6.9.tgz 0ms (cache hit)
6132 http cache ms@https://registry.npmjs.org/ms/-/ms-2.0.0.tgz 0ms (cache hit)
6133 http cache debug@https://registry.npmjs.org/debug/-/debug-2.6.9.tgz 0ms (cache hit)
6134 http cache negotiator@https://registry.npmjs.org/negotiator/-/negotiator-0.6.4.tgz 0ms (cache hit)
6135 http cache lru-cache@https://registry.npmjs.org/lru-cache/-/lru-cache-10.4.3.tgz 0ms (cache hit)
6136 http cache open@https://registry.npmjs.org/open/-/open-8.4.2.tgz 0ms (cache hit)
6137 http cache ws@https://registry.npmjs.org/ws/-/ws-6.2.3.tgz 0ms (cache hit)
6138 http cache ms@https://registry.npmjs.org/ms/-/ms-2.0.0.tgz 0ms (cache hit)
6139 http cache debug@https://registry.npmjs.org/debug/-/debug-2.6.9.tgz 0ms (cache hit)
6140 http cache universalify@https://registry.npmjs.org/universalify/-/universalify-2.0.1.tgz 0ms (cache hit)
6141 http cache semver@https://registry.npmjs.org/semver/-/semver-7.8.0.tgz 0ms (cache hit)
6142 http cache jsonfile@https://registry.npmjs.org/jsonfile/-/jsonfile-6.2.1.tgz 0ms (cache hit)
6143 http cache fs-extra@https://registry.npmjs.org/fs-extra/-/fs-extra-9.1.0.tgz 0ms (cache hit)
6144 http cache @expo/json-file@https://registry.npmjs.org/@expo/json-file/-/json-file-10.0.14.tgz 0ms (cache hit)
6145 http cache @babel/code-frame@https://registry.npmjs.org/@babel/code-frame/-/code-frame-7.10.4.tgz 0ms (cache hit)
6146 http cache universalify@https://registry.npmjs.org/universalify/-/universalify-1.0.0.tgz 0ms (cache hit)
6147 http cache jsonfile@https://registry.npmjs.org/jsonfile/-/jsonfile-6.2.1.tgz 0ms (cache hit)
6148 http cache universalify@https://registry.npmjs.org/universalify/-/universalify-2.0.1.tgz 0ms (cache hit)
6149 http cache semver@https://registry.npmjs.org/semver/-/semver-7.8.0.tgz 0ms (cache hit)
6150 http cache fs-extra@https://registry.npmjs.org/fs-extra/-/fs-extra-9.0.0.tgz 0ms (cache hit)
6151 http cache debug@https://registry.npmjs.org/debug/-/debug-3.2.7.tgz 0ms (cache hit)
6152 http cache webidl-conversions@https://registry.npmjs.org/webidl-conversions/-/webidl-conversions-5.0.0.tgz 0ms (cache hit)
6153 http cache jsonfile@https://registry.npmjs.org/jsonfile/-/jsonfile-6.2.1.tgz 0ms (cache hit)
6154 http cache universalify@https://registry.npmjs.org/universalify/-/universalify-2.0.1.tgz 0ms (cache hit)
6155 http cache fs-extra@https://registry.npmjs.org/fs-extra/-/fs-extra-9.1.0.tgz 0ms (cache hit)
6156 http cache universalify@https://registry.npmjs.org/universalify/-/universalify-2.0.1.tgz 0ms (cache hit)
6157 http cache jsonfile@https://registry.npmjs.org/jsonfile/-/jsonfile-6.2.1.tgz 0ms (cache hit)
6158 http cache fs-extra@https://registry.npmjs.org/fs-extra/-/fs-extra-9.1.0.tgz 0ms (cache hit)
6159 http cache @babel/code-frame@https://registry.npmjs.org/@babel/code-frame/-/code-frame-7.10.4.tgz 0ms (cache hit)
6160 http cache @expo/json-file@https://registry.npmjs.org/@expo/json-file/-/json-file-9.0.2.tgz 0ms (cache hit)
6161 http cache semver@https://registry.npmjs.org/semver/-/semver-7.8.0.tgz 0ms (cache hit)
6162 http cache @babel/code-frame@https://registry.npmjs.org/@babel/code-frame/-/code-frame-7.10.4.tgz 0ms (cache hit)
6163 http cache semver@https://registry.npmjs.org/semver/-/semver-7.8.0.tgz 0ms (cache hit)
6164 http cache @expo/json-file@https://registry.npmjs.org/@expo/json-file/-/json-file-9.0.2.tgz 0ms (cache hit)
6165 http cache semver@https://registry.npmjs.org/semver/-/semver-7.8.0.tgz 0ms (cache hit)
6166 http cache @babel/code-frame@https://registry.npmjs.org/@babel/code-frame/-/code-frame-7.10.4.tgz 0ms (cache hit)
6167 http cache semver@https://registry.npmjs.org/semver/-/semver-7.8.0.tgz 0ms (cache hit)
6168 http cache memoize-one@https://registry.npmjs.org/memoize-one/-/memoize-one-6.0.0.tgz 0ms (cache hit)
6169 http cache @react-native/normalize-colors@https://registry.npmjs.org/@react-native/normalize-colors/-/normalize-colors-0.74.89.tgz 0ms (cache hit)
6170 http cache @react-native/normalize-colors@https://registry.npmjs.org/@react-native/normalize-colors/-/normalize-colors-0.76.8.tgz 0ms (cache hit)
6171 http cache semver@https://registry.npmjs.org/semver/-/semver-7.6.3.tgz 0ms (cache hit)
6172 http cache ws@https://registry.npmjs.org/ws/-/ws-6.2.3.tgz 0ms (cache hit)
6173 http cache semver@https://registry.npmjs.org/semver/-/semver-7.8.0.tgz 0ms (cache hit)
6174 http cache scheduler@https://registry.npmjs.org/scheduler/-/scheduler-0.24.0-canary-efb381bbf-20230505.tgz 0ms (cache hit)
6175 http cache promise@https://registry.npmjs.org/promise/-/promise-8.3.0.tgz 0ms (cache hit)
6176 http cache glob@https://registry.npmjs.org/glob/-/glob-7.2.3.tgz 0ms (cache hit)
6177 http cache commander@https://registry.npmjs.org/commander/-/commander-12.1.0.tgz 0ms (cache hit)
6178 http cache babel-plugin-syntax-hermes-parser@https://registry.npmjs.org/babel-plugin-syntax-hermes-parser/-/babel-plugin-syntax-hermes-parser-0.23.1.tgz 0ms (cache hit)
6179 http cache @react-native/normalize-colors@https://registry.npmjs.org/@react-native/normalize-colors/-/normalize-colors-0.76.3.tgz 0ms (cache hit)
6180 http cache @react-native/codegen@https://registry.npmjs.org/@react-native/codegen/-/codegen-0.76.3.tgz 0ms (cache hit)
6181 http cache @expo/vector-icons@https://registry.npmjs.org/@expo/vector-icons/-/vector-icons-14.0.4.tgz 0ms (cache hit)
6182 silly tarball no local data for nice-try@https://registry.npmjs.org/nice-try/-/nice-try-1.0.5.tgz. Extracting by manifest.
6183 silly tarball no local data for async-limiter@https://registry.npmjs.org/async-limiter/-/async-limiter-1.0.1.tgz. Extracting by manifest.
6184 silly tarball no local data for define-lazy-prop@https://registry.npmjs.org/define-lazy-prop/-/define-lazy-prop-2.0.0.tgz. Extracting by manifest.
6185 silly tarball no local data for strip-final-newline@https://registry.npmjs.org/strip-final-newline/-/strip-final-newline-2.0.0.tgz. Extracting by manifest.
6186 silly tarball no local data for path-is-absolute@https://registry.npmjs.org/path-is-absolute/-/path-is-absolute-1.0.1.tgz. Extracting by manifest.
6187 silly tarball no local data for inflight@https://registry.npmjs.org/inflight/-/inflight-1.0.6.tgz. Extracting by manifest.
6188 silly tarball no local data for human-signals@https://registry.npmjs.org/human-signals/-/human-signals-2.1.0.tgz. Extracting by manifest.
6189 silly tarball no local data for p-try@https://registry.npmjs.org/p-try/-/p-try-2.2.0.tgz. Extracting by manifest.
6190 silly tarball no local data for sprintf-js@https://registry.npmjs.org/sprintf-js/-/sprintf-js-1.0.3.tgz. Extracting by manifest.
6191 silly tarball no local data for at-least-node@https://registry.npmjs.org/at-least-node/-/at-least-node-1.0.0.tgz. Extracting by manifest.
6192 silly tarball no local data for @babel/highlight@https://registry.npmjs.org/@babel/highlight/-/highlight-7.25.9.tgz. Extracting by manifest.
6193 silly tarball no local data for fs.realpath@https://registry.npmjs.org/fs.realpath/-/fs.realpath-1.0.0.tgz. Extracting by manifest.
6194 silly tarball no local data for yargs-parser@https://registry.npmjs.org/yargs-parser/-/yargs-parser-21.1.1.tgz. Extracting by manifest.
6195 silly tarball no local data for require-directory@https://registry.npmjs.org/require-directory/-/require-directory-2.1.1.tgz. Extracting by manifest.
6196 silly tarball no local data for get-caller-file@https://registry.npmjs.org/get-caller-file/-/get-caller-file-2.0.5.tgz. Extracting by manifest.
6197 silly tarball no local data for y18n@https://registry.npmjs.org/y18n/-/y18n-5.0.8.tgz. Extracting by manifest.
6198 silly tarball no local data for sax@https://registry.npmjs.org/sax/-/sax-1.6.0.tgz. Extracting by manifest.
6199 silly tarball no local data for cliui@https://registry.npmjs.org/cliui/-/cliui-8.0.1.tgz. Extracting by manifest.
6200 silly tarball no local data for plist@https://registry.npmjs.org/plist/-/plist-3.1.1.tgz. Extracting by manifest.
6201 silly tarball no local data for simple-plist@https://registry.npmjs.org/simple-plist/-/simple-plist-1.3.1.tgz. Extracting by manifest.
6202 silly tarball no local data for for-each@https://registry.npmjs.org/for-each/-/for-each-0.3.5.tgz. Extracting by manifest.
6203 silly tarball no local data for is-callable@https://registry.npmjs.org/is-callable/-/is-callable-1.2.7.tgz. Extracting by manifest.
6204 silly tarball no local data for possible-typed-array-names@https://registry.npmjs.org/possible-typed-array-names/-/possible-typed-array-names-1.1.0.tgz. Extracting by manifest.
6205 silly tarball no local data for available-typed-arrays@https://registry.npmjs.org/available-typed-arrays/-/available-typed-arrays-1.0.7.tgz. Extracting by manifest.
6206 silly tarball no local data for isexe@https://registry.npmjs.org/isexe/-/isexe-2.0.0.tgz. Extracting by manifest.
6207 silly tarball no local data for buffer@https://registry.npmjs.org/buffer/-/buffer-5.7.1.tgz. Extracting by manifest.
6208 silly tarball no local data for punycode@https://registry.npmjs.org/punycode/-/punycode-2.3.1.tgz. Extracting by manifest.
6209 silly tarball no local data for tr46@https://registry.npmjs.org/tr46/-/tr46-0.0.3.tgz. Extracting by manifest.
6210 silly tarball no local data for webidl-conversions@https://registry.npmjs.org/webidl-conversions/-/webidl-conversions-3.0.1.tgz. Extracting by manifest.
6211 silly tarball no local data for clone@https://registry.npmjs.org/clone/-/clone-1.0.4.tgz. Extracting by manifest.
6212 silly tarball no local data for defaults@https://registry.npmjs.org/defaults/-/defaults-1.0.4.tgz. Extracting by manifest.
6213 silly tarball no local data for tmpl@https://registry.npmjs.org/tmpl/-/tmpl-1.0.5.tgz. Extracting by manifest.
6214 silly tarball no local data for ieee754@https://registry.npmjs.org/ieee754/-/ieee754-1.2.1.tgz. Extracting by manifest.
6215 silly tarball no local data for is-regex@https://registry.npmjs.org/is-regex/-/is-regex-1.2.1.tgz. Extracting by manifest.
6216 silly tarball no local data for makeerror@https://registry.npmjs.org/makeerror/-/makeerror-1.0.12.tgz. Extracting by manifest.
6217 silly tarball no local data for generator-function@https://registry.npmjs.org/generator-function/-/generator-function-2.0.1.tgz. Extracting by manifest.
6218 silly tarball no local data for safe-regex-test@https://registry.npmjs.org/safe-regex-test/-/safe-regex-test-1.1.0.tgz. Extracting by manifest.
6219 silly tarball no local data for which-typed-array@https://registry.npmjs.org/which-typed-array/-/which-typed-array-1.1.20.tgz. Extracting by manifest.
6220 silly tarball no local data for is-generator-function@https://registry.npmjs.org/is-generator-function/-/is-generator-function-1.1.2.tgz. Extracting by manifest.
6221 silly tarball no local data for is-typed-array@https://registry.npmjs.org/is-typed-array/-/is-typed-array-1.1.15.tgz. Extracting by manifest.
6222 silly tarball no local data for is-arguments@https://registry.npmjs.org/is-arguments/-/is-arguments-1.2.0.tgz. Extracting by manifest.
6223 silly tarball no local data for escalade@https://registry.npmjs.org/escalade/-/escalade-3.2.0.tgz. Extracting by manifest.
6224 silly tarball no local data for crypto-random-string@https://registry.npmjs.org/crypto-random-string/-/crypto-random-string-2.0.0.tgz. Extracting by manifest.
6225 silly tarball no local data for imurmurhash@https://registry.npmjs.org/imurmurhash/-/imurmurhash-0.1.4.tgz. Extracting by manifest.
6226 silly tarball no local data for unique-slug@https://registry.npmjs.org/unique-slug/-/unique-slug-4.0.0.tgz. Extracting by manifest.
6227 silly tarball no local data for unicode-canonical-property-names-ecmascript@https://registry.npmjs.org/unicode-canonical-property-names-ecmascript/-/unicode-canonical-property-names-ecmascript-2.0.1.tgz. Extracting by manifest.
6228 silly tarball no local data for unicode-property-aliases-ecmascript@https://registry.npmjs.org/unicode-property-aliases-ecmascript/-/unicode-property-aliases-ecmascript-2.2.0.tgz. Extracting by manifest.
6229 silly tarball no local data for is-number@https://registry.npmjs.org/is-number/-/is-number-7.0.0.tgz. Extracting by manifest.
6230 silly tarball no local data for acorn@https://registry.npmjs.org/acorn/-/acorn-8.16.0.tgz. Extracting by manifest.
6231 silly tarball no local data for thenify@https://registry.npmjs.org/thenify/-/thenify-3.3.1.tgz. Extracting by manifest.
6232 silly tarball no local data for supports-hyperlinks@https://registry.npmjs.org/supports-hyperlinks/-/supports-hyperlinks-2.3.0.tgz. Extracting by manifest.
6233 silly tarball no local data for ansi-escapes@https://registry.npmjs.org/ansi-escapes/-/ansi-escapes-4.3.2.tgz. Extracting by manifest.
6234 silly tarball no local data for path-type@https://registry.npmjs.org/path-type/-/path-type-4.0.0.tgz. Extracting by manifest.
6235 silly tarball no local data for @jridgewell/source-map@https://registry.npmjs.org/@jridgewell/source-map/-/source-map-0.3.11.tgz. Extracting by manifest.
6236 silly tarball no local data for ignore@https://registry.npmjs.org/ignore/-/ignore-5.3.2.tgz. Extracting by manifest.
6237 silly tarball no local data for array-union@https://registry.npmjs.org/array-union/-/array-union-2.1.0.tgz. Extracting by manifest.
6238 silly tarball no local data for dir-glob@https://registry.npmjs.org/dir-glob/-/dir-glob-3.0.1.tgz. Extracting by manifest.
6239 silly tarball no local data for is-path-inside@https://registry.npmjs.org/is-path-inside/-/is-path-inside-3.0.3.tgz. Extracting by manifest.
6240 silly tarball no local data for is-path-cwd@https://registry.npmjs.org/is-path-cwd/-/is-path-cwd-2.2.0.tgz. Extracting by manifest.
6241 silly tarball no local data for del@https://registry.npmjs.org/del/-/del-6.1.1.tgz. Extracting by manifest.
6242 silly tarball no local data for chownr@https://registry.npmjs.org/chownr/-/chownr-2.0.0.tgz. Extracting by manifest.
6243 silly tarball no local data for globby@https://registry.npmjs.org/globby/-/globby-11.1.0.tgz. Extracting by manifest.
6244 silly tarball no local data for minizlib@https://registry.npmjs.org/minizlib/-/minizlib-2.1.2.tgz. Extracting by manifest.
6245 silly tarball no local data for thenify-all@https://registry.npmjs.org/thenify-all/-/thenify-all-1.6.0.tgz. Extracting by manifest.
6246 silly tarball no local data for has-flag@https://registry.npmjs.org/has-flag/-/has-flag-4.0.0.tgz. Extracting by manifest.
6247 silly tarball no local data for mz@https://registry.npmjs.org/mz/-/mz-2.7.0.tgz. Extracting by manifest.
6248 silly tarball no local data for any-promise@https://registry.npmjs.org/any-promise/-/any-promise-1.3.0.tgz. Extracting by manifest.
6249 silly tarball no local data for ts-interface-checker@https://registry.npmjs.org/ts-interface-checker/-/ts-interface-checker-0.1.13.tgz. Extracting by manifest.
6250 silly tarball no local data for emoji-regex@https://registry.npmjs.org/emoji-regex/-/emoji-regex-9.2.2.tgz. Extracting by manifest.
6251 silly tarball no local data for eastasianwidth@https://registry.npmjs.org/eastasianwidth/-/eastasianwidth-0.2.0.tgz. Extracting by manifest.
6252 silly tarball no local data for lines-and-columns@https://registry.npmjs.org/lines-and-columns/-/lines-and-columns-1.2.4.tgz. Extracting by manifest.
6253 silly tarball no local data for is-fullwidth-code-point@https://registry.npmjs.org/is-fullwidth-code-point/-/is-fullwidth-code-point-3.0.0.tgz. Extracting by manifest.
6254 silly tarball no local data for buffer-from@https://registry.npmjs.org/buffer-from/-/buffer-from-1.1.2.tgz. Extracting by manifest.
6255 silly tarball no local data for type-fest@https://registry.npmjs.org/type-fest/-/type-fest-0.7.1.tgz. Extracting by manifest.
6256 silly tarball no local data for toidentifier@https://registry.npmjs.org/toidentifier/-/toidentifier-1.0.1.tgz. Extracting by manifest.
6257 silly tarball no local data for setprototypeof@https://registry.npmjs.org/setprototypeof/-/setprototypeof-1.2.0.tgz. Extracting by manifest.
6258 silly tarball no local data for range-parser@https://registry.npmjs.org/range-parser/-/range-parser-1.2.1.tgz. Extracting by manifest.
6259 silly tarball no local data for shebang-regex@https://registry.npmjs.org/shebang-regex/-/shebang-regex-3.0.0.tgz. Extracting by manifest.
6260 silly tarball no local data for mime@https://registry.npmjs.org/mime/-/mime-1.6.0.tgz. Extracting by manifest.
6261 silly tarball no local data for fresh@https://registry.npmjs.org/fresh/-/fresh-0.5.2.tgz. Extracting by manifest.
6262 silly tarball no local data for http-errors@https://registry.npmjs.org/http-errors/-/http-errors-2.0.1.tgz. Extracting by manifest.
6263 silly tarball no local data for destroy@https://registry.npmjs.org/destroy/-/destroy-1.2.0.tgz. Extracting by manifest.
6264 silly tarball no local data for depd@https://registry.npmjs.org/depd/-/depd-2.0.0.tgz. Extracting by manifest.
6265 silly tarball no local data for @types/node-forge@https://registry.npmjs.org/@types/node-forge/-/node-forge-1.3.14.tgz. Extracting by manifest.
6266 silly tarball no local data for etag@https://registry.npmjs.org/etag/-/etag-1.8.1.tgz. Extracting by manifest.
6267 silly tarball no local data for json-schema-traverse@https://registry.npmjs.org/json-schema-traverse/-/json-schema-traverse-1.0.0.tgz. Extracting by manifest.
6268 silly tarball no local data for ajv-keywords@https://registry.npmjs.org/ajv-keywords/-/ajv-keywords-5.1.0.tgz. Extracting by manifest.
6269 silly tarball no local data for ajv@https://registry.npmjs.org/ajv/-/ajv-8.20.0.tgz. Extracting by manifest.
6270 silly tarball no local data for fast-uri@https://registry.npmjs.org/fast-uri/-/fast-uri-3.1.2.tgz. Extracting by manifest.
6271 silly tarball no local data for ajv-formats@https://registry.npmjs.org/ajv-formats/-/ajv-formats-2.1.1.tgz. Extracting by manifest.
6272 silly tarball no local data for queue-microtask@https://registry.npmjs.org/queue-microtask/-/queue-microtask-1.2.3.tgz. Extracting by manifest.
6273 silly tarball no local data for @types/json-schema@https://registry.npmjs.org/@types/json-schema/-/json-schema-7.0.15.tgz. Extracting by manifest.
6274 silly tarball no local data for mimic-fn@https://registry.npmjs.org/mimic-fn/-/mimic-fn-1.2.0.tgz. Extracting by manifest.
6275 silly tarball no local data for onetime@https://registry.npmjs.org/onetime/-/onetime-2.0.1.tgz. Extracting by manifest.
6276 silly tarball no local data for path-parse@https://registry.npmjs.org/path-parse/-/path-parse-1.0.7.tgz. Extracting by manifest.
6277 silly tarball no local data for is-core-module@https://registry.npmjs.org/is-core-module/-/is-core-module-2.16.2.tgz. Extracting by manifest.
6278 silly tarball no local data for supports-preserve-symlinks-flag@https://registry.npmjs.org/supports-preserve-symlinks-flag/-/supports-preserve-symlinks-flag-1.0.0.tgz. Extracting by manifest.
6279 silly tarball no local data for strip-json-comments@https://registry.npmjs.org/strip-json-comments/-/strip-json-comments-2.0.1.tgz. Extracting by manifest.
6280 silly tarball no local data for ini@https://registry.npmjs.org/ini/-/ini-1.3.8.tgz. Extracting by manifest.
6281 silly tarball no local data for deep-extend@https://registry.npmjs.org/deep-extend/-/deep-extend-0.6.0.tgz. Extracting by manifest.
6282 silly tarball no local data for rc@https://registry.npmjs.org/rc/-/rc-1.2.8.tgz. Extracting by manifest.
6283 silly tarball no local data for nested-error-stacks@https://registry.npmjs.org/nested-error-stacks/-/nested-error-stacks-2.0.1.tgz. Extracting by manifest.
6284 silly tarball no local data for unicode-match-property-value-ecmascript@https://registry.npmjs.org/unicode-match-property-value-ecmascript/-/unicode-match-property-value-ecmascript-2.2.1.tgz. Extracting by manifest.
6285 silly tarball no local data for regjsparser@https://registry.npmjs.org/regjsparser/-/regjsparser-0.13.1.tgz. Extracting by manifest.
6286 silly tarball no local data for regjsgen@https://registry.npmjs.org/regjsgen/-/regjsgen-0.8.0.tgz. Extracting by manifest.
6287 silly tarball no local data for regenerate-unicode-properties@https://registry.npmjs.org/regenerate-unicode-properties/-/regenerate-unicode-properties-10.2.2.tgz. Extracting by manifest.
6288 silly tarball no local data for unicode-match-property-ecmascript@https://registry.npmjs.org/unicode-match-property-ecmascript/-/unicode-match-property-ecmascript-2.0.0.tgz. Extracting by manifest.
6289 silly tarball no local data for regenerate@https://registry.npmjs.org/regenerate/-/regenerate-1.4.2.tgz. Extracting by manifest.
6290 silly tarball no local data for esprima@https://registry.npmjs.org/esprima/-/esprima-4.0.1.tgz. Extracting by manifest.
6291 silly tarball no local data for hyphenate-style-name@https://registry.npmjs.org/hyphenate-style-name/-/hyphenate-style-name-1.1.0.tgz. Extracting by manifest.
6292 silly tarball no local data for ast-types@https://registry.npmjs.org/ast-types/-/ast-types-0.15.2.tgz. Extracting by manifest.
6293 silly tarball no local data for fast-loops@https://registry.npmjs.org/fast-loops/-/fast-loops-1.1.4.tgz. Extracting by manifest.
6294 silly tarball no local data for css-in-js-utils@https://registry.npmjs.org/css-in-js-utils/-/css-in-js-utils-3.1.0.tgz. Extracting by manifest.
6295 silly tarball no local data for styleq@https://registry.npmjs.org/styleq/-/styleq-0.1.3.tgz. Extracting by manifest.
6296 silly tarball no local data for postcss-value-parser@https://registry.npmjs.org/postcss-value-parser/-/postcss-value-parser-4.2.0.tgz. Extracting by manifest.
6297 silly tarball no local data for inline-style-prefixer@https://registry.npmjs.org/inline-style-prefixer/-/inline-style-prefixer-6.0.4.tgz. Extracting by manifest.
6298 silly tarball no local data for entities@https://registry.npmjs.org/entities/-/entities-4.5.0.tgz. Extracting by manifest.
6299 silly tarball no local data for dom-serializer@https://registry.npmjs.org/dom-serializer/-/dom-serializer-2.0.0.tgz. Extracting by manifest.
6300 silly tarball no local data for domelementtype@https://registry.npmjs.org/domelementtype/-/domelementtype-2.3.0.tgz. Extracting by manifest.
6301 silly tarball no local data for mdn-data@https://registry.npmjs.org/mdn-data/-/mdn-data-2.0.14.tgz. Extracting by manifest.
6302 silly tarball no local data for nth-check@https://registry.npmjs.org/nth-check/-/nth-check-2.1.1.tgz. Extracting by manifest.
6303 silly tarball no local data for domutils@https://registry.npmjs.org/domutils/-/domutils-3.2.2.tgz. Extracting by manifest.
6304 silly tarball no local data for domhandler@https://registry.npmjs.org/domhandler/-/domhandler-5.0.3.tgz. Extracting by manifest.
6305 silly tarball no local data for css-what@https://registry.npmjs.org/css-what/-/css-what-6.2.2.tgz. Extracting by manifest.
6306 silly tarball no local data for boolbase@https://registry.npmjs.org/boolbase/-/boolbase-1.0.0.tgz. Extracting by manifest.
6307 silly tarball no local data for css-tree@https://registry.npmjs.org/css-tree/-/css-tree-1.1.3.tgz. Extracting by manifest.
6308 silly tarball no local data for react-freeze@https://registry.npmjs.org/react-freeze/-/react-freeze-1.0.4.tgz. Extracting by manifest.
6309 silly tarball no local data for @types/hammerjs@https://registry.npmjs.org/@types/hammerjs/-/hammerjs-2.0.46.tgz. Extracting by manifest.
6310 silly tarball no local data for css-select@https://registry.npmjs.org/css-select/-/css-select-5.2.2.tgz. Extracting by manifest.
6311 silly tarball no local data for hoist-non-react-statics@https://registry.npmjs.org/hoist-non-react-statics/-/hoist-non-react-statics-3.3.2.tgz. Extracting by manifest.
6312 silly tarball no local data for @egjs/hammerjs@https://registry.npmjs.org/@egjs/hammerjs/-/hammerjs-2.0.17.tgz. Extracting by manifest.
6313 silly tarball no local data for shell-quote@https://registry.npmjs.org/shell-quote/-/shell-quote-1.8.3.tgz. Extracting by manifest.
6314 silly tarball no local data for inherits@https://registry.npmjs.org/inherits/-/inherits-2.0.4.tgz. Extracting by manifest.
6315 silly tarball no local data for json-parse-better-errors@https://registry.npmjs.org/json-parse-better-errors/-/json-parse-better-errors-1.0.2.tgz. Extracting by manifest.
6316 silly tarball no local data for error-ex@https://registry.npmjs.org/error-ex/-/error-ex-1.3.4.tgz. Extracting by manifest.
6317 silly tarball no local data for is-arrayish@https://registry.npmjs.org/is-arrayish/-/is-arrayish-0.2.1.tgz. Extracting by manifest.
6318 silly tarball no local data for terser@https://registry.npmjs.org/terser/-/terser-5.47.1.tgz. Extracting by manifest.
6319 silly tarball no local data for metro-minify-terser@https://registry.npmjs.org/metro-minify-terser/-/metro-minify-terser-0.81.5.tgz. Extracting by manifest.
6320 silly tarball no local data for vlq@https://registry.npmjs.org/vlq/-/vlq-1.0.1.tgz. Extracting by manifest.
6321 silly tarball no local data for ob1@https://registry.npmjs.org/ob1/-/ob1-0.81.5.tgz. Extracting by manifest.
6322 silly tarball no local data for @babel/traverse--for-generate-function-map@https://registry.npmjs.org/@babel/traverse/-/traverse-7.29.0.tgz. Extracting by manifest.
6323 silly tarball no local data for jest-get-type@https://registry.npmjs.org/jest-get-type/-/jest-get-type-29.6.3.tgz. Extracting by manifest.
6324 silly tarball no local data for leven@https://registry.npmjs.org/leven/-/leven-3.1.0.tgz. Extracting by manifest.
6325 silly tarball no local data for callsites@https://registry.npmjs.org/callsites/-/callsites-2.0.0.tgz. Extracting by manifest.
6326 silly tarball no local data for caller-callsite@https://registry.npmjs.org/caller-callsite/-/caller-callsite-2.0.0.tgz. Extracting by manifest.
6327 silly tarball no local data for caller-path@https://registry.npmjs.org/caller-path/-/caller-path-2.0.0.tgz. Extracting by manifest.
6328 silly tarball no local data for parse-json@https://registry.npmjs.org/parse-json/-/parse-json-4.0.0.tgz. Extracting by manifest.
6329 silly tarball no local data for import-fresh@https://registry.npmjs.org/import-fresh/-/import-fresh-2.0.0.tgz. Extracting by manifest.
6330 silly tarball no local data for is-directory@https://registry.npmjs.org/is-directory/-/is-directory-0.3.1.tgz. Extracting by manifest.
6331 silly tarball no local data for jest-validate@https://registry.npmjs.org/jest-validate/-/jest-validate-29.7.0.tgz. Extracting by manifest.
6332 silly tarball no local data for exponential-backoff@https://registry.npmjs.org/exponential-backoff/-/exponential-backoff-3.1.3.tgz. Extracting by manifest.
6333 silly tarball no local data for cosmiconfig@https://registry.npmjs.org/cosmiconfig/-/cosmiconfig-5.2.1.tgz. Extracting by manifest.
6334 silly tarball no local data for queue@https://registry.npmjs.org/queue/-/queue-6.0.2.tgz. Extracting by manifest.
6335 silly tarball no local data for stackframe@https://registry.npmjs.org/stackframe/-/stackframe-1.3.4.tgz. Extracting by manifest.
6336 silly tarball no local data for source-map@https://registry.npmjs.org/source-map/-/source-map-0.5.7.tgz. Extracting by manifest.
6337 silly tarball no local data for throat@https://registry.npmjs.org/throat/-/throat-5.0.0.tgz. Extracting by manifest.
6338 silly tarball no local data for metro-transform-worker@https://registry.npmjs.org/metro-transform-worker/-/metro-transform-worker-0.81.5.tgz. Extracting by manifest.
6339 silly tarball no local data for metro-transform-plugins@https://registry.npmjs.org/metro-transform-plugins/-/metro-transform-plugins-0.81.5.tgz. Extracting by manifest.
6340 silly tarball no local data for metro-symbolicate@https://registry.npmjs.org/metro-symbolicate/-/metro-symbolicate-0.81.5.tgz. Extracting by manifest.
6341 silly tarball no local data for serialize-error@https://registry.npmjs.org/serialize-error/-/serialize-error-2.1.0.tgz. Extracting by manifest.
6342 silly tarball no local data for metro-resolver@https://registry.npmjs.org/metro-resolver/-/metro-resolver-0.81.5.tgz. Extracting by manifest.
6343 silly tarball no local data for metro-cache-key@https://registry.npmjs.org/metro-cache-key/-/metro-cache-key-0.81.5.tgz. Extracting by manifest.
6344 silly tarball no local data for metro-file-map@https://registry.npmjs.org/metro-file-map/-/metro-file-map-0.81.5.tgz. Extracting by manifest.
6345 silly tarball no local data for metro-cache@https://registry.npmjs.org/metro-cache/-/metro-cache-0.81.5.tgz. Extracting by manifest.
6346 silly tarball no local data for metro-babel-transformer@https://registry.npmjs.org/metro-babel-transformer/-/metro-babel-transformer-0.81.5.tgz. Extracting by manifest.
6347 silly tarball no local data for lodash.throttle@https://registry.npmjs.org/lodash.throttle/-/lodash.throttle-4.1.1.tgz. Extracting by manifest.
6348 silly tarball no local data for error-stack-parser@https://registry.npmjs.org/error-stack-parser/-/error-stack-parser-2.1.4.tgz. Extracting by manifest.
6349 silly tarball no local data for image-size@https://registry.npmjs.org/image-size/-/image-size-1.2.1.tgz. Extracting by manifest.
6350 silly tarball no local data for stack-utils@https://registry.npmjs.org/stack-utils/-/stack-utils-2.0.6.tgz. Extracting by manifest.
6351 silly tarball no local data for merge-stream@https://registry.npmjs.org/merge-stream/-/merge-stream-2.0.0.tgz. Extracting by manifest.
6352 silly tarball no local data for @types/stack-utils@https://registry.npmjs.org/@types/stack-utils/-/stack-utils-2.0.3.tgz. Extracting by manifest.
6353 silly tarball no local data for bser@https://registry.npmjs.org/bser/-/bser-2.1.1.tgz. Extracting by manifest.
6354 silly tarball no local data for normalize-path@https://registry.npmjs.org/normalize-path/-/normalize-path-3.0.0.tgz. Extracting by manifest.
6355 silly tarball no local data for walker@https://registry.npmjs.org/walker/-/walker-1.0.8.tgz. Extracting by manifest.
6356 silly tarball no local data for node-int64@https://registry.npmjs.org/node-int64/-/node-int64-0.4.0.tgz. Extracting by manifest.
6357 silly tarball no local data for jest-worker@https://registry.npmjs.org/jest-worker/-/jest-worker-29.7.0.tgz. Extracting by manifest.
6358 silly tarball no local data for fsevents@https://registry.npmjs.org/fsevents/-/fsevents-2.3.3.tgz. Extracting by manifest.
6359 silly tarball no local data for fb-watchman@https://registry.npmjs.org/fb-watchman/-/fb-watchman-2.0.2.tgz. Extracting by manifest.
6360 silly tarball no local data for anymatch@https://registry.npmjs.org/anymatch/-/anymatch-3.1.3.tgz. Extracting by manifest.
6361 silly tarball no local data for @types/graceful-fs@https://registry.npmjs.org/@types/graceful-fs/-/graceful-fs-4.1.9.tgz. Extracting by manifest.
6362 silly tarball no local data for type-detect@https://registry.npmjs.org/type-detect/-/type-detect-4.0.8.tgz. Extracting by manifest.
6363 silly tarball no local data for @sinonjs/commons@https://registry.npmjs.org/@sinonjs/commons/-/commons-3.0.1.tgz. Extracting by manifest.
6364 silly tarball no local data for @sinonjs/fake-timers@https://registry.npmjs.org/@sinonjs/fake-timers/-/fake-timers-10.3.0.tgz. Extracting by manifest.
6365 silly tarball no local data for jest-mock@https://registry.npmjs.org/jest-mock/-/jest-mock-29.7.0.tgz. Extracting by manifest.
6366 silly tarball no local data for jest-message-util@https://registry.npmjs.org/jest-message-util/-/jest-message-util-29.7.0.tgz. Extracting by manifest.
6367 silly tarball no local data for @jest/fake-timers@https://registry.npmjs.org/@jest/fake-timers/-/fake-timers-29.7.0.tgz. Extracting by manifest.
6368 silly tarball no local data for @jest/environment@https://registry.npmjs.org/@jest/environment/-/environment-29.7.0.tgz. Extracting by manifest.
6369 silly tarball no local data for istanbul-lib-coverage@https://registry.npmjs.org/istanbul-lib-coverage/-/istanbul-lib-coverage-3.2.2.tgz. Extracting by manifest.
6370 silly tarball no local data for @babel/plugin-syntax-private-property-in-object@https://registry.npmjs.org/@babel/plugin-syntax-private-property-in-object/-/plugin-syntax-private-property-in-object-7.14.5.tgz. Extracting by manifest.
6371 silly tarball no local data for @babel/plugin-syntax-optional-catch-binding@https://registry.npmjs.org/@babel/plugin-syntax-optional-catch-binding/-/plugin-syntax-optional-catch-binding-7.8.3.tgz. Extracting by manifest.
6372 silly tarball no local data for @babel/plugin-syntax-top-level-await@https://registry.npmjs.org/@babel/plugin-syntax-top-level-await/-/plugin-syntax-top-level-await-7.14.5.tgz. Extracting by manifest.
6373 silly tarball no local data for @babel/plugin-syntax-numeric-separator@https://registry.npmjs.org/@babel/plugin-syntax-numeric-separator/-/plugin-syntax-numeric-separator-7.10.4.tgz. Extracting by manifest.
6374 silly tarball no local data for @babel/plugin-syntax-object-rest-spread@https://registry.npmjs.org/@babel/plugin-syntax-object-rest-spread/-/plugin-syntax-object-rest-spread-7.8.3.tgz. Extracting by manifest.
6375 silly tarball no local data for @babel/plugin-syntax-logical-assignment-operators@https://registry.npmjs.org/@babel/plugin-syntax-logical-assignment-operators/-/plugin-syntax-logical-assignment-operators-7.10.4.tgz. Extracting by manifest.
6376 silly tarball no local data for @babel/plugin-syntax-json-strings@https://registry.npmjs.org/@babel/plugin-syntax-json-strings/-/plugin-syntax-json-strings-7.8.3.tgz. Extracting by manifest.
6377 silly tarball no local data for @babel/plugin-syntax-import-meta@https://registry.npmjs.org/@babel/plugin-syntax-import-meta/-/plugin-syntax-import-meta-7.10.4.tgz. Extracting by manifest.
6378 silly tarball no local data for @babel/plugin-syntax-class-static-block@https://registry.npmjs.org/@babel/plugin-syntax-class-static-block/-/plugin-syntax-class-static-block-7.14.5.tgz. Extracting by manifest.
6379 silly tarball no local data for @babel/plugin-syntax-class-properties@https://registry.npmjs.org/@babel/plugin-syntax-class-properties/-/plugin-syntax-class-properties-7.12.13.tgz. Extracting by manifest.
6380 silly tarball no local data for @babel/plugin-syntax-bigint@https://registry.npmjs.org/@babel/plugin-syntax-bigint/-/plugin-syntax-bigint-7.8.3.tgz. Extracting by manifest.
6381 silly tarball no local data for @babel/plugin-syntax-async-generators@https://registry.npmjs.org/@babel/plugin-syntax-async-generators/-/plugin-syntax-async-generators-7.8.4.tgz. Extracting by manifest.
6382 silly tarball no local data for babel-preset-current-node-syntax@https://registry.npmjs.org/babel-preset-current-node-syntax/-/babel-preset-current-node-syntax-1.2.0.tgz. Extracting by manifest.
6383 silly tarball no local data for babel-plugin-jest-hoist@https://registry.npmjs.org/babel-plugin-jest-hoist/-/babel-plugin-jest-hoist-29.6.3.tgz. Extracting by manifest.
6384 silly tarball no local data for get-package-type@https://registry.npmjs.org/get-package-type/-/get-package-type-0.1.0.tgz. Extracting by manifest.
6385 silly tarball no local data for test-exclude@https://registry.npmjs.org/test-exclude/-/test-exclude-6.0.0.tgz. Extracting by manifest.
6386 silly tarball no local data for camelcase@https://registry.npmjs.org/camelcase/-/camelcase-5.3.1.tgz. Extracting by manifest.
6387 silly tarball no local data for istanbul-lib-instrument@https://registry.npmjs.org/istanbul-lib-instrument/-/istanbul-lib-instrument-5.2.1.tgz. Extracting by manifest.
6388 silly tarball no local data for @istanbuljs/load-nyc-config@https://registry.npmjs.org/@istanbuljs/load-nyc-config/-/load-nyc-config-1.1.0.tgz. Extracting by manifest.
6389 silly tarball no local data for @istanbuljs/schema@https://registry.npmjs.org/@istanbuljs/schema/-/schema-0.1.6.tgz. Extracting by manifest.
6390 silly tarball no local data for @types/babel__template@https://registry.npmjs.org/@types/babel__template/-/babel__template-7.4.4.tgz. Extracting by manifest.
6391 silly tarball no local data for @types/babel__traverse@https://registry.npmjs.org/@types/babel__traverse/-/babel__traverse-7.28.0.tgz. Extracting by manifest.
6392 silly tarball no local data for @types/babel__generator@https://registry.npmjs.org/@types/babel__generator/-/babel__generator-7.27.0.tgz. Extracting by manifest.
6393 silly tarball no local data for jest-util@https://registry.npmjs.org/jest-util/-/jest-util-29.7.0.tgz. Extracting by manifest.
6394 silly tarball no local data for jest-regex-util@https://registry.npmjs.org/jest-regex-util/-/jest-regex-util-29.6.3.tgz. Extracting by manifest.
6395 silly tarball no local data for jest-haste-map@https://registry.npmjs.org/jest-haste-map/-/jest-haste-map-29.7.0.tgz. Extracting by manifest.
6396 silly tarball no local data for fast-json-stable-stringify@https://registry.npmjs.org/fast-json-stable-stringify/-/fast-json-stable-stringify-2.1.0.tgz. Extracting by manifest.
6397 silly tarball no local data for babel-plugin-istanbul@https://registry.npmjs.org/babel-plugin-istanbul/-/babel-plugin-istanbul-6.1.1.tgz. Extracting by manifest.
6398 silly tarball no local data for babel-preset-jest@https://registry.npmjs.org/babel-preset-jest/-/babel-preset-jest-29.6.3.tgz. Extracting by manifest.
6399 silly tarball no local data for @types/yargs-parser@https://registry.npmjs.org/@types/yargs-parser/-/yargs-parser-21.0.3.tgz. Extracting by manifest.
6400 silly tarball no local data for @types/babel__core@https://registry.npmjs.org/@types/babel__core/-/babel__core-7.20.5.tgz. Extracting by manifest.
6401 silly tarball no local data for @types/istanbul-lib-report@https://registry.npmjs.org/@types/istanbul-lib-report/-/istanbul-lib-report-3.0.3.tgz. Extracting by manifest.
6402 silly tarball no local data for @jest/transform@https://registry.npmjs.org/@jest/transform/-/transform-29.7.0.tgz. Extracting by manifest.
6403 silly tarball no local data for readline@https://registry.npmjs.org/readline/-/readline-1.3.0.tgz. Extracting by manifest.
6404 silly tarball no local data for metro-core@https://registry.npmjs.org/metro-core/-/metro-core-0.81.5.tgz. Extracting by manifest.
6405 silly tarball no local data for metro-config@https://registry.npmjs.org/metro-config/-/metro-config-0.81.5.tgz. Extracting by manifest.
6406 silly tarball no local data for metro@https://registry.npmjs.org/metro/-/metro-0.81.5.tgz. Extracting by manifest.
6407 silly tarball no local data for @types/yargs@https://registry.npmjs.org/@types/yargs/-/yargs-17.0.35.tgz. Extracting by manifest.
6408 silly tarball no local data for @types/istanbul-reports@https://registry.npmjs.org/@types/istanbul-reports/-/istanbul-reports-3.0.4.tgz. Extracting by manifest.
6409 silly tarball no local data for @types/istanbul-lib-coverage@https://registry.npmjs.org/@types/istanbul-lib-coverage/-/istanbul-lib-coverage-2.0.6.tgz. Extracting by manifest.
6410 silly tarball no local data for @react-native/metro-babel-transformer@https://registry.npmjs.org/@react-native/metro-babel-transformer/-/metro-babel-transformer-0.76.3.tgz. Extracting by manifest.
6411 silly tarball no local data for regenerator-runtime@https://registry.npmjs.org/regenerator-runtime/-/regenerator-runtime-0.13.11.tgz. Extracting by manifest.
6412 silly tarball no local data for whatwg-fetch@https://registry.npmjs.org/whatwg-fetch/-/whatwg-fetch-3.6.20.tgz. Extracting by manifest.
6413 silly tarball no local data for react-devtools-core@https://registry.npmjs.org/react-devtools-core/-/react-devtools-core-5.3.2.tgz. Extracting by manifest.
6414 silly tarball no local data for @jest/types@https://registry.npmjs.org/@jest/types/-/types-29.6.3.tgz. Extracting by manifest.
6415 silly tarball no local data for metro-source-map@https://registry.npmjs.org/metro-source-map/-/metro-source-map-0.81.5.tgz. Extracting by manifest.
6416 silly tarball no local data for memoize-one@https://registry.npmjs.org/memoize-one/-/memoize-one-5.2.1.tgz. Extracting by manifest.
6417 silly tarball no local data for jsc-android@https://registry.npmjs.org/jsc-android/-/jsc-android-250231.0.0.tgz. Extracting by manifest.
6418 silly tarball no local data for jest-environment-node@https://registry.npmjs.org/jest-environment-node/-/jest-environment-node-29.7.0.tgz. Extracting by manifest.
6419 silly tarball no local data for metro-runtime@https://registry.npmjs.org/metro-runtime/-/metro-runtime-0.81.5.tgz. Extracting by manifest.
6420 silly tarball no local data for babel-jest@https://registry.npmjs.org/babel-jest/-/babel-jest-29.7.0.tgz. Extracting by manifest.
6421 silly tarball no local data for ansi-regex@https://registry.npmjs.org/ansi-regex/-/ansi-regex-5.0.1.tgz. Extracting by manifest.
6422 silly tarball no local data for @react-native/virtualized-lists@https://registry.npmjs.org/@react-native/virtualized-lists/-/virtualized-lists-0.76.3.tgz. Extracting by manifest.
6423 silly tarball no local data for anser@https://registry.npmjs.org/anser/-/anser-1.4.10.tgz. Extracting by manifest.
6424 silly tarball no local data for flow-enums-runtime@https://registry.npmjs.org/flow-enums-runtime/-/flow-enums-runtime-0.0.6.tgz. Extracting by manifest.
6425 silly tarball no local data for @react-native/js-polyfills@https://registry.npmjs.org/@react-native/js-polyfills/-/js-polyfills-0.76.3.tgz. Extracting by manifest.
6426 silly tarball no local data for @react-native/gradle-plugin@https://registry.npmjs.org/@react-native/gradle-plugin/-/gradle-plugin-0.76.3.tgz. Extracting by manifest.
6427 silly tarball no local data for @react-native/community-cli-plugin@https://registry.npmjs.org/@react-native/community-cli-plugin/-/community-cli-plugin-0.76.3.tgz. Extracting by manifest.
6428 silly tarball no local data for @jest/create-cache-key-function@https://registry.npmjs.org/@jest/create-cache-key-function/-/create-cache-key-function-29.7.0.tgz. Extracting by manifest.
6429 silly tarball no local data for @react-native/assets-registry@https://registry.npmjs.org/@react-native/assets-registry/-/assets-registry-0.76.3.tgz. Extracting by manifest.
6430 silly tarball no local data for react-fast-compare@https://registry.npmjs.org/react-fast-compare/-/react-fast-compare-3.2.2.tgz. Extracting by manifest.
6431 silly tarball no local data for prop-types@https://registry.npmjs.org/prop-types/-/prop-types-15.8.1.tgz. Extracting by manifest.
6432 silly tarball no local data for shallowequal@https://registry.npmjs.org/shallowequal/-/shallowequal-1.1.0.tgz. Extracting by manifest.
6433 silly tarball no local data for scheduler@https://registry.npmjs.org/scheduler/-/scheduler-0.23.2.tgz. Extracting by manifest.
6434 silly tarball no local data for strict-uri-encode@https://registry.npmjs.org/strict-uri-encode/-/strict-uri-encode-2.0.0.tgz. Extracting by manifest.
6435 silly tarball no local data for split-on-first@https://registry.npmjs.org/split-on-first/-/split-on-first-1.1.0.tgz. Extracting by manifest.
6436 silly tarball no local data for filter-obj@https://registry.npmjs.org/filter-obj/-/filter-obj-1.1.0.tgz. Extracting by manifest.
6437 silly tarball no local data for decode-uri-component@https://registry.npmjs.org/decode-uri-component/-/decode-uri-component-0.2.2.tgz. Extracting by manifest.
6438 silly tarball no local data for once@https://registry.npmjs.org/once/-/once-1.4.0.tgz. Extracting by manifest.
6439 silly tarball no local data for wrappy@https://registry.npmjs.org/wrappy/-/wrappy-1.0.2.tgz. Extracting by manifest.
6440 silly tarball no local data for end-of-stream@https://registry.npmjs.org/end-of-stream/-/end-of-stream-1.4.5.tgz. Extracting by manifest.
6441 silly tarball no local data for kleur@https://registry.npmjs.org/kleur/-/kleur-3.0.3.tgz. Extracting by manifest.
6442 silly tarball no local data for sisteransi@https://registry.npmjs.org/sisteransi/-/sisteransi-1.0.5.tgz. Extracting by manifest.
6443 silly tarball no local data for @sinclair/typebox@https://registry.npmjs.org/@sinclair/typebox/-/typebox-0.27.10.tgz. Extracting by manifest.
6444 silly tarball no local data for @jest/schemas@https://registry.npmjs.org/@jest/schemas/-/schemas-29.6.3.tgz. Extracting by manifest.
6445 silly tarball no local data for asap@https://registry.npmjs.org/asap/-/asap-2.0.6.tgz. Extracting by manifest.
6446 silly tarball no local data for source-map-js@https://registry.npmjs.org/source-map-js/-/source-map-js-1.2.1.tgz. Extracting by manifest.
6447 silly tarball no local data for aggregate-error@https://registry.npmjs.org/aggregate-error/-/aggregate-error-3.1.0.tgz. Extracting by manifest.
6448 silly tarball no local data for clean-stack@https://registry.npmjs.org/clean-stack/-/clean-stack-2.2.0.tgz. Extracting by manifest.
6449 silly tarball no local data for restore-cursor@https://registry.npmjs.org/restore-cursor/-/restore-cursor-2.0.0.tgz. Extracting by manifest.
6450 silly tarball no local data for wcwidth@https://registry.npmjs.org/wcwidth/-/wcwidth-1.0.1.tgz. Extracting by manifest.
6451 silly tarball no local data for log-symbols@https://registry.npmjs.org/log-symbols/-/log-symbols-2.2.0.tgz. Extracting by manifest.
6452 silly tarball no local data for cli-spinners@https://registry.npmjs.org/cli-spinners/-/cli-spinners-2.9.2.tgz. Extracting by manifest.
6453 silly tarball no local data for call-bound@https://registry.npmjs.org/call-bound/-/call-bound-1.0.4.tgz. Extracting by manifest.
6454 silly tarball no local data for cli-cursor@https://registry.npmjs.org/cli-cursor/-/cli-cursor-2.1.0.tgz. Extracting by manifest.
6455 silly tarball no local data for ee-first@https://registry.npmjs.org/ee-first/-/ee-first-1.1.1.tgz. Extracting by manifest.
6456 silly tarball no local data for proc-log@https://registry.npmjs.org/proc-log/-/proc-log-4.2.0.tgz. Extracting by manifest.
6457 silly tarball no local data for validate-npm-package-name@https://registry.npmjs.org/validate-npm-package-name/-/validate-npm-package-name-5.0.1.tgz. Extracting by manifest.
6458 silly tarball no local data for pngjs@https://registry.npmjs.org/pngjs/-/pngjs-3.4.0.tgz. Extracting by manifest.
6459 silly tarball no local data for whatwg-url@https://registry.npmjs.org/whatwg-url/-/whatwg-url-5.0.0.tgz. Extracting by manifest.
6460 silly tarball no local data for hosted-git-info@https://registry.npmjs.org/hosted-git-info/-/hosted-git-info-7.0.2.tgz. Extracting by manifest.
6461 silly tarball no local data for balanced-match@https://registry.npmjs.org/balanced-match/-/balanced-match-1.0.2.tgz. Extracting by manifest.
6462 silly tarball no local data for minimist@https://registry.npmjs.org/minimist/-/minimist-1.2.8.tgz. Extracting by manifest.
6463 silly tarball no local data for concat-map@https://registry.npmjs.org/concat-map/-/concat-map-0.0.1.tgz. Extracting by manifest.
6464 silly tarball no local data for brace-expansion@https://registry.npmjs.org/brace-expansion/-/brace-expansion-1.1.14.tgz. Extracting by manifest.
6465 silly tarball no local data for indent-string@https://registry.npmjs.org/indent-string/-/indent-string-4.0.0.tgz. Extracting by manifest.
6466 silly tarball no local data for to-regex-range@https://registry.npmjs.org/to-regex-range/-/to-regex-range-5.0.1.tgz. Extracting by manifest.
6467 silly tarball no local data for braces@https://registry.npmjs.org/braces/-/braces-3.0.3.tgz. Extracting by manifest.
6468 silly tarball no local data for fill-range@https://registry.npmjs.org/fill-range/-/fill-range-7.1.1.tgz. Extracting by manifest.
6469 silly tarball no local data for yocto-queue@https://registry.npmjs.org/yocto-queue/-/yocto-queue-0.1.0.tgz. Extracting by manifest.
6470 silly tarball no local data for buffer-fill@https://registry.npmjs.org/buffer-fill/-/buffer-fill-1.0.0.tgz. Extracting by manifest.
6471 silly tarball no local data for is-plain-obj@https://registry.npmjs.org/is-plain-obj/-/is-plain-obj-2.1.0.tgz. Extracting by manifest.
6472 silly tarball no local data for buffer-alloc-unsafe@https://registry.npmjs.org/buffer-alloc-unsafe/-/buffer-alloc-unsafe-1.1.0.tgz. Extracting by manifest.
6473 silly tarball no local data for buffer-alloc@https://registry.npmjs.org/buffer-alloc/-/buffer-alloc-1.2.0.tgz. Extracting by manifest.
6474 silly tarball no local data for crypt@https://registry.npmjs.org/crypt/-/crypt-0.0.2.tgz. Extracting by manifest.
6475 silly tarball no local data for is-buffer@https://registry.npmjs.org/is-buffer/-/is-buffer-1.1.6.tgz. Extracting by manifest.
6476 silly tarball no local data for yallist@https://registry.npmjs.org/yallist/-/yallist-3.1.1.tgz. Extracting by manifest.
6477 silly tarball no local data for charenc@https://registry.npmjs.org/charenc/-/charenc-0.0.2.tgz. Extracting by manifest.
6478 silly tarball no local data for pify@https://registry.npmjs.org/pify/-/pify-4.0.1.tgz. Extracting by manifest.
6479 silly tarball no local data for p-locate@https://registry.npmjs.org/p-locate/-/p-locate-5.0.0.tgz. Extracting by manifest.
6480 silly tarball no local data for lightningcss-darwin-x64@https://registry.npmjs.org/lightningcss-darwin-x64/-/lightningcss-darwin-x64-1.27.0.tgz. Extracting by manifest.
6481 silly tarball no local data for detect-libc@https://registry.npmjs.org/detect-libc/-/detect-libc-1.0.3.tgz. Extracting by manifest.
6482 silly tarball no local data for marky@https://registry.npmjs.org/marky/-/marky-1.3.0.tgz. Extracting by manifest.
6483 silly tarball no local data for isobject@https://registry.npmjs.org/isobject/-/isobject-3.0.1.tgz. Extracting by manifest.
6484 silly tarball no local data for kind-of@https://registry.npmjs.org/kind-of/-/kind-of-6.0.3.tgz. Extracting by manifest.
6485 silly tarball no local data for pkg-dir@https://registry.npmjs.org/pkg-dir/-/pkg-dir-3.0.0.tgz. Extracting by manifest.
6486 silly tarball no local data for commondir@https://registry.npmjs.org/commondir/-/commondir-1.0.1.tgz. Extracting by manifest.
6487 silly tarball no local data for shallow-clone@https://registry.npmjs.org/shallow-clone/-/shallow-clone-3.0.1.tgz. Extracting by manifest.
6488 silly tarball no local data for is-plain-object@https://registry.npmjs.org/is-plain-object/-/is-plain-object-2.0.4.tgz. Extracting by manifest.
6489 silly tarball no local data for pirates@https://registry.npmjs.org/pirates/-/pirates-4.0.7.tgz. Extracting by manifest.
6490 silly tarball no local data for clone-deep@https://registry.npmjs.org/clone-deep/-/clone-deep-4.0.1.tgz. Extracting by manifest.
6491 silly tarball no local data for make-dir@https://registry.npmjs.org/make-dir/-/make-dir-2.1.0.tgz. Extracting by manifest.
6492 silly tarball no local data for write-file-atomic@https://registry.npmjs.org/write-file-atomic/-/write-file-atomic-2.4.3.tgz. Extracting by manifest.
6493 silly tarball no local data for temp@https://registry.npmjs.org/temp/-/temp-0.8.4.tgz. Extracting by manifest.
6494 silly tarball no local data for node-dir@https://registry.npmjs.org/node-dir/-/node-dir-0.1.17.tgz. Extracting by manifest.
6495 silly tarball no local data for find-cache-dir@https://registry.npmjs.org/find-cache-dir/-/find-cache-dir-2.1.0.tgz. Extracting by manifest.
6496 silly tarball no local data for recast@https://registry.npmjs.org/recast/-/recast-0.21.5.tgz. Extracting by manifest.
6497 silly tarball no local data for babel-core@https://registry.npmjs.org/babel-core/-/babel-core-7.0.0-bridge.0.tgz. Extracting by manifest.
6498 silly tarball no local data for neo-async@https://registry.npmjs.org/neo-async/-/neo-async-2.6.2.tgz. Extracting by manifest.
6499 silly tarball no local data for flow-parser@https://registry.npmjs.org/flow-parser/-/flow-parser-0.314.0.tgz. Extracting by manifest.
6500 silly tarball no local data for @babel/register@https://registry.npmjs.org/@babel/register/-/register-7.29.3.tgz. Extracting by manifest.
6501 silly tarball no local data for @babel/preset-flow@https://registry.npmjs.org/@babel/preset-flow/-/preset-flow-7.27.1.tgz. Extracting by manifest.
6502 silly tarball no local data for argparse@https://registry.npmjs.org/argparse/-/argparse-2.0.1.tgz. Extracting by manifest.
6503 silly tarball no local data for @babel/plugin-proposal-optional-chaining@https://registry.npmjs.org/@babel/plugin-proposal-optional-chaining/-/plugin-proposal-optional-chaining-7.21.0.tgz. Extracting by manifest.
6504 silly tarball no local data for @babel/plugin-proposal-class-properties@https://registry.npmjs.org/@babel/plugin-proposal-class-properties/-/plugin-proposal-class-properties-7.18.6.tgz. Extracting by manifest.
6505 silly tarball no local data for @babel/plugin-proposal-nullish-coalescing-operator@https://registry.npmjs.org/@babel/plugin-proposal-nullish-coalescing-operator/-/plugin-proposal-nullish-coalescing-operator-7.18.6.tgz. Extracting by manifest.
6506 silly tarball no local data for strip-ansi-cjs@https://registry.npmjs.org/strip-ansi/-/strip-ansi-6.0.1.tgz. Extracting by manifest.
6507 silly tarball no local data for strip-ansi@https://registry.npmjs.org/strip-ansi/-/strip-ansi-7.2.0.tgz. Extracting by manifest.
6508 silly tarball no local data for string-width@https://registry.npmjs.org/string-width/-/string-width-5.1.2.tgz. Extracting by manifest.
6509 silly tarball no local data for string-width-cjs@https://registry.npmjs.org/string-width/-/string-width-4.2.3.tgz. Extracting by manifest.
6510 silly tarball no local data for wrap-ansi-cjs@https://registry.npmjs.org/wrap-ansi/-/wrap-ansi-7.0.0.tgz. Extracting by manifest.
6511 silly tarball no local data for object-keys@https://registry.npmjs.org/object-keys/-/object-keys-1.1.1.tgz. Extracting by manifest.
6512 silly tarball no local data for @isaacs/cliui@https://registry.npmjs.org/@isaacs/cliui/-/cliui-8.0.2.tgz. Extracting by manifest.
6513 silly tarball no local data for @pkgjs/parseargs@https://registry.npmjs.org/@pkgjs/parseargs/-/parseargs-0.11.0.tgz. Extracting by manifest.
6514 silly tarball no local data for has-property-descriptors@https://registry.npmjs.org/has-property-descriptors/-/has-property-descriptors-1.0.2.tgz. Extracting by manifest.
6515 silly tarball no local data for define-data-property@https://registry.npmjs.org/define-data-property/-/define-data-property-1.1.4.tgz. Extracting by manifest.
6516 silly tarball no local data for define-properties@https://registry.npmjs.org/define-properties/-/define-properties-1.2.1.tgz. Extracting by manifest.
6517 silly tarball no local data for is-extglob@https://registry.npmjs.org/is-extglob/-/is-extglob-2.1.1.tgz. Extracting by manifest.
6518 silly tarball no local data for strip-eof@https://registry.npmjs.org/strip-eof/-/strip-eof-1.0.0.tgz. Extracting by manifest.
6519 silly tarball no local data for pump@https://registry.npmjs.org/pump/-/pump-3.0.4.tgz. Extracting by manifest.
6520 silly tarball no local data for is-stream@https://registry.npmjs.org/is-stream/-/is-stream-1.1.0.tgz. Extracting by manifest.
6521 silly tarball no local data for p-finally@https://registry.npmjs.org/p-finally/-/p-finally-1.0.0.tgz. Extracting by manifest.
6522 silly tarball no local data for npm-run-path@https://registry.npmjs.org/npm-run-path/-/npm-run-path-2.0.2.tgz. Extracting by manifest.
6523 silly tarball no local data for get-stream@https://registry.npmjs.org/get-stream/-/get-stream-4.1.0.tgz. Extracting by manifest.
6524 silly tarball no local data for ip-regex@https://registry.npmjs.org/ip-regex/-/ip-regex-2.1.0.tgz. Extracting by manifest.
6525 silly tarball no local data for execa@https://registry.npmjs.org/execa/-/execa-1.0.0.tgz. Extracting by manifest.
6526 silly tarball no local data for ipaddr.js@https://registry.npmjs.org/ipaddr.js/-/ipaddr.js-1.9.1.tgz. Extracting by manifest.
6527 silly tarball no local data for is-glob@https://registry.npmjs.org/is-glob/-/is-glob-4.0.3.tgz. Extracting by manifest.
6528 silly tarball no local data for hermes-estree@https://registry.npmjs.org/hermes-estree/-/hermes-estree-0.23.1.tgz. Extracting by manifest.
6529 silly tarball no local data for signal-exit@https://registry.npmjs.org/signal-exit/-/signal-exit-4.1.0.tgz. Extracting by manifest.
6530 silly tarball no local data for path-scurry@https://registry.npmjs.org/path-scurry/-/path-scurry-1.11.1.tgz. Extracting by manifest.
6531 silly tarball no local data for package-json-from-dist@https://registry.npmjs.org/package-json-from-dist/-/package-json-from-dist-1.0.1.tgz. Extracting by manifest.
6532 silly tarball no local data for default-gateway@https://registry.npmjs.org/default-gateway/-/default-gateway-4.2.0.tgz. Extracting by manifest.
6533 silly tarball no local data for foreground-child@https://registry.npmjs.org/foreground-child/-/foreground-child-3.3.1.tgz. Extracting by manifest.
6534 silly tarball no local data for math-intrinsics@https://registry.npmjs.org/math-intrinsics/-/math-intrinsics-1.1.0.tgz. Extracting by manifest.
6535 silly tarball no local data for jackspeak@https://registry.npmjs.org/jackspeak/-/jackspeak-3.4.3.tgz. Extracting by manifest.
6536 silly tarball no local data for dunder-proto@https://registry.npmjs.org/dunder-proto/-/dunder-proto-1.0.1.tgz. Extracting by manifest.
6537 silly tarball no local data for has-symbols@https://registry.npmjs.org/has-symbols/-/has-symbols-1.1.0.tgz. Extracting by manifest.
6538 silly tarball no local data for gopd@https://registry.npmjs.org/gopd/-/gopd-1.2.0.tgz. Extracting by manifest.
6539 silly tarball no local data for jsonfile@https://registry.npmjs.org/jsonfile/-/jsonfile-4.0.0.tgz. Extracting by manifest.
6540 silly tarball no local data for es-object-atoms@https://registry.npmjs.org/es-object-atoms/-/es-object-atoms-1.1.1.tgz. Extracting by manifest.
6541 silly tarball no local data for universalify@https://registry.npmjs.org/universalify/-/universalify-0.1.2.tgz. Extracting by manifest.
6542 silly tarball no local data for has-tostringtag@https://registry.npmjs.org/has-tostringtag/-/has-tostringtag-1.0.2.tgz. Extracting by manifest.
6543 silly tarball no local data for graceful-fs@https://registry.npmjs.org/graceful-fs/-/graceful-fs-4.2.11.tgz. Extracting by manifest.
6544 silly tarball no local data for delayed-stream@https://registry.npmjs.org/delayed-stream/-/delayed-stream-1.0.0.tgz. Extracting by manifest.
6545 silly tarball no local data for get-proto@https://registry.npmjs.org/get-proto/-/get-proto-1.0.1.tgz. Extracting by manifest.
6546 silly tarball no local data for es-set-tostringtag@https://registry.npmjs.org/es-set-tostringtag/-/es-set-tostringtag-2.1.0.tgz. Extracting by manifest.
6547 silly tarball no local data for asynckit@https://registry.npmjs.org/asynckit/-/asynckit-0.4.0.tgz. Extracting by manifest.
6548 silly tarball no local data for path-exists@https://registry.npmjs.org/path-exists/-/path-exists-4.0.0.tgz. Extracting by manifest.
6549 silly tarball no local data for combined-stream@https://registry.npmjs.org/combined-stream/-/combined-stream-1.0.8.tgz. Extracting by manifest.
6550 silly tarball no local data for hasown@https://registry.npmjs.org/hasown/-/hasown-2.0.3.tgz. Extracting by manifest.
6551 silly tarball no local data for locate-path@https://registry.npmjs.org/locate-path/-/locate-path-6.0.0.tgz. Extracting by manifest.
6552 silly tarball no local data for unpipe@https://registry.npmjs.org/unpipe/-/unpipe-1.0.0.tgz. Extracting by manifest.
6553 silly tarball no local data for statuses@https://registry.npmjs.org/statuses/-/statuses-1.5.0.tgz. Extracting by manifest.
6554 silly tarball no local data for encodeurl@https://registry.npmjs.org/encodeurl/-/encodeurl-1.0.2.tgz. Extracting by manifest.
6555 silly tarball no local data for ua-parser-js@https://registry.npmjs.org/ua-parser-js/-/ua-parser-js-1.0.41.tgz. Extracting by manifest.
6556 silly tarball no local data for escape-html@https://registry.npmjs.org/escape-html/-/escape-html-1.0.3.tgz. Extracting by manifest.
6557 silly tarball no local data for on-finished@https://registry.npmjs.org/on-finished/-/on-finished-2.3.0.tgz. Extracting by manifest.
6558 silly tarball no local data for promise@https://registry.npmjs.org/promise/-/promise-7.3.1.tgz. Extracting by manifest.
6559 silly tarball no local data for object-assign@https://registry.npmjs.org/object-assign/-/object-assign-4.1.1.tgz. Extracting by manifest.
6560 silly tarball no local data for loose-envify@https://registry.npmjs.org/loose-envify/-/loose-envify-1.4.0.tgz. Extracting by manifest.
6561 silly tarball no local data for setimmediate@https://registry.npmjs.org/setimmediate/-/setimmediate-1.0.5.tgz. Extracting by manifest.
6562 silly tarball no local data for fbjs-css-vars@https://registry.npmjs.org/fbjs-css-vars/-/fbjs-css-vars-1.0.2.tgz. Extracting by manifest.
6563 silly tarball no local data for cross-fetch@https://registry.npmjs.org/cross-fetch/-/cross-fetch-3.2.0.tgz. Extracting by manifest.
6564 silly tarball no local data for fbjs@https://registry.npmjs.org/fbjs/-/fbjs-3.0.5.tgz. Extracting by manifest.
6565 silly tarball no local data for reusify@https://registry.npmjs.org/reusify/-/reusify-1.1.0.tgz. Extracting by manifest.
6566 silly tarball no local data for run-parallel@https://registry.npmjs.org/run-parallel/-/run-parallel-1.2.0.tgz. Extracting by manifest.
6567 silly tarball no local data for micromatch@https://registry.npmjs.org/micromatch/-/micromatch-4.0.8.tgz. Extracting by manifest.
6568 silly tarball no local data for @nodelib/fs.scandir@https://registry.npmjs.org/@nodelib/fs.scandir/-/fs.scandir-2.1.5.tgz. Extracting by manifest.
6569 silly tarball no local data for merge2@https://registry.npmjs.org/merge2/-/merge2-1.4.1.tgz. Extracting by manifest.
6570 silly tarball no local data for fastq@https://registry.npmjs.org/fastq/-/fastq-1.20.1.tgz. Extracting by manifest.
6571 silly tarball no local data for glob-parent@https://registry.npmjs.org/glob-parent/-/glob-parent-5.1.2.tgz. Extracting by manifest.
6572 silly tarball no local data for @nodelib/fs.stat@https://registry.npmjs.org/@nodelib/fs.stat/-/fs.stat-2.0.5.tgz. Extracting by manifest.
6573 silly tarball no local data for simple-swizzle@https://registry.npmjs.org/simple-swizzle/-/simple-swizzle-0.2.4.tgz. Extracting by manifest.
6574 silly tarball no local data for color-string@https://registry.npmjs.org/color-string/-/color-string-1.9.1.tgz. Extracting by manifest.
6575 silly tarball no local data for @nodelib/fs.walk@https://registry.npmjs.org/@nodelib/fs.walk/-/fs.walk-1.2.8.tgz. Extracting by manifest.
6576 silly tarball no local data for warn-once@https://registry.npmjs.org/warn-once/-/warn-once-0.1.1.tgz. Extracting by manifest.
6577 silly tarball no local data for react-is@https://registry.npmjs.org/react-is/-/react-is-19.2.6.tgz. Extracting by manifest.
6578 silly tarball no local data for @react-navigation/routers@https://registry.npmjs.org/@react-navigation/routers/-/routers-7.5.5.tgz. Extracting by manifest.
6579 silly tarball no local data for nanoid@https://registry.npmjs.org/nanoid/-/nanoid-3.3.12.tgz. Extracting by manifest.
6580 silly tarball no local data for query-string@https://registry.npmjs.org/query-string/-/query-string-7.1.3.tgz. Extracting by manifest.
6581 silly tarball no local data for fast-deep-equal@https://registry.npmjs.org/fast-deep-equal/-/fast-deep-equal-3.1.3.tgz. Extracting by manifest.
6582 silly tarball no local data for @react-navigation/core@https://registry.npmjs.org/@react-navigation/core/-/core-7.17.4.tgz. Extracting by manifest.
6583 silly tarball no local data for use-sync-external-store@https://registry.npmjs.org/use-sync-external-store/-/use-sync-external-store-1.6.0.tgz. Extracting by manifest.
6584 silly tarball no local data for sf-symbols-typescript@https://registry.npmjs.org/sf-symbols-typescript/-/sf-symbols-typescript-2.2.0.tgz. Extracting by manifest.
6585 silly tarball no local data for use-latest-callback@https://registry.npmjs.org/use-latest-callback/-/use-latest-callback-0.2.6.tgz. Extracting by manifest.
6586 silly tarball no local data for color@https://registry.npmjs.org/color/-/color-4.2.3.tgz. Extracting by manifest.
6587 silly tarball no local data for server-only@https://registry.npmjs.org/server-only/-/server-only-0.0.1.tgz. Extracting by manifest.
6588 silly tarball no local data for @radix-ui/react-compose-refs@https://registry.npmjs.org/@radix-ui/react-compose-refs/-/react-compose-refs-1.0.0.tgz. Extracting by manifest.
6589 silly tarball no local data for @react-navigation/elements@https://registry.npmjs.org/@react-navigation/elements/-/elements-2.9.18.tgz. Extracting by manifest.
6590 silly tarball no local data for schema-utils@https://registry.npmjs.org/schema-utils/-/schema-utils-4.3.3.tgz. Extracting by manifest.
6591 silly tarball no local data for react-native-helmet-async@https://registry.npmjs.org/react-native-helmet-async/-/react-native-helmet-async-2.0.4.tgz. Extracting by manifest.
6592 silly tarball no local data for client-only@https://registry.npmjs.org/client-only/-/client-only-0.0.1.tgz. Extracting by manifest.
6593 silly tarball no local data for react-native-is-edge-to-edge@https://registry.npmjs.org/react-native-is-edge-to-edge/-/react-native-is-edge-to-edge-1.3.1.tgz. Extracting by manifest.
6594 silly tarball no local data for react-helmet-async@https://registry.npmjs.org/react-helmet-async/-/react-helmet-async-1.3.0.tgz. Extracting by manifest.
6595 silly tarball no local data for @react-navigation/native@https://registry.npmjs.org/@react-navigation/native/-/native-7.2.4.tgz. Extracting by manifest.
6596 silly tarball no local data for @react-navigation/native-stack@https://registry.npmjs.org/@react-navigation/native-stack/-/native-stack-7.15.1.tgz. Extracting by manifest.
6597 silly tarball no local data for @react-navigation/bottom-tabs@https://registry.npmjs.org/@react-navigation/bottom-tabs/-/bottom-tabs-7.16.1.tgz. Extracting by manifest.
6598 silly tarball no local data for @radix-ui/react-slot@https://registry.npmjs.org/@radix-ui/react-slot/-/react-slot-1.0.1.tgz. Extracting by manifest.
6599 silly tarball no local data for @expo/server@https://registry.npmjs.org/@expo/server/-/server-0.5.3.tgz. Extracting by manifest.
6600 silly tarball no local data for @expo/metro-runtime@https://registry.npmjs.org/@expo/metro-runtime/-/metro-runtime-4.0.1.tgz. Extracting by manifest.
6601 silly tarball no local data for function-bind@https://registry.npmjs.org/function-bind/-/function-bind-1.1.2.tgz. Extracting by manifest.
6602 silly tarball no local data for set-function-length@https://registry.npmjs.org/set-function-length/-/set-function-length-1.2.2.tgz. Extracting by manifest.
6603 silly tarball no local data for es-errors@https://registry.npmjs.org/es-errors/-/es-errors-1.3.0.tgz. Extracting by manifest.
6604 silly tarball no local data for get-intrinsic@https://registry.npmjs.org/get-intrinsic/-/get-intrinsic-1.3.0.tgz. Extracting by manifest.
6605 silly tarball no local data for es-define-property@https://registry.npmjs.org/es-define-property/-/es-define-property-1.0.1.tgz. Extracting by manifest.
6606 silly tarball no local data for call-bind-apply-helpers@https://registry.npmjs.org/call-bind-apply-helpers/-/call-bind-apply-helpers-1.0.2.tgz. Extracting by manifest.
6607 silly tarball no local data for util@https://registry.npmjs.org/util/-/util-0.12.5.tgz. Extracting by manifest.
6608 silly tarball no local data for object.assign@https://registry.npmjs.org/object.assign/-/object.assign-4.1.7.tgz. Extracting by manifest.
6609 silly tarball no local data for is-nan@https://registry.npmjs.org/is-nan/-/is-nan-1.3.2.tgz. Extracting by manifest.
6610 silly tarball no local data for call-bind@https://registry.npmjs.org/call-bind/-/call-bind-1.0.9.tgz. Extracting by manifest.
6611 silly tarball no local data for event-target-shim@https://registry.npmjs.org/event-target-shim/-/event-target-shim-5.0.1.tgz. Extracting by manifest.
6612 silly tarball no local data for object-is@https://registry.npmjs.org/object-is/-/object-is-1.1.6.tgz. Extracting by manifest.
6613 silly tarball no local data for badgin@https://registry.npmjs.org/badgin/-/badgin-1.2.3.tgz. Extracting by manifest.
6614 silly tarball no local data for expo-application@https://registry.npmjs.org/expo-application/-/expo-application-6.0.2.tgz. Extracting by manifest.
6615 silly tarball no local data for assert@https://registry.npmjs.org/assert/-/assert-2.1.0.tgz. Extracting by manifest.
6616 silly tarball no local data for @ide/backoff@https://registry.npmjs.org/@ide/backoff/-/backoff-1.0.0.tgz. Extracting by manifest.
6617 silly tarball no local data for abort-controller@https://registry.npmjs.org/abort-controller/-/abort-controller-3.0.0.tgz. Extracting by manifest.
6618 silly tarball no local data for commander@https://registry.npmjs.org/commander/-/commander-7.2.0.tgz. Extracting by manifest.
6619 silly tarball no local data for expo-image-loader@https://registry.npmjs.org/expo-image-loader/-/expo-image-loader-5.0.0.tgz. Extracting by manifest.
6620 silly tarball no local data for fontfaceobserver@https://registry.npmjs.org/fontfaceobserver/-/fontfaceobserver-2.3.0.tgz. Extracting by manifest.
6621 silly tarball no local data for md5-file@https://registry.npmjs.org/md5-file/-/md5-file-3.2.3.tgz. Extracting by manifest.
6622 silly tarball no local data for which@https://registry.npmjs.org/which/-/which-2.0.2.tgz. Extracting by manifest.
6623 silly tarball no local data for utils-merge@https://registry.npmjs.org/utils-merge/-/utils-merge-1.0.1.tgz. Extracting by manifest.
6624 silly tarball no local data for path-key@https://registry.npmjs.org/path-key/-/path-key-3.1.1.tgz. Extracting by manifest.
6625 silly tarball no local data for shebang-command@https://registry.npmjs.org/shebang-command/-/shebang-command-2.0.0.tgz. Extracting by manifest.
6626 silly tarball no local data for mime-db@https://registry.npmjs.org/mime-db/-/mime-db-1.54.0.tgz. Extracting by manifest.
6627 silly tarball no local data for vary@https://registry.npmjs.org/vary/-/vary-1.1.2.tgz. Extracting by manifest.
6628 silly tarball no local data for finalhandler@https://registry.npmjs.org/finalhandler/-/finalhandler-1.1.2.tgz. Extracting by manifest.
6629 silly tarball no local data for parseurl@https://registry.npmjs.org/parseurl/-/parseurl-1.3.3.tgz. Extracting by manifest.
6630 silly tarball no local data for safe-buffer@https://registry.npmjs.org/safe-buffer/-/safe-buffer-5.2.1.tgz. Extracting by manifest.
6631 silly tarball no local data for on-headers@https://registry.npmjs.org/on-headers/-/on-headers-1.1.0.tgz. Extracting by manifest.
6632 silly tarball no local data for compressible@https://registry.npmjs.org/compressible/-/compressible-2.0.18.tgz. Extracting by manifest.
6633 silly tarball no local data for bytes@https://registry.npmjs.org/bytes/-/bytes-3.1.2.tgz. Extracting by manifest.
6634 silly tarball no local data for color-name@https://registry.npmjs.org/color-name/-/color-name-1.1.4.tgz. Extracting by manifest.
6635 silly tarball no local data for rimraf@https://registry.npmjs.org/rimraf/-/rimraf-3.0.2.tgz. Extracting by manifest.
6636 silly tarball no local data for undici-types@https://registry.npmjs.org/undici-types/-/undici-types-7.24.6.tgz. Extracting by manifest.
6637 silly tarball no local data for lighthouse-logger@https://registry.npmjs.org/lighthouse-logger/-/lighthouse-logger-1.4.2.tgz. Extracting by manifest.
6638 silly tarball no local data for @types/node@https://registry.npmjs.org/@types/node/-/node-25.8.0.tgz. Extracting by manifest.
6639 silly tarball no local data for escape-string-regexp@https://registry.npmjs.org/escape-string-regexp/-/escape-string-regexp-4.0.0.tgz. Extracting by manifest.
6640 silly tarball no local data for color-convert@https://registry.npmjs.org/color-convert/-/color-convert-2.0.1.tgz. Extracting by manifest.
6641 silly tarball no local data for supports-color@https://registry.npmjs.org/supports-color/-/supports-color-7.2.0.tgz. Extracting by manifest.
6642 silly tarball no local data for ansi-styles@https://registry.npmjs.org/ansi-styles/-/ansi-styles-4.3.0.tgz. Extracting by manifest.
6643 silly tarball no local data for unique-filename@https://registry.npmjs.org/unique-filename/-/unique-filename-3.0.0.tgz. Extracting by manifest.
6644 silly tarball no local data for ssri@https://registry.npmjs.org/ssri/-/ssri-10.0.6.tgz. Extracting by manifest.
6645 silly tarball no local data for p-map@https://registry.npmjs.org/p-map/-/p-map-4.0.0.tgz. Extracting by manifest.
6646 silly tarball no local data for minipass-flush@https://registry.npmjs.org/minipass-flush/-/minipass-flush-1.0.7.tgz. Extracting by manifest.
6647 silly tarball no local data for minipass-collect@https://registry.npmjs.org/minipass-collect/-/minipass-collect-2.0.1.tgz. Extracting by manifest.
6648 silly tarball no local data for fs-minipass@https://registry.npmjs.org/fs-minipass/-/fs-minipass-3.0.3.tgz. Extracting by manifest.
6649 silly tarball no local data for @npmcli/fs@https://registry.npmjs.org/@npmcli/fs/-/fs-3.1.1.tgz. Extracting by manifest.
6650 silly tarball no local data for minipass@https://registry.npmjs.org/minipass/-/minipass-7.1.3.tgz. Extracting by manifest.
6651 silly tarball no local data for big-integer@https://registry.npmjs.org/big-integer/-/big-integer-1.6.52.tgz. Extracting by manifest.
6652 silly tarball no local data for stream-buffers@https://registry.npmjs.org/stream-buffers/-/stream-buffers-2.2.0.tgz. Extracting by manifest.
6653 silly tarball no local data for @babel/helper-define-polyfill-provider@https://registry.npmjs.org/@babel/helper-define-polyfill-provider/-/helper-define-polyfill-provider-0.6.8.tgz. Extracting by manifest.
6654 silly tarball no local data for minipass-pipeline@https://registry.npmjs.org/minipass-pipeline/-/minipass-pipeline-1.2.4.tgz. Extracting by manifest.
6655 silly tarball no local data for yargs@https://registry.npmjs.org/yargs/-/yargs-17.7.2.tgz. Extracting by manifest.
6656 silly tarball no local data for hermes-parser@https://registry.npmjs.org/hermes-parser/-/hermes-parser-0.23.1.tgz. Extracting by manifest.
6657 silly tarball no local data for mkdirp@https://registry.npmjs.org/mkdirp/-/mkdirp-0.5.6.tgz. Extracting by manifest.
6658 silly tarball no local data for jscodeshift@https://registry.npmjs.org/jscodeshift/-/jscodeshift-0.14.0.tgz. Extracting by manifest.
6659 silly tarball no local data for esutils@https://registry.npmjs.org/esutils/-/esutils-2.0.3.tgz. Extracting by manifest.
6660 silly tarball no local data for core-js-compat@https://registry.npmjs.org/core-js-compat/-/core-js-compat-3.49.0.tgz. Extracting by manifest.
6661 silly tarball no local data for @babel/preset-modules@https://registry.npmjs.org/@babel/preset-modules/-/preset-modules-0.1.6-no-external-plugins.tgz. Extracting by manifest.
6662 silly tarball no local data for @babel/plugin-transform-unicode-property-regex@https://registry.npmjs.org/@babel/plugin-transform-unicode-property-regex/-/plugin-transform-unicode-property-regex-7.28.6.tgz. Extracting by manifest.
6663 silly tarball no local data for @babel/plugin-transform-unicode-escapes@https://registry.npmjs.org/@babel/plugin-transform-unicode-escapes/-/plugin-transform-unicode-escapes-7.27.1.tgz. Extracting by manifest.
6664 silly tarball no local data for @babel/plugin-transform-typeof-symbol@https://registry.npmjs.org/@babel/plugin-transform-typeof-symbol/-/plugin-transform-typeof-symbol-7.27.1.tgz. Extracting by manifest.
6665 silly tarball no local data for @babel/plugin-transform-template-literals@https://registry.npmjs.org/@babel/plugin-transform-template-literals/-/plugin-transform-template-literals-7.27.1.tgz. Extracting by manifest.
6666 silly tarball no local data for @babel/plugin-transform-unicode-sets-regex@https://registry.npmjs.org/@babel/plugin-transform-unicode-sets-regex/-/plugin-transform-unicode-sets-regex-7.28.6.tgz. Extracting by manifest.
6667 silly tarball no local data for @babel/plugin-transform-reserved-words@https://registry.npmjs.org/@babel/plugin-transform-reserved-words/-/plugin-transform-reserved-words-7.27.1.tgz. Extracting by manifest.
6668 silly tarball no local data for @babel/plugin-transform-regexp-modifiers@https://registry.npmjs.org/@babel/plugin-transform-regexp-modifiers/-/plugin-transform-regexp-modifiers-7.28.6.tgz. Extracting by manifest.
6669 silly tarball no local data for @babel/plugin-transform-object-super@https://registry.npmjs.org/@babel/plugin-transform-object-super/-/plugin-transform-object-super-7.27.1.tgz. Extracting by manifest.
6670 silly tarball no local data for @babel/plugin-transform-property-literals@https://registry.npmjs.org/@babel/plugin-transform-property-literals/-/plugin-transform-property-literals-7.27.1.tgz. Extracting by manifest.
6671 silly tarball no local data for @babel/plugin-transform-new-target@https://registry.npmjs.org/@babel/plugin-transform-new-target/-/plugin-transform-new-target-7.27.1.tgz. Extracting by manifest.
6672 silly tarball no local data for @babel/plugin-transform-modules-systemjs@https://registry.npmjs.org/@babel/plugin-transform-modules-systemjs/-/plugin-transform-modules-systemjs-7.29.4.tgz. Extracting by manifest.
6673 silly tarball no local data for @babel/plugin-transform-member-expression-literals@https://registry.npmjs.org/@babel/plugin-transform-member-expression-literals/-/plugin-transform-member-expression-literals-7.27.1.tgz. Extracting by manifest.
6674 silly tarball no local data for @babel/plugin-transform-modules-umd@https://registry.npmjs.org/@babel/plugin-transform-modules-umd/-/plugin-transform-modules-umd-7.27.1.tgz. Extracting by manifest.
6675 silly tarball no local data for @babel/plugin-transform-modules-amd@https://registry.npmjs.org/@babel/plugin-transform-modules-amd/-/plugin-transform-modules-amd-7.27.1.tgz. Extracting by manifest.
6676 silly tarball no local data for @babel/plugin-transform-json-strings@https://registry.npmjs.org/@babel/plugin-transform-json-strings/-/plugin-transform-json-strings-7.28.6.tgz. Extracting by manifest.
6677 silly tarball no local data for @babel/plugin-transform-explicit-resource-management@https://registry.npmjs.org/@babel/plugin-transform-explicit-resource-management/-/plugin-transform-explicit-resource-management-7.28.6.tgz. Extracting by manifest.
6678 silly tarball no local data for @babel/plugin-transform-exponentiation-operator@https://registry.npmjs.org/@babel/plugin-transform-exponentiation-operator/-/plugin-transform-exponentiation-operator-7.28.6.tgz. Extracting by manifest.
6679 silly tarball no local data for @babel/plugin-transform-dynamic-import@https://registry.npmjs.org/@babel/plugin-transform-dynamic-import/-/plugin-transform-dynamic-import-7.27.1.tgz. Extracting by manifest.
6680 silly tarball no local data for @babel/plugin-transform-duplicate-named-capturing-groups-regex@https://registry.npmjs.org/@babel/plugin-transform-duplicate-named-capturing-groups-regex/-/plugin-transform-duplicate-named-capturing-groups-regex-7.29.0.tgz. Extracting by manifest.
6681 silly tarball no local data for @babel/plugin-transform-dotall-regex@https://registry.npmjs.org/@babel/plugin-transform-dotall-regex/-/plugin-transform-dotall-regex-7.28.6.tgz. Extracting by manifest.
6682 silly tarball no local data for @babel/plugin-transform-class-static-block@https://registry.npmjs.org/@babel/plugin-transform-class-static-block/-/plugin-transform-class-static-block-7.28.6.tgz. Extracting by manifest.
6683 silly tarball no local data for @babel/plugin-transform-duplicate-keys@https://registry.npmjs.org/@babel/plugin-transform-duplicate-keys/-/plugin-transform-duplicate-keys-7.27.1.tgz. Extracting by manifest.
6684 silly tarball no local data for @babel/plugin-transform-block-scoped-functions@https://registry.npmjs.org/@babel/plugin-transform-block-scoped-functions/-/plugin-transform-block-scoped-functions-7.27.1.tgz. Extracting by manifest.
6685 silly tarball no local data for @babel/plugin-syntax-unicode-sets-regex@https://registry.npmjs.org/@babel/plugin-syntax-unicode-sets-regex/-/plugin-syntax-unicode-sets-regex-7.18.6.tgz. Extracting by manifest.
6686 silly tarball no local data for @babel/plugin-syntax-import-assertions@https://registry.npmjs.org/@babel/plugin-syntax-import-assertions/-/plugin-syntax-import-assertions-7.28.6.tgz. Extracting by manifest.
6687 silly tarball no local data for @babel/plugin-proposal-private-property-in-object@https://registry.npmjs.org/@babel/plugin-proposal-private-property-in-object/-/plugin-proposal-private-property-in-object-7.21.0-placeholder-for-preset-env.2.tgz. Extracting by manifest.
6688 silly tarball no local data for @babel/plugin-syntax-import-attributes@https://registry.npmjs.org/@babel/plugin-syntax-import-attributes/-/plugin-syntax-import-attributes-7.28.6.tgz. Extracting by manifest.
6689 silly tarball no local data for @babel/plugin-bugfix-v8-static-class-fields-redefine-readonly@https://registry.npmjs.org/@babel/plugin-bugfix-v8-static-class-fields-redefine-readonly/-/plugin-bugfix-v8-static-class-fields-redefine-readonly-7.28.6.tgz. Extracting by manifest.
6690 silly tarball no local data for @babel/plugin-bugfix-v8-spread-parameters-in-optional-chaining@https://registry.npmjs.org/@babel/plugin-bugfix-v8-spread-parameters-in-optional-chaining/-/plugin-bugfix-v8-spread-parameters-in-optional-chaining-7.27.1.tgz. Extracting by manifest.
6691 silly tarball no local data for @babel/plugin-bugfix-safari-id-destructuring-collision-in-function-expression@https://registry.npmjs.org/@babel/plugin-bugfix-safari-id-destructuring-collision-in-function-expression/-/plugin-bugfix-safari-id-destructuring-collision-in-function-expression-7.27.1.tgz. Extracting by manifest.
6692 silly tarball no local data for @babel/plugin-bugfix-safari-rest-destructuring-rhs-array@https://registry.npmjs.org/@babel/plugin-bugfix-safari-rest-destructuring-rhs-array/-/plugin-bugfix-safari-rest-destructuring-rhs-array-7.29.3.tgz. Extracting by manifest.
6693 silly tarball no local data for @babel/plugin-bugfix-safari-class-field-initializer-scope@https://registry.npmjs.org/@babel/plugin-bugfix-safari-class-field-initializer-scope/-/plugin-bugfix-safari-class-field-initializer-scope-7.27.1.tgz. Extracting by manifest.
6694 silly tarball no local data for @babel/plugin-bugfix-firefox-class-in-computed-class-key@https://registry.npmjs.org/@babel/plugin-bugfix-firefox-class-in-computed-class-key/-/plugin-bugfix-firefox-class-in-computed-class-key-7.28.5.tgz. Extracting by manifest.
6695 silly tarball no local data for @react-native/codegen@https://registry.npmjs.org/@react-native/codegen/-/codegen-0.76.9.tgz. Extracting by manifest.
6696 silly tarball no local data for babel-plugin-polyfill-regenerator@https://registry.npmjs.org/babel-plugin-polyfill-regenerator/-/babel-plugin-polyfill-regenerator-0.6.8.tgz. Extracting by manifest.
6697 silly tarball no local data for babel-plugin-polyfill-corejs3@https://registry.npmjs.org/babel-plugin-polyfill-corejs3/-/babel-plugin-polyfill-corejs3-0.13.0.tgz. Extracting by manifest.
6698 silly tarball no local data for @babel/preset-env@https://registry.npmjs.org/@babel/preset-env/-/preset-env-7.29.5.tgz. Extracting by manifest.
6699 silly tarball no local data for babel-plugin-polyfill-corejs2@https://registry.npmjs.org/babel-plugin-polyfill-corejs2/-/babel-plugin-polyfill-corejs2-0.4.17.tgz. Extracting by manifest.
6700 silly tarball no local data for regexpu-core@https://registry.npmjs.org/regexpu-core/-/regexpu-core-6.4.0.tgz. Extracting by manifest.
6701 silly tarball no local data for @babel/helper-create-regexp-features-plugin@https://registry.npmjs.org/@babel/helper-create-regexp-features-plugin/-/helper-create-regexp-features-plugin-7.28.5.tgz. Extracting by manifest.
6702 silly tarball no local data for @babel/plugin-syntax-flow@https://registry.npmjs.org/@babel/plugin-syntax-flow/-/plugin-syntax-flow-7.28.6.tgz. Extracting by manifest.
6703 silly tarball no local data for @babel/helper-wrap-function@https://registry.npmjs.org/@babel/helper-wrap-function/-/helper-wrap-function-7.28.6.tgz. Extracting by manifest.
6704 silly tarball no local data for @babel/helper-remap-async-to-generator@https://registry.npmjs.org/@babel/helper-remap-async-to-generator/-/helper-remap-async-to-generator-7.27.1.tgz. Extracting by manifest.
6705 silly tarball no local data for babel-plugin-syntax-hermes-parser@https://registry.npmjs.org/babel-plugin-syntax-hermes-parser/-/babel-plugin-syntax-hermes-parser-0.25.1.tgz. Extracting by manifest.
6706 silly tarball no local data for @react-native/babel-plugin-codegen@https://registry.npmjs.org/@react-native/babel-plugin-codegen/-/babel-plugin-codegen-0.76.9.tgz. Extracting by manifest.
6707 silly tarball no local data for @babel/plugin-transform-unicode-regex@https://registry.npmjs.org/@babel/plugin-transform-unicode-regex/-/plugin-transform-unicode-regex-7.27.1.tgz. Extracting by manifest.
6708 silly tarball no local data for babel-plugin-transform-flow-enums@https://registry.npmjs.org/babel-plugin-transform-flow-enums/-/babel-plugin-transform-flow-enums-0.0.2.tgz. Extracting by manifest.
6709 silly tarball no local data for @babel/plugin-transform-sticky-regex@https://registry.npmjs.org/@babel/plugin-transform-sticky-regex/-/plugin-transform-sticky-regex-7.27.1.tgz. Extracting by manifest.
6710 silly tarball no local data for @babel/plugin-transform-spread@https://registry.npmjs.org/@babel/plugin-transform-spread/-/plugin-transform-spread-7.28.6.tgz. Extracting by manifest.
6711 silly tarball no local data for @babel/plugin-transform-shorthand-properties@https://registry.npmjs.org/@babel/plugin-transform-shorthand-properties/-/plugin-transform-shorthand-properties-7.27.1.tgz. Extracting by manifest.
6712 silly tarball no local data for @babel/plugin-transform-regenerator@https://registry.npmjs.org/@babel/plugin-transform-regenerator/-/plugin-transform-regenerator-7.29.0.tgz. Extracting by manifest.
6713 silly tarball no local data for @babel/plugin-transform-runtime@https://registry.npmjs.org/@babel/plugin-transform-runtime/-/plugin-transform-runtime-7.29.0.tgz. Extracting by manifest.
6714 silly tarball no local data for @babel/plugin-transform-react-jsx-source@https://registry.npmjs.org/@babel/plugin-transform-react-jsx-source/-/plugin-transform-react-jsx-source-7.27.1.tgz. Extracting by manifest.
6715 silly tarball no local data for @babel/plugin-transform-react-jsx-self@https://registry.npmjs.org/@babel/plugin-transform-react-jsx-self/-/plugin-transform-react-jsx-self-7.27.1.tgz. Extracting by manifest.
6716 silly tarball no local data for @babel/plugin-transform-private-property-in-object@https://registry.npmjs.org/@babel/plugin-transform-private-property-in-object/-/plugin-transform-private-property-in-object-7.28.6.tgz. Extracting by manifest.
6717 silly tarball no local data for @babel/plugin-transform-private-methods@https://registry.npmjs.org/@babel/plugin-transform-private-methods/-/plugin-transform-private-methods-7.28.6.tgz. Extracting by manifest.
6718 silly tarball no local data for @babel/plugin-transform-optional-chaining@https://registry.npmjs.org/@babel/plugin-transform-optional-chaining/-/plugin-transform-optional-chaining-7.28.6.tgz. Extracting by manifest.
6719 silly tarball no local data for @babel/plugin-transform-numeric-separator@https://registry.npmjs.org/@babel/plugin-transform-numeric-separator/-/plugin-transform-numeric-separator-7.28.6.tgz. Extracting by manifest.
6720 silly tarball no local data for @babel/plugin-transform-optional-catch-binding@https://registry.npmjs.org/@babel/plugin-transform-optional-catch-binding/-/plugin-transform-optional-catch-binding-7.28.6.tgz. Extracting by manifest.
6721 silly tarball no local data for @babel/plugin-transform-named-capturing-groups-regex@https://registry.npmjs.org/@babel/plugin-transform-named-capturing-groups-regex/-/plugin-transform-named-capturing-groups-regex-7.29.0.tgz. Extracting by manifest.
6722 silly tarball no local data for @babel/plugin-transform-nullish-coalescing-operator@https://registry.npmjs.org/@babel/plugin-transform-nullish-coalescing-operator/-/plugin-transform-nullish-coalescing-operator-7.28.6.tgz. Extracting by manifest.
6723 silly tarball no local data for @babel/plugin-transform-logical-assignment-operators@https://registry.npmjs.org/@babel/plugin-transform-logical-assignment-operators/-/plugin-transform-logical-assignment-operators-7.28.6.tgz. Extracting by manifest.
6724 silly tarball no local data for @babel/plugin-transform-literals@https://registry.npmjs.org/@babel/plugin-transform-literals/-/plugin-transform-literals-7.27.1.tgz. Extracting by manifest.
6725 silly tarball no local data for @babel/plugin-transform-function-name@https://registry.npmjs.org/@babel/plugin-transform-function-name/-/plugin-transform-function-name-7.27.1.tgz. Extracting by manifest.
6726 silly tarball no local data for @babel/plugin-transform-for-of@https://registry.npmjs.org/@babel/plugin-transform-for-of/-/plugin-transform-for-of-7.27.1.tgz. Extracting by manifest.
6727 silly tarball no local data for @babel/plugin-transform-flow-strip-types@https://registry.npmjs.org/@babel/plugin-transform-flow-strip-types/-/plugin-transform-flow-strip-types-7.27.1.tgz. Extracting by manifest.
6728 silly tarball no local data for @babel/plugin-transform-computed-properties@https://registry.npmjs.org/@babel/plugin-transform-computed-properties/-/plugin-transform-computed-properties-7.28.6.tgz. Extracting by manifest.
6729 silly tarball no local data for @babel/plugin-transform-classes@https://registry.npmjs.org/@babel/plugin-transform-classes/-/plugin-transform-classes-7.28.6.tgz. Extracting by manifest.
6730 silly tarball no local data for @babel/plugin-transform-class-properties@https://registry.npmjs.org/@babel/plugin-transform-class-properties/-/plugin-transform-class-properties-7.28.6.tgz. Extracting by manifest.
6731 silly tarball no local data for @babel/plugin-transform-block-scoping@https://registry.npmjs.org/@babel/plugin-transform-block-scoping/-/plugin-transform-block-scoping-7.28.6.tgz. Extracting by manifest.
6732 silly tarball no local data for @babel/plugin-transform-async-to-generator@https://registry.npmjs.org/@babel/plugin-transform-async-to-generator/-/plugin-transform-async-to-generator-7.28.6.tgz. Extracting by manifest.
6733 silly tarball no local data for @babel/plugin-transform-async-generator-functions@https://registry.npmjs.org/@babel/plugin-transform-async-generator-functions/-/plugin-transform-async-generator-functions-7.29.0.tgz. Extracting by manifest.
6734 silly tarball no local data for @babel/plugin-transform-arrow-functions@https://registry.npmjs.org/@babel/plugin-transform-arrow-functions/-/plugin-transform-arrow-functions-7.27.1.tgz. Extracting by manifest.
6735 silly tarball no local data for @babel/plugin-syntax-optional-chaining@https://registry.npmjs.org/@babel/plugin-syntax-optional-chaining/-/plugin-syntax-optional-chaining-7.8.3.tgz. Extracting by manifest.
6736 silly tarball no local data for @babel/plugin-syntax-nullish-coalescing-operator@https://registry.npmjs.org/@babel/plugin-syntax-nullish-coalescing-operator/-/plugin-syntax-nullish-coalescing-operator-7.8.3.tgz. Extracting by manifest.
6737 silly tarball no local data for @babel/plugin-syntax-dynamic-import@https://registry.npmjs.org/@babel/plugin-syntax-dynamic-import/-/plugin-syntax-dynamic-import-7.8.3.tgz. Extracting by manifest.
6738 silly tarball no local data for @babel/plugin-syntax-export-default-from@https://registry.npmjs.org/@babel/plugin-syntax-export-default-from/-/plugin-syntax-export-default-from-7.28.6.tgz. Extracting by manifest.
6739 silly tarball no local data for @babel/plugin-proposal-export-default-from@https://registry.npmjs.org/@babel/plugin-proposal-export-default-from/-/plugin-proposal-export-default-from-7.27.1.tgz. Extracting by manifest.
6740 silly tarball no local data for @babel/plugin-syntax-typescript@https://registry.npmjs.org/@babel/plugin-syntax-typescript/-/plugin-syntax-typescript-7.28.6.tgz. Extracting by manifest.
6741 silly tarball no local data for @babel/plugin-transform-typescript@https://registry.npmjs.org/@babel/plugin-transform-typescript/-/plugin-transform-typescript-7.28.6.tgz. Extracting by manifest.
6742 silly tarball no local data for @babel/plugin-transform-modules-commonjs@https://registry.npmjs.org/@babel/plugin-transform-modules-commonjs/-/plugin-transform-modules-commonjs-7.28.6.tgz. Extracting by manifest.
6743 silly tarball no local data for @babel/plugin-syntax-jsx@https://registry.npmjs.org/@babel/plugin-syntax-jsx/-/plugin-syntax-jsx-7.28.6.tgz. Extracting by manifest.
6744 silly tarball no local data for @babel/plugin-transform-react-pure-annotations@https://registry.npmjs.org/@babel/plugin-transform-react-pure-annotations/-/plugin-transform-react-pure-annotations-7.27.1.tgz. Extracting by manifest.
6745 silly tarball no local data for @babel/plugin-transform-react-jsx@https://registry.npmjs.org/@babel/plugin-transform-react-jsx/-/plugin-transform-react-jsx-7.28.6.tgz. Extracting by manifest.
6746 silly tarball no local data for @babel/plugin-transform-react-display-name@https://registry.npmjs.org/@babel/plugin-transform-react-display-name/-/plugin-transform-react-display-name-7.28.0.tgz. Extracting by manifest.
6747 silly tarball no local data for @babel/plugin-transform-destructuring@https://registry.npmjs.org/@babel/plugin-transform-destructuring/-/plugin-transform-destructuring-7.28.5.tgz. Extracting by manifest.
6748 silly tarball no local data for @babel/plugin-transform-react-jsx-development@https://registry.npmjs.org/@babel/plugin-transform-react-jsx-development/-/plugin-transform-react-jsx-development-7.27.1.tgz. Extracting by manifest.
6749 silly tarball no local data for @babel/helper-skip-transparent-expression-wrappers@https://registry.npmjs.org/@babel/helper-skip-transparent-expression-wrappers/-/helper-skip-transparent-expression-wrappers-7.27.1.tgz. Extracting by manifest.
6750 silly tarball no local data for @babel/helper-replace-supers@https://registry.npmjs.org/@babel/helper-replace-supers/-/helper-replace-supers-7.28.6.tgz. Extracting by manifest.
6751 silly tarball no local data for @babel/helper-optimise-call-expression@https://registry.npmjs.org/@babel/helper-optimise-call-expression/-/helper-optimise-call-expression-7.27.1.tgz. Extracting by manifest.
6752 silly tarball no local data for @babel/helper-member-expression-to-functions@https://registry.npmjs.org/@babel/helper-member-expression-to-functions/-/helper-member-expression-to-functions-7.28.5.tgz. Extracting by manifest.
6753 silly tarball no local data for @babel/plugin-syntax-decorators@https://registry.npmjs.org/@babel/plugin-syntax-decorators/-/plugin-syntax-decorators-7.28.6.tgz. Extracting by manifest.
6754 silly tarball no local data for @babel/helper-plugin-utils@https://registry.npmjs.org/@babel/helper-plugin-utils/-/helper-plugin-utils-7.28.6.tgz. Extracting by manifest.
6755 silly tarball no local data for @babel/helper-create-class-features-plugin@https://registry.npmjs.org/@babel/helper-create-class-features-plugin/-/helper-create-class-features-plugin-7.29.3.tgz. Extracting by manifest.
6756 silly tarball no local data for @babel/helper-annotate-as-pure@https://registry.npmjs.org/@babel/helper-annotate-as-pure/-/helper-annotate-as-pure-7.27.3.tgz. Extracting by manifest.
6757 silly tarball no local data for react-refresh@https://registry.npmjs.org/react-refresh/-/react-refresh-0.14.2.tgz. Extracting by manifest.
6758 silly tarball no local data for babel-plugin-react-native-web@https://registry.npmjs.org/babel-plugin-react-native-web/-/babel-plugin-react-native-web-0.19.13.tgz. Extracting by manifest.
6759 silly tarball no local data for @react-native/babel-preset@https://registry.npmjs.org/@react-native/babel-preset/-/babel-preset-0.76.9.tgz. Extracting by manifest.
6760 silly tarball no local data for @babel/preset-typescript@https://registry.npmjs.org/@babel/preset-typescript/-/preset-typescript-7.28.5.tgz. Extracting by manifest.
6761 silly tarball no local data for @babel/preset-react@https://registry.npmjs.org/@babel/preset-react/-/preset-react-7.28.5.tgz. Extracting by manifest.
6762 silly tarball no local data for @babel/plugin-transform-parameters@https://registry.npmjs.org/@babel/plugin-transform-parameters/-/plugin-transform-parameters-7.27.7.tgz. Extracting by manifest.
6763 silly tarball no local data for @babel/plugin-transform-object-rest-spread@https://registry.npmjs.org/@babel/plugin-transform-object-rest-spread/-/plugin-transform-object-rest-spread-7.28.6.tgz. Extracting by manifest.
6764 silly tarball no local data for @babel/plugin-proposal-decorators@https://registry.npmjs.org/@babel/plugin-proposal-decorators/-/plugin-proposal-decorators-7.29.0.tgz. Extracting by manifest.
6765 silly tarball no local data for @babel/plugin-transform-export-namespace-from@https://registry.npmjs.org/@babel/plugin-transform-export-namespace-from/-/plugin-transform-export-namespace-from-7.27.1.tgz. Extracting by manifest.
6766 silly tarball no local data for negotiator@https://registry.npmjs.org/negotiator/-/negotiator-0.6.3.tgz. Extracting by manifest.
6767 silly tarball no local data for mime-types@https://registry.npmjs.org/mime-types/-/mime-types-2.1.35.tgz. Extracting by manifest.
6768 silly tarball no local data for wonka@https://registry.npmjs.org/wonka/-/wonka-6.3.6.tgz. Extracting by manifest.
6769 silly tarball no local data for join-component@https://registry.npmjs.org/join-component/-/join-component-1.1.0.tgz. Extracting by manifest.
6770 silly tarball no local data for component-type@https://registry.npmjs.org/component-type/-/component-type-1.2.2.tgz. Extracting by manifest.
6771 silly tarball no local data for serve-static@https://registry.npmjs.org/serve-static/-/serve-static-1.16.3.tgz. Extracting by manifest.
6772 silly tarball no local data for open@https://registry.npmjs.org/open/-/open-7.4.2.tgz. Extracting by manifest.
6773 silly tarball no local data for selfsigned@https://registry.npmjs.org/selfsigned/-/selfsigned-2.4.1.tgz. Extracting by manifest.
6774 silly tarball no local data for nullthrows@https://registry.npmjs.org/nullthrows/-/nullthrows-1.1.1.tgz. Extracting by manifest.
6775 silly tarball no local data for invariant@https://registry.npmjs.org/invariant/-/invariant-2.2.4.tgz. Extracting by manifest.
6776 silly tarball no local data for chrome-launcher@https://registry.npmjs.org/chrome-launcher/-/chrome-launcher-0.15.2.tgz. Extracting by manifest.
6777 silly tarball no local data for chromium-edge-launcher@https://registry.npmjs.org/chromium-edge-launcher/-/chromium-edge-launcher-0.2.0.tgz. Extracting by manifest.
6778 silly tarball no local data for @react-native/debugger-frontend@https://registry.npmjs.org/@react-native/debugger-frontend/-/debugger-frontend-0.76.9.tgz. Extracting by manifest.
6779 silly tarball no local data for @isaacs/ttlcache@https://registry.npmjs.org/@isaacs/ttlcache/-/ttlcache-1.4.1.tgz. Extracting by manifest.
6780 silly tarball no local data for js-yaml@https://registry.npmjs.org/js-yaml/-/js-yaml-4.1.1.tgz. Extracting by manifest.
6781 silly tarball no local data for cross-spawn@https://registry.npmjs.org/cross-spawn/-/cross-spawn-7.0.6.tgz. Extracting by manifest.
6782 silly tarball no local data for uuid@https://registry.npmjs.org/uuid/-/uuid-8.3.2.tgz. Extracting by manifest.
6783 silly tarball no local data for remove-trailing-slash@https://registry.npmjs.org/remove-trailing-slash/-/remove-trailing-slash-0.1.1.tgz. Extracting by manifest.
6784 silly tarball no local data for node-fetch@https://registry.npmjs.org/node-fetch/-/node-fetch-2.7.0.tgz. Extracting by manifest.
6785 silly tarball no local data for md5@https://registry.npmjs.org/md5/-/md5-2.3.0.tgz. Extracting by manifest.
6786 silly tarball no local data for @segment/loosely-validate-event@https://registry.npmjs.org/@segment/loosely-validate-event/-/loosely-validate-event-2.0.0.tgz. Extracting by manifest.
6787 silly tarball no local data for @expo/bunyan@https://registry.npmjs.org/@expo/bunyan/-/bunyan-4.0.1.tgz. Extracting by manifest.
6788 silly tarball no local data for fetch-retry@https://registry.npmjs.org/fetch-retry/-/fetch-retry-4.1.1.tgz. Extracting by manifest.
6789 silly tarball no local data for @react-native/normalize-colors@https://registry.npmjs.org/@react-native/normalize-colors/-/normalize-colors-0.76.9.tgz. Extracting by manifest.
6790 silly tarball no local data for base64-js@https://registry.npmjs.org/base64-js/-/base64-js-1.5.1.tgz. Extracting by manifest.
6791 silly tarball no local data for xmlbuilder@https://registry.npmjs.org/xmlbuilder/-/xmlbuilder-14.0.0.tgz. Extracting by manifest.
6792 silly tarball no local data for @xmldom/xmldom@https://registry.npmjs.org/@xmldom/xmldom/-/xmldom-0.7.13.tgz. Extracting by manifest.
6793 silly tarball no local data for postcss@https://registry.npmjs.org/postcss/-/postcss-8.4.49.tgz. Extracting by manifest.
6794 silly tarball no local data for parse-png@https://registry.npmjs.org/parse-png/-/parse-png-2.1.0.tgz. Extracting by manifest.
6795 silly tarball no local data for lightningcss@https://registry.npmjs.org/lightningcss/-/lightningcss-1.27.0.tgz. Extracting by manifest.
6796 silly tarball no local data for jsc-safe-url@https://registry.npmjs.org/jsc-safe-url/-/jsc-safe-url-0.2.4.tgz. Extracting by manifest.
6797 silly tarball no local data for jimp-compact@https://registry.npmjs.org/jimp-compact/-/jimp-compact-0.16.1.tgz. Extracting by manifest.
6798 silly tarball no local data for p-limit@https://registry.npmjs.org/p-limit/-/p-limit-3.1.0.tgz. Extracting by manifest.
6799 silly tarball no local data for find-up@https://registry.npmjs.org/find-up/-/find-up-5.0.0.tgz. Extracting by manifest.
6800 silly tarball no local data for dotenv@https://registry.npmjs.org/dotenv/-/dotenv-16.4.7.tgz. Extracting by manifest.
6801 silly tarball no local data for @expo/sudo-prompt@https://registry.npmjs.org/@expo/sudo-prompt/-/sudo-prompt-9.3.2.tgz. Extracting by manifest.
6802 silly tarball no local data for xml2js@https://registry.npmjs.org/xml2js/-/xml2js-0.6.0.tgz. Extracting by manifest.
6803 silly tarball no local data for dotenv-expand@https://registry.npmjs.org/dotenv-expand/-/dotenv-expand-11.0.7.tgz. Extracting by manifest.
6804 silly tarball no local data for xcode@https://registry.npmjs.org/xcode/-/xcode-3.0.1.tgz. Extracting by manifest.
6805 silly tarball no local data for slash@https://registry.npmjs.org/slash/-/slash-3.0.0.tgz. Extracting by manifest.
6806 silly tarball no local data for @expo/sdk-runtime-versions@https://registry.npmjs.org/@expo/sdk-runtime-versions/-/sdk-runtime-versions-1.0.0.tgz. Extracting by manifest.
6807 silly tarball no local data for sucrase@https://registry.npmjs.org/sucrase/-/sucrase-3.35.0.tgz. Extracting by manifest.
6808 silly tarball no local data for resolve-workspace-root@https://registry.npmjs.org/resolve-workspace-root/-/resolve-workspace-root-2.0.1.tgz. Extracting by manifest.
6809 silly tarball no local data for deepmerge@https://registry.npmjs.org/deepmerge/-/deepmerge-4.3.1.tgz. Extracting by manifest.
6810 silly tarball no local data for @expo/config-types@https://registry.npmjs.org/@expo/config-types/-/config-types-52.0.5.tgz. Extracting by manifest.
6811 silly tarball no local data for ws@https://registry.npmjs.org/ws/-/ws-8.20.1.tgz. Extracting by manifest.
6812 silly tarball no local data for unique-string@https://registry.npmjs.org/unique-string/-/unique-string-2.0.0.tgz. Extracting by manifest.
6813 silly tarball no local data for undici@https://registry.npmjs.org/undici/-/undici-6.25.0.tgz. Extracting by manifest.
6814 silly tarball no local data for terminal-link@https://registry.npmjs.org/terminal-link/-/terminal-link-2.1.1.tgz. Extracting by manifest.
6815 silly tarball no local data for wrap-ansi@https://registry.npmjs.org/wrap-ansi/-/wrap-ansi-7.0.0.tgz. Extracting by manifest.
6816 silly tarball no local data for tempy@https://registry.npmjs.org/tempy/-/tempy-0.7.1.tgz. Extracting by manifest.
6817 silly tarball no local data for temp-dir@https://registry.npmjs.org/temp-dir/-/temp-dir-2.0.0.tgz. Extracting by manifest.
6818 silly tarball no local data for tar@https://registry.npmjs.org/tar/-/tar-6.2.1.tgz. Extracting by manifest.
6819 silly tarball no local data for structured-headers@https://registry.npmjs.org/structured-headers/-/structured-headers-0.4.1.tgz. Extracting by manifest.
6820 silly tarball no local data for stacktrace-parser@https://registry.npmjs.org/stacktrace-parser/-/stacktrace-parser-0.1.11.tgz. Extracting by manifest.
6821 silly tarball no local data for source-map-support@https://registry.npmjs.org/source-map-support/-/source-map-support-0.5.21.tgz. Extracting by manifest.
6822 silly tarball no local data for slugify@https://registry.npmjs.org/slugify/-/slugify-1.6.9.tgz. Extracting by manifest.
6823 silly tarball no local data for send@https://registry.npmjs.org/send/-/send-0.19.2.tgz. Extracting by manifest.
6824 silly tarball no local data for resolve.exports@https://registry.npmjs.org/resolve.exports/-/resolve.exports-2.0.3.tgz. Extracting by manifest.
6825 silly tarball no local data for resolve-from@https://registry.npmjs.org/resolve-from/-/resolve-from-5.0.0.tgz. Extracting by manifest.
6826 silly tarball no local data for resolve@https://registry.npmjs.org/resolve/-/resolve-1.22.12.tgz. Extracting by manifest.
6827 silly tarball no local data for requireg@https://registry.npmjs.org/requireg/-/requireg-0.2.2.tgz. Extracting by manifest.
6828 silly tarball no local data for require-from-string@https://registry.npmjs.org/require-from-string/-/require-from-string-2.0.2.tgz. Extracting by manifest.
6829 silly tarball no local data for qrcode-terminal@https://registry.npmjs.org/qrcode-terminal/-/qrcode-terminal-0.11.0.tgz. Extracting by manifest.
6830 silly tarball no local data for progress@https://registry.npmjs.org/progress/-/progress-2.0.3.tgz. Extracting by manifest.
6831 silly tarball no local data for prompts@https://registry.npmjs.org/prompts/-/prompts-2.4.2.tgz. Extracting by manifest.
6832 silly tarball no local data for pretty-format@https://registry.npmjs.org/pretty-format/-/pretty-format-29.7.0.tgz. Extracting by manifest.
6833 silly tarball no local data for pretty-bytes@https://registry.npmjs.org/pretty-bytes/-/pretty-bytes-5.6.0.tgz. Extracting by manifest.
6834 silly tarball no local data for picomatch@https://registry.npmjs.org/picomatch/-/picomatch-3.0.2.tgz. Extracting by manifest.
6835 silly tarball no local data for ora@https://registry.npmjs.org/ora/-/ora-3.4.0.tgz. Extracting by manifest.
6836 silly tarball no local data for npm-package-arg@https://registry.npmjs.org/npm-package-arg/-/npm-package-arg-11.0.3.tgz. Extracting by manifest.
6837 silly tarball no local data for minimatch@https://registry.npmjs.org/minimatch/-/minimatch-3.1.5.tgz. Extracting by manifest.
6838 silly tarball no local data for node-forge@https://registry.npmjs.org/node-forge/-/node-forge-1.4.0.tgz. Extracting by manifest.
6839 silly tarball no local data for lodash.debounce@https://registry.npmjs.org/lodash.debounce/-/lodash.debounce-4.0.8.tgz. Extracting by manifest.
6840 silly tarball no local data for is-wsl@https://registry.npmjs.org/is-wsl/-/is-wsl-2.2.0.tgz. Extracting by manifest.
6841 silly tarball no local data for is-docker@https://registry.npmjs.org/is-docker/-/is-docker-2.2.1.tgz. Extracting by manifest.
6842 silly tarball no local data for internal-ip@https://registry.npmjs.org/internal-ip/-/internal-ip-4.3.0.tgz. Extracting by manifest.
6843 silly tarball no local data for glob@https://registry.npmjs.org/glob/-/glob-10.5.0.tgz. Extracting by manifest.
6844 silly tarball no local data for fs-extra@https://registry.npmjs.org/fs-extra/-/fs-extra-8.1.0.tgz. Extracting by manifest.
6845 silly tarball no local data for getenv@https://registry.npmjs.org/getenv/-/getenv-1.0.0.tgz. Extracting by manifest.
6846 silly tarball no local data for freeport-async@https://registry.npmjs.org/freeport-async/-/freeport-async-2.0.0.tgz. Extracting by manifest.
6847 silly tarball no local data for form-data@https://registry.npmjs.org/form-data/-/form-data-3.0.4.tgz. Extracting by manifest.
6848 silly tarball no local data for connect@https://registry.npmjs.org/connect/-/connect-3.7.0.tgz. Extracting by manifest.
6849 silly tarball no local data for fast-glob@https://registry.npmjs.org/fast-glob/-/fast-glob-3.3.3.tgz. Extracting by manifest.
6850 silly tarball no local data for compression@https://registry.npmjs.org/compression/-/compression-1.8.1.tgz. Extracting by manifest.
6851 silly tarball no local data for env-editor@https://registry.npmjs.org/env-editor/-/env-editor-0.4.2.tgz. Extracting by manifest.
6852 silly tarball no local data for ci-info@https://registry.npmjs.org/ci-info/-/ci-info-3.9.0.tgz. Extracting by manifest.
6853 silly tarball no local data for chalk@https://registry.npmjs.org/chalk/-/chalk-4.1.2.tgz. Extracting by manifest.
6854 silly tarball no local data for cacache@https://registry.npmjs.org/cacache/-/cacache-18.0.4.tgz. Extracting by manifest.
6855 silly tarball no local data for bplist-creator@https://registry.npmjs.org/bplist-creator/-/bplist-creator-0.0.7.tgz. Extracting by manifest.
6856 silly tarball no local data for bplist-parser@https://registry.npmjs.org/bplist-parser/-/bplist-parser-0.3.2.tgz. Extracting by manifest.
6857 silly tarball no local data for arg@https://registry.npmjs.org/arg/-/arg-5.0.2.tgz. Extracting by manifest.
6858 silly tarball no local data for @urql/exchange-retry@https://registry.npmjs.org/@urql/exchange-retry/-/exchange-retry-1.3.2.tgz. Extracting by manifest.
6859 silly tarball no local data for @urql/core@https://registry.npmjs.org/@urql/core/-/core-5.2.0.tgz. Extracting by manifest.
6860 silly tarball no local data for accepts@https://registry.npmjs.org/accepts/-/accepts-1.3.8.tgz. Extracting by manifest.
6861 silly tarball no local data for better-opn@https://registry.npmjs.org/better-opn/-/better-opn-3.0.2.tgz. Extracting by manifest.
6862 silly tarball no local data for @react-native/dev-middleware@https://registry.npmjs.org/@react-native/dev-middleware/-/dev-middleware-0.76.9.tgz. Extracting by manifest.
6863 silly tarball no local data for @expo/xcpretty@https://registry.npmjs.org/@expo/xcpretty/-/xcpretty-4.4.4.tgz. Extracting by manifest.
6864 silly tarball no local data for @expo/ws-tunnel@https://registry.npmjs.org/@expo/ws-tunnel/-/ws-tunnel-1.0.6.tgz. Extracting by manifest.
6865 silly tarball no local data for @expo/spawn-async@https://registry.npmjs.org/@expo/spawn-async/-/spawn-async-1.7.2.tgz. Extracting by manifest.
6866 silly tarball no local data for @expo/plist@https://registry.npmjs.org/@expo/plist/-/plist-0.2.2.tgz. Extracting by manifest.
6867 silly tarball no local data for @expo/prebuild-config@https://registry.npmjs.org/@expo/prebuild-config/-/prebuild-config-8.2.0.tgz. Extracting by manifest.
6868 silly tarball no local data for @expo/package-manager@https://registry.npmjs.org/@expo/package-manager/-/package-manager-1.10.5.tgz. Extracting by manifest.
6869 silly tarball no local data for @expo/osascript@https://registry.npmjs.org/@expo/osascript/-/osascript-2.4.3.tgz. Extracting by manifest.
6870 silly tarball no local data for @expo/json-file@https://registry.npmjs.org/@expo/json-file/-/json-file-9.1.5.tgz. Extracting by manifest.
6871 silly tarball no local data for @expo/env@https://registry.npmjs.org/@expo/env/-/env-0.4.2.tgz. Extracting by manifest.
6872 silly tarball no local data for @expo/rudder-sdk-node@https://registry.npmjs.org/@expo/rudder-sdk-node/-/rudder-sdk-node-1.1.1.tgz. Extracting by manifest.
6873 silly tarball no local data for @expo/devcert@https://registry.npmjs.org/@expo/devcert/-/devcert-1.2.1.tgz. Extracting by manifest.
6874 silly tarball no local data for @expo/image-utils@https://registry.npmjs.org/@expo/image-utils/-/image-utils-0.6.5.tgz. Extracting by manifest.
6875 silly tarball no local data for @0no-co/graphql.web@https://registry.npmjs.org/@0no-co/graphql.web/-/graphql.web-1.2.0.tgz. Extracting by manifest.
6876 silly tarball no local data for @expo/code-signing-certificates@https://registry.npmjs.org/@expo/code-signing-certificates/-/code-signing-certificates-0.0.6.tgz. Extracting by manifest.
6877 silly tarball no local data for whatwg-url-without-unicode@https://registry.npmjs.org/whatwg-url-without-unicode/-/whatwg-url-without-unicode-8.0.0-3.tgz. Extracting by manifest.
6878 silly tarball no local data for web-streams-polyfill@https://registry.npmjs.org/web-streams-polyfill/-/web-streams-polyfill-3.3.3.tgz. Extracting by manifest.
6879 silly tarball no local data for fbemitter@https://registry.npmjs.org/fbemitter/-/fbemitter-3.0.0.tgz. Extracting by manifest.
6880 silly tarball no local data for expo-modules-core@https://registry.npmjs.org/expo-modules-core/-/expo-modules-core-2.2.3.tgz. Extracting by manifest.
6881 silly tarball no local data for expo-keep-awake@https://registry.npmjs.org/expo-keep-awake/-/expo-keep-awake-14.0.3.tgz. Extracting by manifest.
6882 silly tarball no local data for expo-file-system@https://registry.npmjs.org/expo-file-system/-/expo-file-system-18.0.12.tgz. Extracting by manifest.
6883 silly tarball no local data for @expo/metro-config@https://registry.npmjs.org/@expo/metro-config/-/metro-config-0.19.12.tgz. Extracting by manifest.
6884 silly tarball no local data for expo-asset@https://registry.npmjs.org/expo-asset/-/expo-asset-11.0.5.tgz. Extracting by manifest.
6885 silly tarball no local data for babel-preset-expo@https://registry.npmjs.org/babel-preset-expo/-/babel-preset-expo-12.0.12.tgz. Extracting by manifest.
6886 silly tarball no local data for @expo/config-plugins@https://registry.npmjs.org/@expo/config-plugins/-/config-plugins-9.0.17.tgz. Extracting by manifest.
6887 silly tarball no local data for @expo/fingerprint@https://registry.npmjs.org/@expo/fingerprint/-/fingerprint-0.11.11.tgz. Extracting by manifest.
6888 silly tarball no local data for @expo/config@https://registry.npmjs.org/@expo/config/-/config-10.0.11.tgz. Extracting by manifest.
6889 silly tarball no local data for @expo/cli@https://registry.npmjs.org/@expo/cli/-/cli-0.22.28.tgz. Extracting by manifest.
6890 silly tarball no local data for @babel/runtime@https://registry.npmjs.org/@babel/runtime/-/runtime-7.29.2.tgz. Extracting by manifest.
6891 silly tarball no local data for ms@https://registry.npmjs.org/ms/-/ms-2.1.3.tgz. Extracting by manifest.
6892 silly tarball no local data for update-browserslist-db@https://registry.npmjs.org/update-browserslist-db/-/update-browserslist-db-1.2.3.tgz. Extracting by manifest.
6893 silly tarball no local data for expo-modules-autolinking@https://registry.npmjs.org/expo-modules-autolinking/-/expo-modules-autolinking-2.0.8.tgz. Extracting by manifest.
6894 silly tarball no local data for node-releases@https://registry.npmjs.org/node-releases/-/node-releases-2.0.44.tgz. Extracting by manifest.
6895 silly tarball no local data for electron-to-chromium@https://registry.npmjs.org/electron-to-chromium/-/electron-to-chromium-1.5.356.tgz. Extracting by manifest.
6896 silly tarball no local data for baseline-browser-mapping@https://registry.npmjs.org/baseline-browser-mapping/-/baseline-browser-mapping-2.10.29.tgz. Extracting by manifest.
6897 silly tarball no local data for caniuse-lite@https://registry.npmjs.org/caniuse-lite/-/caniuse-lite-1.0.30001792.tgz. Extracting by manifest.
6898 silly tarball no local data for csstype@https://registry.npmjs.org/csstype/-/csstype-3.2.3.tgz. Extracting by manifest.
6899 silly tarball no local data for iceberg-js@https://registry.npmjs.org/iceberg-js/-/iceberg-js-0.8.1.tgz. Extracting by manifest.
6900 silly tarball no local data for @types/prop-types@https://registry.npmjs.org/@types/prop-types/-/prop-types-15.7.15.tgz. Extracting by manifest.
6901 silly tarball no local data for tslib@https://registry.npmjs.org/tslib/-/tslib-2.8.1.tgz. Extracting by manifest.
6902 silly tarball no local data for @supabase/phoenix@https://registry.npmjs.org/@supabase/phoenix/-/phoenix-0.4.2.tgz. Extracting by manifest.
6903 silly tarball no local data for @supabase/storage-js@https://registry.npmjs.org/@supabase/storage-js/-/storage-js-2.105.4.tgz. Extracting by manifest.
6904 silly tarball no local data for @supabase/realtime-js@https://registry.npmjs.org/@supabase/realtime-js/-/realtime-js-2.105.4.tgz. Extracting by manifest.
6905 silly tarball no local data for @supabase/postgrest-js@https://registry.npmjs.org/@supabase/postgrest-js/-/postgrest-js-2.105.4.tgz. Extracting by manifest.
6906 silly tarball no local data for @supabase/functions-js@https://registry.npmjs.org/@supabase/functions-js/-/functions-js-2.105.4.tgz. Extracting by manifest.
6907 silly tarball no local data for @supabase/auth-js@https://registry.npmjs.org/@supabase/auth-js/-/auth-js-2.105.4.tgz. Extracting by manifest.
6908 silly tarball no local data for merge-options@https://registry.npmjs.org/merge-options/-/merge-options-3.0.4.tgz. Extracting by manifest.
6909 silly tarball no local data for @babel/helper-string-parser@https://registry.npmjs.org/@babel/helper-string-parser/-/helper-string-parser-7.27.1.tgz. Extracting by manifest.
6910 silly tarball no local data for @jridgewell/resolve-uri@https://registry.npmjs.org/@jridgewell/resolve-uri/-/resolve-uri-3.1.2.tgz. Extracting by manifest.
6911 silly tarball no local data for @jridgewell/sourcemap-codec@https://registry.npmjs.org/@jridgewell/sourcemap-codec/-/sourcemap-codec-1.5.5.tgz. Extracting by manifest.
6912 silly tarball no local data for @babel/helper-globals@https://registry.npmjs.org/@babel/helper-globals/-/helper-globals-7.28.0.tgz. Extracting by manifest.
6913 silly tarball no local data for @babel/helper-module-imports@https://registry.npmjs.org/@babel/helper-module-imports/-/helper-module-imports-7.28.6.tgz. Extracting by manifest.
6914 silly tarball no local data for lru-cache@https://registry.npmjs.org/lru-cache/-/lru-cache-5.1.1.tgz. Extracting by manifest.
6915 silly tarball no local data for @babel/compat-data@https://registry.npmjs.org/@babel/compat-data/-/compat-data-7.29.3.tgz. Extracting by manifest.
6916 silly tarball no local data for @babel/helper-validator-option@https://registry.npmjs.org/@babel/helper-validator-option/-/helper-validator-option-7.27.1.tgz. Extracting by manifest.
6917 silly tarball no local data for browserslist@https://registry.npmjs.org/browserslist/-/browserslist-4.28.2.tgz. Extracting by manifest.
6918 silly tarball no local data for jsesc@https://registry.npmjs.org/jsesc/-/jsesc-3.1.0.tgz. Extracting by manifest.
6919 silly tarball no local data for @jridgewell/trace-mapping@https://registry.npmjs.org/@jridgewell/trace-mapping/-/trace-mapping-0.3.31.tgz. Extracting by manifest.
6920 silly tarball no local data for @jridgewell/gen-mapping@https://registry.npmjs.org/@jridgewell/gen-mapping/-/gen-mapping-0.3.13.tgz. Extracting by manifest.
6921 silly tarball no local data for picocolors@https://registry.npmjs.org/picocolors/-/picocolors-1.1.1.tgz. Extracting by manifest.
6922 silly tarball no local data for @babel/helper-validator-identifier@https://registry.npmjs.org/@babel/helper-validator-identifier/-/helper-validator-identifier-7.28.5.tgz. Extracting by manifest.
6923 silly tarball no local data for js-tokens@https://registry.npmjs.org/js-tokens/-/js-tokens-4.0.0.tgz. Extracting by manifest.
6924 silly tarball no local data for semver@https://registry.npmjs.org/semver/-/semver-6.3.1.tgz. Extracting by manifest.
6925 silly tarball no local data for gensync@https://registry.npmjs.org/gensync/-/gensync-1.0.0-beta.2.tgz. Extracting by manifest.
6926 silly tarball no local data for json5@https://registry.npmjs.org/json5/-/json5-2.2.3.tgz. Extracting by manifest.
6927 silly tarball no local data for debug@https://registry.npmjs.org/debug/-/debug-4.4.3.tgz. Extracting by manifest.
6928 silly tarball no local data for @jridgewell/remapping@https://registry.npmjs.org/@jridgewell/remapping/-/remapping-2.3.5.tgz. Extracting by manifest.
6929 silly tarball no local data for convert-source-map@https://registry.npmjs.org/convert-source-map/-/convert-source-map-2.0.0.tgz. Extracting by manifest.
6930 silly tarball no local data for @babel/types@https://registry.npmjs.org/@babel/types/-/types-7.29.0.tgz. Extracting by manifest.
6931 silly tarball no local data for @babel/template@https://registry.npmjs.org/@babel/template/-/template-7.28.6.tgz. Extracting by manifest.
6932 silly tarball no local data for @babel/traverse@https://registry.npmjs.org/@babel/traverse/-/traverse-7.29.0.tgz. Extracting by manifest.
6933 silly tarball no local data for @babel/parser@https://registry.npmjs.org/@babel/parser/-/parser-7.29.3.tgz. Extracting by manifest.
6934 silly tarball no local data for @babel/helpers@https://registry.npmjs.org/@babel/helpers/-/helpers-7.29.2.tgz. Extracting by manifest.
6935 silly tarball no local data for @babel/helper-module-transforms@https://registry.npmjs.org/@babel/helper-module-transforms/-/helper-module-transforms-7.28.6.tgz. Extracting by manifest.
6936 silly tarball no local data for @babel/helper-compilation-targets@https://registry.npmjs.org/@babel/helper-compilation-targets/-/helper-compilation-targets-7.28.6.tgz. Extracting by manifest.
6937 silly tarball no local data for typescript@https://registry.npmjs.org/typescript/-/typescript-5.9.3.tgz. Extracting by manifest.
6938 silly tarball no local data for @babel/code-frame@https://registry.npmjs.org/@babel/code-frame/-/code-frame-7.29.0.tgz. Extracting by manifest.
6939 silly tarball no local data for @babel/generator@https://registry.npmjs.org/@babel/generator/-/generator-7.29.1.tgz. Extracting by manifest.
6940 silly tarball no local data for react-native-url-polyfill@https://registry.npmjs.org/react-native-url-polyfill/-/react-native-url-polyfill-2.0.0.tgz. Extracting by manifest.
6941 silly tarball no local data for react-native-web@https://registry.npmjs.org/react-native-web/-/react-native-web-0.19.13.tgz. Extracting by manifest.
6942 silly tarball no local data for react-native-svg@https://registry.npmjs.org/react-native-svg/-/react-native-svg-15.8.0.tgz. Extracting by manifest.
6943 silly tarball no local data for react-native-reanimated@https://registry.npmjs.org/react-native-reanimated/-/react-native-reanimated-3.16.7.tgz. Extracting by manifest.
6944 silly tarball no local data for react-native-gesture-handler@https://registry.npmjs.org/react-native-gesture-handler/-/react-native-gesture-handler-2.20.2.tgz. Extracting by manifest.
6945 silly tarball no local data for react-dom@https://registry.npmjs.org/react-dom/-/react-dom-18.3.1.tgz. Extracting by manifest.
6946 silly tarball no local data for expo-system-ui@https://registry.npmjs.org/expo-system-ui/-/expo-system-ui-4.0.9.tgz. Extracting by manifest.
6947 silly tarball no local data for expo-status-bar@https://registry.npmjs.org/expo-status-bar/-/expo-status-bar-2.0.1.tgz. Extracting by manifest.
6948 silly tarball no local data for expo-splash-screen@https://registry.npmjs.org/expo-splash-screen/-/expo-splash-screen-0.29.24.tgz. Extracting by manifest.
6949 silly tarball no local data for expo-secure-store@https://registry.npmjs.org/expo-secure-store/-/expo-secure-store-14.0.1.tgz. Extracting by manifest.
6950 silly tarball no local data for react-native-screens@https://registry.npmjs.org/react-native-screens/-/react-native-screens-4.1.0.tgz. Extracting by manifest.
6951 silly tarball no local data for expo-router@https://registry.npmjs.org/expo-router/-/expo-router-4.0.22.tgz. Extracting by manifest.
6952 silly tarball no local data for expo-notifications@https://registry.npmjs.org/expo-notifications/-/expo-notifications-0.29.14.tgz. Extracting by manifest.
6953 silly tarball no local data for expo-linking@https://registry.npmjs.org/expo-linking/-/expo-linking-7.0.5.tgz. Extracting by manifest.
6954 silly tarball no local data for expo-linear-gradient@https://registry.npmjs.org/expo-linear-gradient/-/expo-linear-gradient-14.0.2.tgz. Extracting by manifest.
6955 silly tarball no local data for expo-haptics@https://registry.npmjs.org/expo-haptics/-/expo-haptics-14.0.1.tgz. Extracting by manifest.
6956 silly tarball no local data for expo-constants@https://registry.npmjs.org/expo-constants/-/expo-constants-17.0.8.tgz. Extracting by manifest.
6957 silly tarball no local data for expo-image-picker@https://registry.npmjs.org/expo-image-picker/-/expo-image-picker-16.0.6.tgz. Extracting by manifest.
6958 silly tarball no local data for expo-camera@https://registry.npmjs.org/expo-camera/-/expo-camera-16.0.18.tgz. Extracting by manifest.
6959 silly tarball no local data for @types/react@https://registry.npmjs.org/@types/react/-/react-18.3.28.tgz. Extracting by manifest.
6960 silly tarball no local data for @supabase/supabase-js@https://registry.npmjs.org/@supabase/supabase-js/-/supabase-js-2.105.4.tgz. Extracting by manifest.
6961 silly tarball no local data for @react-native-async-storage/async-storage@https://registry.npmjs.org/@react-native-async-storage/async-storage/-/async-storage-1.23.1.tgz. Extracting by manifest.
6962 silly tarball no local data for react-native@https://registry.npmjs.org/react-native/-/react-native-0.76.3.tgz. Extracting by manifest.
6963 silly tarball no local data for expo@https://registry.npmjs.org/expo/-/expo-52.0.49.tgz. Extracting by manifest.
6964 silly tarball no local data for expo-font@https://registry.npmjs.org/expo-font/-/expo-font-13.0.4.tgz. Extracting by manifest.
6965 silly tarball no local data for react@https://registry.npmjs.org/react/-/react-18.3.1.tgz. Extracting by manifest.
6966 silly tarball no local data for @expo/vector-icons@https://registry.npmjs.org/@expo/vector-icons/-/vector-icons-14.1.0.tgz. Extracting by manifest.
6967 silly tarball no local data for @expo-google-fonts/fraunces@https://registry.npmjs.org/@expo-google-fonts/fraunces/-/fraunces-0.2.3.tgz. Extracting by manifest.
6968 silly tarball no local data for @babel/core@https://registry.npmjs.org/@babel/core/-/core-7.29.0.tgz. Extracting by manifest.
6969 silly tarball no local data for supports-color@https://registry.npmjs.org/supports-color/-/supports-color-5.5.0.tgz. Extracting by manifest.
6970 silly tarball no local data for has-flag@https://registry.npmjs.org/has-flag/-/has-flag-3.0.0.tgz. Extracting by manifest.
6971 silly tarball no local data for color-name@https://registry.npmjs.org/color-name/-/color-name-1.1.3.tgz. Extracting by manifest.
6972 silly tarball no local data for escape-string-regexp@https://registry.npmjs.org/escape-string-regexp/-/escape-string-regexp-1.0.5.tgz. Extracting by manifest.
6973 silly tarball no local data for color-convert@https://registry.npmjs.org/color-convert/-/color-convert-1.9.3.tgz. Extracting by manifest.
6974 silly tarball no local data for ansi-styles@https://registry.npmjs.org/ansi-styles/-/ansi-styles-3.2.1.tgz. Extracting by manifest.
6975 silly tarball no local data for chalk@https://registry.npmjs.org/chalk/-/chalk-2.4.2.tgz. Extracting by manifest.
6976 silly tarball no local data for emoji-regex@https://registry.npmjs.org/emoji-regex/-/emoji-regex-8.0.0.tgz. Extracting by manifest.
6977 silly tarball no local data for strip-ansi@https://registry.npmjs.org/strip-ansi/-/strip-ansi-6.0.1.tgz. Extracting by manifest.
6978 silly tarball no local data for string-width@https://registry.npmjs.org/string-width/-/string-width-4.2.3.tgz. Extracting by manifest.
6979 silly tarball no local data for xmlbuilder@https://registry.npmjs.org/xmlbuilder/-/xmlbuilder-15.1.1.tgz. Extracting by manifest.
6980 silly tarball no local data for @xmldom/xmldom@https://registry.npmjs.org/@xmldom/xmldom/-/xmldom-0.9.10.tgz. Extracting by manifest.
6981 silly tarball no local data for bplist-parser@https://registry.npmjs.org/bplist-parser/-/bplist-parser-0.3.1.tgz. Extracting by manifest.
6982 silly tarball no local data for bplist-creator@https://registry.npmjs.org/bplist-creator/-/bplist-creator-0.1.0.tgz. Extracting by manifest.
6983 silly tarball no local data for type-fest@https://registry.npmjs.org/type-fest/-/type-fest-0.21.3.tgz. Extracting by manifest.
6984 silly tarball no local data for minipass@https://registry.npmjs.org/minipass/-/minipass-3.3.6.tgz. Extracting by manifest.
6985 silly tarball no local data for yallist@https://registry.npmjs.org/yallist/-/yallist-4.0.0.tgz. Extracting by manifest.
6986 silly tarball no local data for statuses@https://registry.npmjs.org/statuses/-/statuses-2.0.2.tgz. Extracting by manifest.
6987 silly tarball no local data for source-map@https://registry.npmjs.org/source-map/-/source-map-0.6.1.tgz. Extracting by manifest.
6988 silly tarball no local data for commander@https://registry.npmjs.org/commander/-/commander-2.20.3.tgz. Extracting by manifest.
6989 silly tarball no local data for camelcase@https://registry.npmjs.org/camelcase/-/camelcase-6.3.0.tgz. Extracting by manifest.
6990 silly tarball no local data for react-is@https://registry.npmjs.org/react-is/-/react-is-16.13.1.tgz. Extracting by manifest.
6991 silly tarball no local data for resolve-from@https://registry.npmjs.org/resolve-from/-/resolve-from-3.0.0.tgz. Extracting by manifest.
6992 silly tarball no local data for argparse@https://registry.npmjs.org/argparse/-/argparse-1.0.10.tgz. Extracting by manifest.
6993 silly tarball no local data for debug@https://registry.npmjs.org/debug/-/debug-2.6.9.tgz. Extracting by manifest.
6994 silly tarball no local data for js-yaml@https://registry.npmjs.org/js-yaml/-/js-yaml-3.14.2.tgz. Extracting by manifest.
6995 silly tarball no local data for ms@https://registry.npmjs.org/ms/-/ms-2.0.0.tgz. Extracting by manifest.
6996 silly tarball no local data for hermes-estree@https://registry.npmjs.org/hermes-estree/-/hermes-estree-0.25.1.tgz. Extracting by manifest.
6997 silly tarball no local data for hermes-parser@https://registry.npmjs.org/hermes-parser/-/hermes-parser-0.25.1.tgz. Extracting by manifest.
6998 silly tarball no local data for escape-string-regexp@https://registry.npmjs.org/escape-string-regexp/-/escape-string-regexp-2.0.0.tgz. Extracting by manifest.
6999 silly tarball no local data for supports-color@https://registry.npmjs.org/supports-color/-/supports-color-8.1.1.tgz. Extracting by manifest.
7000 silly tarball no local data for picomatch@https://registry.npmjs.org/picomatch/-/picomatch-2.3.2.tgz. Extracting by manifest.
7001 silly tarball no local data for p-limit@https://registry.npmjs.org/p-limit/-/p-limit-2.3.0.tgz. Extracting by manifest.
7002 silly tarball no local data for glob@https://registry.npmjs.org/glob/-/glob-7.2.3.tgz. Extracting by manifest.
7003 silly tarball no local data for locate-path@https://registry.npmjs.org/locate-path/-/locate-path-5.0.0.tgz. Extracting by manifest.
7004 silly tarball no local data for argparse@https://registry.npmjs.org/argparse/-/argparse-1.0.10.tgz. Extracting by manifest.
7005 silly tarball no local data for js-yaml@https://registry.npmjs.org/js-yaml/-/js-yaml-3.14.2.tgz. Extracting by manifest.
7006 silly tarball no local data for find-up@https://registry.npmjs.org/find-up/-/find-up-4.1.0.tgz. Extracting by manifest.
7007 silly tarball no local data for react-native-safe-area-context@https://registry.npmjs.org/react-native-safe-area-context/-/react-native-safe-area-context-4.12.0.tgz. Extracting by manifest.
7008 silly tarball no local data for picomatch@https://registry.npmjs.org/picomatch/-/picomatch-2.3.2.tgz. Extracting by manifest.
7009 silly tarball no local data for p-locate@https://registry.npmjs.org/p-locate/-/p-locate-4.1.0.tgz. Extracting by manifest.
7010 silly tarball no local data for hermes-estree@https://registry.npmjs.org/hermes-estree/-/hermes-estree-0.25.1.tgz. Extracting by manifest.
7011 silly tarball no local data for signal-exit@https://registry.npmjs.org/signal-exit/-/signal-exit-3.0.7.tgz. Extracting by manifest.
7012 silly tarball no local data for ms@https://registry.npmjs.org/ms/-/ms-2.0.0.tgz. Extracting by manifest.
7013 silly tarball no local data for ws@https://registry.npmjs.org/ws/-/ws-7.5.10.tgz. Extracting by manifest.
7014 silly tarball no local data for debug@https://registry.npmjs.org/debug/-/debug-2.6.9.tgz. Extracting by manifest.
7015 silly tarball no local data for ci-info@https://registry.npmjs.org/ci-info/-/ci-info-2.0.0.tgz. Extracting by manifest.
7016 silly tarball no local data for hermes-parser@https://registry.npmjs.org/hermes-parser/-/hermes-parser-0.25.1.tgz. Extracting by manifest.
7017 silly tarball no local data for glob@https://registry.npmjs.org/glob/-/glob-7.2.3.tgz. Extracting by manifest.
7018 silly tarball no local data for @react-native/codegen@https://registry.npmjs.org/@react-native/codegen/-/codegen-0.76.3.tgz. Extracting by manifest.
7019 silly tarball no local data for @react-native/babel-plugin-codegen@https://registry.npmjs.org/@react-native/babel-plugin-codegen/-/babel-plugin-codegen-0.76.3.tgz. Extracting by manifest.
7020 silly tarball no local data for @react-native/babel-preset@https://registry.npmjs.org/@react-native/babel-preset/-/babel-preset-0.76.3.tgz. Extracting by manifest.
7021 silly tarball no local data for ws@https://registry.npmjs.org/ws/-/ws-7.5.10.tgz. Extracting by manifest.
7022 silly tarball no local data for mimic-fn@https://registry.npmjs.org/mimic-fn/-/mimic-fn-2.1.0.tgz. Extracting by manifest.
7023 silly tarball no local data for onetime@https://registry.npmjs.org/onetime/-/onetime-5.1.2.tgz. Extracting by manifest.
7024 silly tarball no local data for signal-exit@https://registry.npmjs.org/signal-exit/-/signal-exit-3.0.7.tgz. Extracting by manifest.
7025 silly tarball no local data for npm-run-path@https://registry.npmjs.org/npm-run-path/-/npm-run-path-4.0.1.tgz. Extracting by manifest.
7026 silly tarball no local data for is-stream@https://registry.npmjs.org/is-stream/-/is-stream-2.0.1.tgz. Extracting by manifest.
7027 silly tarball no local data for get-stream@https://registry.npmjs.org/get-stream/-/get-stream-6.0.1.tgz. Extracting by manifest.
7028 silly tarball no local data for ms@https://registry.npmjs.org/ms/-/ms-2.0.0.tgz. Extracting by manifest.
7029 silly tarball no local data for ws@https://registry.npmjs.org/ws/-/ws-6.2.3.tgz. Extracting by manifest.
7030 silly tarball no local data for debug@https://registry.npmjs.org/debug/-/debug-2.6.9.tgz. Extracting by manifest.
7031 silly tarball no local data for @react-native/debugger-frontend@https://registry.npmjs.org/@react-native/debugger-frontend/-/debugger-frontend-0.76.3.tgz. Extracting by manifest.
7032 silly tarball no local data for semver@https://registry.npmjs.org/semver/-/semver-7.8.0.tgz. Extracting by manifest.
7033 silly tarball no local data for execa@https://registry.npmjs.org/execa/-/execa-5.1.1.tgz. Extracting by manifest.
7034 silly tarball no local data for @react-native/dev-middleware@https://registry.npmjs.org/@react-native/dev-middleware/-/dev-middleware-0.76.3.tgz. Extracting by manifest.
7035 silly tarball no local data for react-is@https://registry.npmjs.org/react-is/-/react-is-16.13.1.tgz. Extracting by manifest.
7036 silly tarball no local data for signal-exit@https://registry.npmjs.org/signal-exit/-/signal-exit-3.0.7.tgz. Extracting by manifest.
7037 silly tarball no local data for write-file-atomic@https://registry.npmjs.org/write-file-atomic/-/write-file-atomic-4.0.2.tgz. Extracting by manifest.
7038 silly tarball no local data for has-flag@https://registry.npmjs.org/has-flag/-/has-flag-3.0.0.tgz. Extracting by manifest.
7039 silly tarball no local data for color-name@https://registry.npmjs.org/color-name/-/color-name-1.1.3.tgz. Extracting by manifest.
7040 silly tarball no local data for color-convert@https://registry.npmjs.org/color-convert/-/color-convert-1.9.3.tgz. Extracting by manifest.
7041 silly tarball no local data for escape-string-regexp@https://registry.npmjs.org/escape-string-regexp/-/escape-string-regexp-1.0.5.tgz. Extracting by manifest.
7042 silly tarball no local data for ansi-styles@https://registry.npmjs.org/ansi-styles/-/ansi-styles-3.2.1.tgz. Extracting by manifest.
7043 silly tarball no local data for supports-color@https://registry.npmjs.org/supports-color/-/supports-color-5.5.0.tgz. Extracting by manifest.
7044 silly tarball no local data for chalk@https://registry.npmjs.org/chalk/-/chalk-2.4.2.tgz. Extracting by manifest.
7045 silly tarball no local data for lru-cache@https://registry.npmjs.org/lru-cache/-/lru-cache-10.4.3.tgz. Extracting by manifest.
7046 silly tarball no local data for p-limit@https://registry.npmjs.org/p-limit/-/p-limit-2.3.0.tgz. Extracting by manifest.
7047 silly tarball no local data for path-exists@https://registry.npmjs.org/path-exists/-/path-exists-3.0.0.tgz. Extracting by manifest.
7048 silly tarball no local data for p-locate@https://registry.npmjs.org/p-locate/-/p-locate-3.0.0.tgz. Extracting by manifest.
7049 silly tarball no local data for locate-path@https://registry.npmjs.org/locate-path/-/locate-path-3.0.0.tgz. Extracting by manifest.
7050 silly tarball no local data for find-up@https://registry.npmjs.org/find-up/-/find-up-3.0.0.tgz. Extracting by manifest.
7051 silly tarball no local data for signal-exit@https://registry.npmjs.org/signal-exit/-/signal-exit-3.0.7.tgz. Extracting by manifest.
7052 silly tarball no local data for semver@https://registry.npmjs.org/semver/-/semver-5.7.2.tgz. Extracting by manifest.
7053 silly tarball no local data for rimraf@https://registry.npmjs.org/rimraf/-/rimraf-2.6.3.tgz. Extracting by manifest.
7054 silly tarball no local data for glob@https://registry.npmjs.org/glob/-/glob-7.2.3.tgz. Extracting by manifest.
7055 silly tarball no local data for emoji-regex@https://registry.npmjs.org/emoji-regex/-/emoji-regex-8.0.0.tgz. Extracting by manifest.
7056 silly tarball no local data for source-map@https://registry.npmjs.org/source-map/-/source-map-0.6.1.tgz. Extracting by manifest.
7057 silly tarball no local data for strip-ansi@https://registry.npmjs.org/strip-ansi/-/strip-ansi-6.0.1.tgz. Extracting by manifest.
7058 silly tarball no local data for string-width@https://registry.npmjs.org/string-width/-/string-width-4.2.3.tgz. Extracting by manifest.
7059 silly tarball no local data for strip-ansi@https://registry.npmjs.org/strip-ansi/-/strip-ansi-6.0.1.tgz. Extracting by manifest.
7060 silly tarball no local data for ansi-styles@https://registry.npmjs.org/ansi-styles/-/ansi-styles-6.2.3.tgz. Extracting by manifest.
7061 silly tarball no local data for wrap-ansi@https://registry.npmjs.org/wrap-ansi/-/wrap-ansi-8.1.0.tgz. Extracting by manifest.
7062 silly tarball no local data for ansi-regex@https://registry.npmjs.org/ansi-regex/-/ansi-regex-6.2.2.tgz. Extracting by manifest.
7063 silly tarball no local data for path-key@https://registry.npmjs.org/path-key/-/path-key-2.0.1.tgz. Extracting by manifest.
7064 silly tarball no local data for shebang-regex@https://registry.npmjs.org/shebang-regex/-/shebang-regex-1.0.0.tgz. Extracting by manifest.
7065 silly tarball no local data for shebang-command@https://registry.npmjs.org/shebang-command/-/shebang-command-1.2.0.tgz. Extracting by manifest.
7066 silly tarball no local data for semver@https://registry.npmjs.org/semver/-/semver-5.7.2.tgz. Extracting by manifest.
7067 silly tarball no local data for which@https://registry.npmjs.org/which/-/which-1.3.1.tgz. Extracting by manifest.
7068 silly tarball no local data for path-key@https://registry.npmjs.org/path-key/-/path-key-2.0.1.tgz. Extracting by manifest.
7069 silly tarball no local data for signal-exit@https://registry.npmjs.org/signal-exit/-/signal-exit-3.0.7.tgz. Extracting by manifest.
7070 silly tarball no local data for cross-spawn@https://registry.npmjs.org/cross-spawn/-/cross-spawn-6.0.6.tgz. Extracting by manifest.
7071 silly tarball no local data for lru-cache@https://registry.npmjs.org/lru-cache/-/lru-cache-10.4.3.tgz. Extracting by manifest.
7072 silly tarball no local data for picomatch@https://registry.npmjs.org/picomatch/-/picomatch-2.3.2.tgz. Extracting by manifest.
7073 silly tarball no local data for is-arrayish@https://registry.npmjs.org/is-arrayish/-/is-arrayish-0.3.4.tgz. Extracting by manifest.
7074 silly tarball no local data for ms@https://registry.npmjs.org/ms/-/ms-2.0.0.tgz. Extracting by manifest.
7075 silly tarball no local data for debug@https://registry.npmjs.org/debug/-/debug-2.6.9.tgz. Extracting by manifest.
7076 silly tarball no local data for glob@https://registry.npmjs.org/glob/-/glob-7.2.3.tgz. Extracting by manifest.
7077 silly tarball no local data for ms@https://registry.npmjs.org/ms/-/ms-2.0.0.tgz. Extracting by manifest.
7078 silly tarball no local data for debug@https://registry.npmjs.org/debug/-/debug-2.6.9.tgz. Extracting by manifest.
7079 silly tarball no local data for yallist@https://registry.npmjs.org/yallist/-/yallist-4.0.0.tgz. Extracting by manifest.
7080 silly tarball no local data for minipass@https://registry.npmjs.org/minipass/-/minipass-3.3.6.tgz. Extracting by manifest.
7081 silly tarball no local data for yallist@https://registry.npmjs.org/yallist/-/yallist-4.0.0.tgz. Extracting by manifest.
7082 silly tarball no local data for minipass@https://registry.npmjs.org/minipass/-/minipass-3.3.6.tgz. Extracting by manifest.
7083 silly tarball no local data for semver@https://registry.npmjs.org/semver/-/semver-7.8.0.tgz. Extracting by manifest.
7084 silly tarball no local data for strip-ansi@https://registry.npmjs.org/strip-ansi/-/strip-ansi-6.0.1.tgz. Extracting by manifest.
7085 silly tarball no local data for emoji-regex@https://registry.npmjs.org/emoji-regex/-/emoji-regex-8.0.0.tgz. Extracting by manifest.
7086 silly tarball no local data for string-width@https://registry.npmjs.org/string-width/-/string-width-4.2.3.tgz. Extracting by manifest.
7087 silly tarball no local data for babel-plugin-polyfill-corejs3@https://registry.npmjs.org/babel-plugin-polyfill-corejs3/-/babel-plugin-polyfill-corejs3-0.14.2.tgz. Extracting by manifest.
7088 silly tarball no local data for glob@https://registry.npmjs.org/glob/-/glob-7.2.3.tgz. Extracting by manifest.
7089 silly tarball no local data for emoji-regex@https://registry.npmjs.org/emoji-regex/-/emoji-regex-8.0.0.tgz. Extracting by manifest.
7090 silly tarball no local data for hermes-estree@https://registry.npmjs.org/hermes-estree/-/hermes-estree-0.25.1.tgz. Extracting by manifest.
7091 silly tarball no local data for hermes-parser@https://registry.npmjs.org/hermes-parser/-/hermes-parser-0.25.1.tgz. Extracting by manifest.
7092 silly tarball no local data for mime-db@https://registry.npmjs.org/mime-db/-/mime-db-1.52.0.tgz. Extracting by manifest.
7093 silly tarball no local data for mkdirp@https://registry.npmjs.org/mkdirp/-/mkdirp-1.0.4.tgz. Extracting by manifest.
7094 silly tarball no local data for xmlbuilder@https://registry.npmjs.org/xmlbuilder/-/xmlbuilder-11.0.1.tgz. Extracting by manifest.
7095 silly tarball no local data for uuid@https://registry.npmjs.org/uuid/-/uuid-7.0.3.tgz. Extracting by manifest.
7096 silly tarball no local data for encodeurl@https://registry.npmjs.org/encodeurl/-/encodeurl-2.0.0.tgz. Extracting by manifest.
7097 silly tarball no local data for commander@https://registry.npmjs.org/commander/-/commander-4.1.1.tgz. Extracting by manifest.
7098 silly tarball no local data for emoji-regex@https://registry.npmjs.org/emoji-regex/-/emoji-regex-8.0.0.tgz. Extracting by manifest.
7099 silly tarball no local data for strip-ansi@https://registry.npmjs.org/strip-ansi/-/strip-ansi-6.0.1.tgz. Extracting by manifest.
7100 silly tarball no local data for string-width@https://registry.npmjs.org/string-width/-/string-width-4.2.3.tgz. Extracting by manifest.
7101 silly tarball no local data for type-fest@https://registry.npmjs.org/type-fest/-/type-fest-0.16.0.tgz. Extracting by manifest.
7102 silly tarball no local data for is-stream@https://registry.npmjs.org/is-stream/-/is-stream-2.0.1.tgz. Extracting by manifest.
7103 silly tarball no local data for mkdirp@https://registry.npmjs.org/mkdirp/-/mkdirp-1.0.4.tgz. Extracting by manifest.
7104 silly tarball no local data for yallist@https://registry.npmjs.org/yallist/-/yallist-4.0.0.tgz. Extracting by manifest.
7105 silly tarball no local data for minipass@https://registry.npmjs.org/minipass/-/minipass-5.0.0.tgz. Extracting by manifest.
7106 silly tarball no local data for fs-minipass@https://registry.npmjs.org/fs-minipass/-/fs-minipass-2.1.0.tgz. Extracting by manifest.
7107 silly tarball no local data for minipass@https://registry.npmjs.org/minipass/-/minipass-3.3.6.tgz. Extracting by manifest.
7108 silly tarball no local data for statuses@https://registry.npmjs.org/statuses/-/statuses-2.0.2.tgz. Extracting by manifest.
7109 silly tarball no local data for source-map@https://registry.npmjs.org/source-map/-/source-map-0.6.1.tgz. Extracting by manifest.
7110 silly tarball no local data for on-finished@https://registry.npmjs.org/on-finished/-/on-finished-2.4.1.tgz. Extracting by manifest.
7111 silly tarball no local data for encodeurl@https://registry.npmjs.org/encodeurl/-/encodeurl-2.0.0.tgz. Extracting by manifest.
7112 silly tarball no local data for debug@https://registry.npmjs.org/debug/-/debug-2.6.9.tgz. Extracting by manifest.
7113 silly tarball no local data for ms@https://registry.npmjs.org/ms/-/ms-2.0.0.tgz. Extracting by manifest.
7114 silly tarball no local data for resolve@https://registry.npmjs.org/resolve/-/resolve-1.7.1.tgz. Extracting by manifest.
7115 silly tarball no local data for ansi-styles@https://registry.npmjs.org/ansi-styles/-/ansi-styles-5.2.0.tgz. Extracting by manifest.
7116 silly tarball no local data for react-is@https://registry.npmjs.org/react-is/-/react-is-18.3.1.tgz. Extracting by manifest.
7117 silly tarball no local data for has-flag@https://registry.npmjs.org/has-flag/-/has-flag-3.0.0.tgz. Extracting by manifest.
7118 silly tarball no local data for ansi-regex@https://registry.npmjs.org/ansi-regex/-/ansi-regex-4.1.1.tgz. Extracting by manifest.
7119 silly tarball no local data for color-name@https://registry.npmjs.org/color-name/-/color-name-1.1.3.tgz. Extracting by manifest.
7120 silly tarball no local data for color-convert@https://registry.npmjs.org/color-convert/-/color-convert-1.9.3.tgz. Extracting by manifest.
7121 silly tarball no local data for supports-color@https://registry.npmjs.org/supports-color/-/supports-color-5.5.0.tgz. Extracting by manifest.
7122 silly tarball no local data for escape-string-regexp@https://registry.npmjs.org/escape-string-regexp/-/escape-string-regexp-1.0.5.tgz. Extracting by manifest.
7123 silly tarball no local data for ansi-styles@https://registry.npmjs.org/ansi-styles/-/ansi-styles-3.2.1.tgz. Extracting by manifest.
7124 silly tarball no local data for strip-ansi@https://registry.npmjs.org/strip-ansi/-/strip-ansi-5.2.0.tgz. Extracting by manifest.
7125 silly tarball no local data for chalk@https://registry.npmjs.org/chalk/-/chalk-2.4.2.tgz. Extracting by manifest.
7126 silly tarball no local data for semver@https://registry.npmjs.org/semver/-/semver-7.8.0.tgz. Extracting by manifest.
7127 silly tarball no local data for brace-expansion@https://registry.npmjs.org/brace-expansion/-/brace-expansion-2.1.0.tgz. Extracting by manifest.
7128 silly tarball no local data for minimatch@https://registry.npmjs.org/minimatch/-/minimatch-9.0.9.tgz. Extracting by manifest.
7129 silly tarball no local data for ms@https://registry.npmjs.org/ms/-/ms-2.0.0.tgz. Extracting by manifest.
7130 silly tarball no local data for debug@https://registry.npmjs.org/debug/-/debug-2.6.9.tgz. Extracting by manifest.
7131 silly tarball no local data for ms@https://registry.npmjs.org/ms/-/ms-2.0.0.tgz. Extracting by manifest.
7132 silly tarball no local data for debug@https://registry.npmjs.org/debug/-/debug-2.6.9.tgz. Extracting by manifest.
7133 silly tarball no local data for negotiator@https://registry.npmjs.org/negotiator/-/negotiator-0.6.4.tgz. Extracting by manifest.
7134 silly tarball no local data for lru-cache@https://registry.npmjs.org/lru-cache/-/lru-cache-10.4.3.tgz. Extracting by manifest.
7135 silly tarball no local data for open@https://registry.npmjs.org/open/-/open-8.4.2.tgz. Extracting by manifest.
7136 silly tarball no local data for ws@https://registry.npmjs.org/ws/-/ws-6.2.3.tgz. Extracting by manifest.
7137 silly tarball no local data for ms@https://registry.npmjs.org/ms/-/ms-2.0.0.tgz. Extracting by manifest.
7138 silly tarball no local data for debug@https://registry.npmjs.org/debug/-/debug-2.6.9.tgz. Extracting by manifest.
7139 silly tarball no local data for universalify@https://registry.npmjs.org/universalify/-/universalify-2.0.1.tgz. Extracting by manifest.
7140 silly tarball no local data for semver@https://registry.npmjs.org/semver/-/semver-7.8.0.tgz. Extracting by manifest.
7141 silly tarball no local data for jsonfile@https://registry.npmjs.org/jsonfile/-/jsonfile-6.2.1.tgz. Extracting by manifest.
7142 silly tarball no local data for fs-extra@https://registry.npmjs.org/fs-extra/-/fs-extra-9.1.0.tgz. Extracting by manifest.
7143 silly tarball no local data for @expo/json-file@https://registry.npmjs.org/@expo/json-file/-/json-file-10.0.14.tgz. Extracting by manifest.
7144 silly tarball no local data for @babel/code-frame@https://registry.npmjs.org/@babel/code-frame/-/code-frame-7.10.4.tgz. Extracting by manifest.
7145 silly tarball no local data for universalify@https://registry.npmjs.org/universalify/-/universalify-1.0.0.tgz. Extracting by manifest.
7146 silly tarball no local data for jsonfile@https://registry.npmjs.org/jsonfile/-/jsonfile-6.2.1.tgz. Extracting by manifest.
7147 silly tarball no local data for universalify@https://registry.npmjs.org/universalify/-/universalify-2.0.1.tgz. Extracting by manifest.
7148 silly tarball no local data for semver@https://registry.npmjs.org/semver/-/semver-7.8.0.tgz. Extracting by manifest.
7149 silly tarball no local data for fs-extra@https://registry.npmjs.org/fs-extra/-/fs-extra-9.0.0.tgz. Extracting by manifest.
7150 silly tarball no local data for debug@https://registry.npmjs.org/debug/-/debug-3.2.7.tgz. Extracting by manifest.
7151 silly tarball no local data for webidl-conversions@https://registry.npmjs.org/webidl-conversions/-/webidl-conversions-5.0.0.tgz. Extracting by manifest.
7152 silly tarball no local data for jsonfile@https://registry.npmjs.org/jsonfile/-/jsonfile-6.2.1.tgz. Extracting by manifest.
7153 silly tarball no local data for universalify@https://registry.npmjs.org/universalify/-/universalify-2.0.1.tgz. Extracting by manifest.
7154 silly tarball no local data for fs-extra@https://registry.npmjs.org/fs-extra/-/fs-extra-9.1.0.tgz. Extracting by manifest.
7155 silly tarball no local data for universalify@https://registry.npmjs.org/universalify/-/universalify-2.0.1.tgz. Extracting by manifest.
7156 silly tarball no local data for jsonfile@https://registry.npmjs.org/jsonfile/-/jsonfile-6.2.1.tgz. Extracting by manifest.
7157 silly tarball no local data for fs-extra@https://registry.npmjs.org/fs-extra/-/fs-extra-9.1.0.tgz. Extracting by manifest.
7158 silly tarball no local data for @babel/code-frame@https://registry.npmjs.org/@babel/code-frame/-/code-frame-7.10.4.tgz. Extracting by manifest.
7159 silly tarball no local data for @expo/json-file@https://registry.npmjs.org/@expo/json-file/-/json-file-9.0.2.tgz. Extracting by manifest.
7160 silly tarball no local data for semver@https://registry.npmjs.org/semver/-/semver-7.8.0.tgz. Extracting by manifest.
7161 silly tarball no local data for @babel/code-frame@https://registry.npmjs.org/@babel/code-frame/-/code-frame-7.10.4.tgz. Extracting by manifest.
7162 silly tarball no local data for semver@https://registry.npmjs.org/semver/-/semver-7.8.0.tgz. Extracting by manifest.
7163 silly tarball no local data for @expo/json-file@https://registry.npmjs.org/@expo/json-file/-/json-file-9.0.2.tgz. Extracting by manifest.
7164 silly tarball no local data for semver@https://registry.npmjs.org/semver/-/semver-7.8.0.tgz. Extracting by manifest.
7165 silly tarball no local data for @babel/code-frame@https://registry.npmjs.org/@babel/code-frame/-/code-frame-7.10.4.tgz. Extracting by manifest.
7166 silly tarball no local data for semver@https://registry.npmjs.org/semver/-/semver-7.8.0.tgz. Extracting by manifest.
7167 silly tarball no local data for memoize-one@https://registry.npmjs.org/memoize-one/-/memoize-one-6.0.0.tgz. Extracting by manifest.
7168 silly tarball no local data for @react-native/normalize-colors@https://registry.npmjs.org/@react-native/normalize-colors/-/normalize-colors-0.74.89.tgz. Extracting by manifest.
7169 silly tarball no local data for @react-native/normalize-colors@https://registry.npmjs.org/@react-native/normalize-colors/-/normalize-colors-0.76.8.tgz. Extracting by manifest.
7170 silly tarball no local data for semver@https://registry.npmjs.org/semver/-/semver-7.6.3.tgz. Extracting by manifest.
7171 silly tarball no local data for ws@https://registry.npmjs.org/ws/-/ws-6.2.3.tgz. Extracting by manifest.
7172 silly tarball no local data for semver@https://registry.npmjs.org/semver/-/semver-7.8.0.tgz. Extracting by manifest.
7173 silly tarball no local data for scheduler@https://registry.npmjs.org/scheduler/-/scheduler-0.24.0-canary-efb381bbf-20230505.tgz. Extracting by manifest.
7174 silly tarball no local data for promise@https://registry.npmjs.org/promise/-/promise-8.3.0.tgz. Extracting by manifest.
7175 silly tarball no local data for glob@https://registry.npmjs.org/glob/-/glob-7.2.3.tgz. Extracting by manifest.
7176 silly tarball no local data for commander@https://registry.npmjs.org/commander/-/commander-12.1.0.tgz. Extracting by manifest.
7177 silly tarball no local data for babel-plugin-syntax-hermes-parser@https://registry.npmjs.org/babel-plugin-syntax-hermes-parser/-/babel-plugin-syntax-hermes-parser-0.23.1.tgz. Extracting by manifest.
7178 silly tarball no local data for @react-native/normalize-colors@https://registry.npmjs.org/@react-native/normalize-colors/-/normalize-colors-0.76.3.tgz. Extracting by manifest.
7179 silly tarball no local data for @react-native/codegen@https://registry.npmjs.org/@react-native/codegen/-/codegen-0.76.3.tgz. Extracting by manifest.
7180 silly tarball no local data for @expo/vector-icons@https://registry.npmjs.org/@expo/vector-icons/-/vector-icons-14.0.4.tgz. Extracting by manifest.
7181 http fetch GET 200 https://registry.npmjs.org/path-is-absolute/-/path-is-absolute-1.0.1.tgz 934ms (cache miss)
7182 http fetch GET 200 https://registry.npmjs.org/async-limiter/-/async-limiter-1.0.1.tgz 937ms (cache miss)
7183 http fetch GET 200 https://registry.npmjs.org/define-lazy-prop/-/define-lazy-prop-2.0.0.tgz 939ms (cache miss)
7184 http fetch GET 200 https://registry.npmjs.org/strip-final-newline/-/strip-final-newline-2.0.0.tgz 945ms (cache miss)
7185 http fetch GET 200 https://registry.npmjs.org/inflight/-/inflight-1.0.6.tgz 944ms (cache miss)
7186 warn deprecated inflight@1.0.6: This module is not supported, and leaks memory. Do not use it. Check out lru-cache if you want a good and tested way to coalesce async requests by a key value, which is much more comprehensive and powerful.
7187 http fetch GET 200 https://registry.npmjs.org/nice-try/-/nice-try-1.0.5.tgz 949ms (cache miss)
7188 http fetch GET 200 https://registry.npmjs.org/cliui/-/cliui-8.0.1.tgz 988ms (cache miss)
7189 http fetch GET 200 https://registry.npmjs.org/is-callable/-/is-callable-1.2.7.tgz 991ms (cache miss)
7190 http fetch GET 200 https://registry.npmjs.org/simple-plist/-/simple-plist-1.3.1.tgz 992ms (cache miss)
7191 http fetch GET 200 https://registry.npmjs.org/y18n/-/y18n-5.0.8.tgz 995ms (cache miss)
7192 http fetch GET 200 https://registry.npmjs.org/for-each/-/for-each-0.3.5.tgz 992ms (cache miss)
7193 http fetch GET 200 https://registry.npmjs.org/sax/-/sax-1.6.0.tgz 1006ms (cache miss)
7194 http fetch GET 200 https://registry.npmjs.org/possible-typed-array-names/-/possible-typed-array-names-1.1.0.tgz 1015ms (cache miss)
7195 http fetch GET 200 https://registry.npmjs.org/available-typed-arrays/-/available-typed-arrays-1.0.7.tgz 1132ms (cache miss)
7196 http fetch GET 200 https://registry.npmjs.org/at-least-node/-/at-least-node-1.0.0.tgz 1141ms (cache miss)
7197 http fetch GET 200 https://registry.npmjs.org/isexe/-/isexe-2.0.0.tgz 1202ms (cache miss)
7198 http fetch GET 200 https://registry.npmjs.org/punycode/-/punycode-2.3.1.tgz 1236ms (cache miss)
7199 http fetch GET 200 https://registry.npmjs.org/p-try/-/p-try-2.2.0.tgz 1248ms (cache miss)
7200 http fetch GET 200 https://registry.npmjs.org/require-directory/-/require-directory-2.1.1.tgz 1257ms (cache miss)
7201 http fetch GET 200 https://registry.npmjs.org/buffer/-/buffer-5.7.1.tgz 1249ms (cache miss)
7202 http fetch GET 200 https://registry.npmjs.org/clone/-/clone-1.0.4.tgz 1255ms (cache miss)
7203 http fetch GET 200 https://registry.npmjs.org/tmpl/-/tmpl-1.0.5.tgz 1255ms (cache miss)
7204 http fetch GET 200 https://registry.npmjs.org/webidl-conversions/-/webidl-conversions-3.0.1.tgz 1259ms (cache miss)
7205 http fetch GET 200 https://registry.npmjs.org/get-caller-file/-/get-caller-file-2.0.5.tgz 1279ms (cache miss)
7206 http fetch GET 200 https://registry.npmjs.org/makeerror/-/makeerror-1.0.12.tgz 1270ms (cache miss)
7207 http fetch GET 200 https://registry.npmjs.org/defaults/-/defaults-1.0.4.tgz 1271ms (cache miss)
7208 http fetch GET 200 https://registry.npmjs.org/generator-function/-/generator-function-2.0.1.tgz 1286ms (cache miss)
7209 http fetch GET 200 https://registry.npmjs.org/fs.realpath/-/fs.realpath-1.0.0.tgz 1308ms (cache miss)
7210 http fetch GET 200 https://registry.npmjs.org/ieee754/-/ieee754-1.2.1.tgz 1299ms (cache miss)
7211 http fetch GET 200 https://registry.npmjs.org/unicode-canonical-property-names-ecmascript/-/unicode-canonical-property-names-ecmascript-2.0.1.tgz 1306ms (cache miss)
7212 http fetch GET 200 https://registry.npmjs.org/safe-regex-test/-/safe-regex-test-1.1.0.tgz 1311ms (cache miss)
7213 http fetch GET 200 https://registry.npmjs.org/unique-slug/-/unique-slug-4.0.0.tgz 1326ms (cache miss)
7214 http fetch GET 200 https://registry.npmjs.org/thenify/-/thenify-3.3.1.tgz 1325ms (cache miss)
7215 http fetch GET 200 https://registry.npmjs.org/crypto-random-string/-/crypto-random-string-2.0.0.tgz 1328ms (cache miss)
7216 http fetch GET 200 https://registry.npmjs.org/escalade/-/escalade-3.2.0.tgz 1329ms (cache miss)
7217 http fetch GET 200 https://registry.npmjs.org/path-type/-/path-type-4.0.0.tgz 1325ms (cache miss)
7218 http fetch GET 200 https://registry.npmjs.org/ignore/-/ignore-5.3.2.tgz 1342ms (cache miss)
7219 http fetch GET 200 https://registry.npmjs.org/chownr/-/chownr-2.0.0.tgz 1339ms (cache miss)
7220 http fetch GET 200 https://registry.npmjs.org/supports-hyperlinks/-/supports-hyperlinks-2.3.0.tgz 1347ms (cache miss)
7221 http fetch GET 200 https://registry.npmjs.org/imurmurhash/-/imurmurhash-0.1.4.tgz 1368ms (cache miss)
7222 http fetch GET 200 https://registry.npmjs.org/unicode-property-aliases-ecmascript/-/unicode-property-aliases-ecmascript-2.2.0.tgz 1368ms (cache miss)
7223 http fetch GET 200 https://registry.npmjs.org/is-number/-/is-number-7.0.0.tgz 1367ms (cache miss)
7224 http fetch GET 200 https://registry.npmjs.org/which-typed-array/-/which-typed-array-1.1.20.tgz 1375ms (cache miss)
7225 http fetch GET 200 https://registry.npmjs.org/array-union/-/array-union-2.1.0.tgz 1366ms (cache miss)
7226 http fetch GET 200 https://registry.npmjs.org/is-path-cwd/-/is-path-cwd-2.2.0.tgz 1365ms (cache miss)
7227 http fetch GET 200 https://registry.npmjs.org/is-path-inside/-/is-path-inside-3.0.3.tgz 1365ms (cache miss)
7228 http fetch GET 200 https://registry.npmjs.org/thenify-all/-/thenify-all-1.6.0.tgz 1364ms (cache miss)
7229 http fetch GET 200 https://registry.npmjs.org/has-flag/-/has-flag-4.0.0.tgz 1363ms (cache miss)
7230 http fetch GET 200 https://registry.npmjs.org/minizlib/-/minizlib-2.1.2.tgz 1364ms (cache miss)
7231 http fetch GET 200 https://registry.npmjs.org/dir-glob/-/dir-glob-3.0.1.tgz 1375ms (cache miss)
7232 http fetch GET 200 https://registry.npmjs.org/del/-/del-6.1.1.tgz 1384ms (cache miss)
7233 http fetch GET 200 https://registry.npmjs.org/mz/-/mz-2.7.0.tgz 1381ms (cache miss)
7234 http fetch GET 200 https://registry.npmjs.org/ansi-escapes/-/ansi-escapes-4.3.2.tgz 1402ms (cache miss)
7235 http fetch GET 200 https://registry.npmjs.org/toidentifier/-/toidentifier-1.0.1.tgz 1392ms (cache miss)
7236 http fetch GET 200 https://registry.npmjs.org/shebang-regex/-/shebang-regex-3.0.0.tgz 1391ms (cache miss)
7237 http fetch GET 200 https://registry.npmjs.org/is-generator-function/-/is-generator-function-1.1.2.tgz 1419ms (cache miss)
7238 http fetch GET 200 https://registry.npmjs.org/lines-and-columns/-/lines-and-columns-1.2.4.tgz 1404ms (cache miss)
7239 http fetch GET 200 https://registry.npmjs.org/buffer-from/-/buffer-from-1.1.2.tgz 1406ms (cache miss)
7240 http fetch GET 200 https://registry.npmjs.org/is-fullwidth-code-point/-/is-fullwidth-code-point-3.0.0.tgz 1414ms (cache miss)
7241 http fetch GET 200 https://registry.npmjs.org/eastasianwidth/-/eastasianwidth-0.2.0.tgz 1415ms (cache miss)
7242 http fetch GET 200 https://registry.npmjs.org/setprototypeof/-/setprototypeof-1.2.0.tgz 1412ms (cache miss)
7243 http fetch GET 200 https://registry.npmjs.org/range-parser/-/range-parser-1.2.1.tgz 1413ms (cache miss)
7244 http fetch GET 200 https://registry.npmjs.org/http-errors/-/http-errors-2.0.1.tgz 1417ms (cache miss)
7245 http fetch GET 200 https://registry.npmjs.org/@jridgewell/source-map/-/source-map-0.3.11.tgz 1443ms (cache miss)
7246 http fetch GET 200 https://registry.npmjs.org/fresh/-/fresh-0.5.2.tgz 1431ms (cache miss)
7247 http fetch GET 200 https://registry.npmjs.org/destroy/-/destroy-1.2.0.tgz 1433ms (cache miss)
7248 http fetch GET 200 https://registry.npmjs.org/queue-microtask/-/queue-microtask-1.2.3.tgz 1439ms (cache miss)
7249 http fetch GET 200 https://registry.npmjs.org/etag/-/etag-1.8.1.tgz 1445ms (cache miss)
7250 http fetch GET 200 https://registry.npmjs.org/onetime/-/onetime-2.0.1.tgz 1439ms (cache miss)
7251 http fetch GET 200 https://registry.npmjs.org/mimic-fn/-/mimic-fn-1.2.0.tgz 1451ms (cache miss)
7252 http fetch GET 200 https://registry.npmjs.org/tr46/-/tr46-0.0.3.tgz 1483ms (cache miss)
7253 http fetch GET 200 https://registry.npmjs.org/mime/-/mime-1.6.0.tgz 1461ms (cache miss)
7254 http fetch GET 200 https://registry.npmjs.org/path-parse/-/path-parse-1.0.7.tgz 1452ms (cache miss)
7255 http fetch GET 200 https://registry.npmjs.org/deep-extend/-/deep-extend-0.6.0.tgz 1450ms (cache miss)
7256 http fetch GET 200 https://registry.npmjs.org/nested-error-stacks/-/nested-error-stacks-2.0.1.tgz 1450ms (cache miss)
7257 http fetch GET 200 https://registry.npmjs.org/unicode-match-property-value-ecmascript/-/unicode-match-property-value-ecmascript-2.2.1.tgz 1450ms (cache miss)
7258 http fetch GET 200 https://registry.npmjs.org/regjsgen/-/regjsgen-0.8.0.tgz 1449ms (cache miss)
7259 http fetch GET 200 https://registry.npmjs.org/globby/-/globby-11.1.0.tgz 1479ms (cache miss)
7260 http fetch GET 200 https://registry.npmjs.org/strip-json-comments/-/strip-json-comments-2.0.1.tgz 1463ms (cache miss)
7261 http fetch GET 200 https://registry.npmjs.org/ini/-/ini-1.3.8.tgz 1462ms (cache miss)
7262 http fetch GET 200 https://registry.npmjs.org/rc/-/rc-1.2.8.tgz 1461ms (cache miss)
7263 http fetch GET 200 https://registry.npmjs.org/is-typed-array/-/is-typed-array-1.1.15.tgz 1501ms (cache miss)
7264 http fetch GET 200 https://registry.npmjs.org/is-arguments/-/is-arguments-1.2.0.tgz 1502ms (cache miss)
7265 http fetch GET 200 https://registry.npmjs.org/depd/-/depd-2.0.0.tgz 1484ms (cache miss)
7266 http fetch GET 200 https://registry.npmjs.org/regjsparser/-/regjsparser-0.13.1.tgz 1477ms (cache miss)
7267 http fetch GET 200 https://registry.npmjs.org/supports-preserve-symlinks-flag/-/supports-preserve-symlinks-flag-1.0.0.tgz 1494ms (cache miss)
7268 http fetch GET 200 https://registry.npmjs.org/styleq/-/styleq-0.1.3.tgz 1489ms (cache miss)
7269 http fetch GET 200 https://registry.npmjs.org/postcss-value-parser/-/postcss-value-parser-4.2.0.tgz 1490ms (cache miss)
7270 http fetch GET 200 https://registry.npmjs.org/unicode-match-property-ecmascript/-/unicode-match-property-ecmascript-2.0.0.tgz 1499ms (cache miss)
7271 http fetch GET 200 https://registry.npmjs.org/dom-serializer/-/dom-serializer-2.0.0.tgz 1497ms (cache miss)
7272 http fetch GET 200 https://registry.npmjs.org/domelementtype/-/domelementtype-2.3.0.tgz 1496ms (cache miss)
7273 http fetch GET 200 https://registry.npmjs.org/is-regex/-/is-regex-1.2.1.tgz 1542ms (cache miss)
7274 http fetch GET 200 https://registry.npmjs.org/human-signals/-/human-signals-2.1.0.tgz 1556ms (cache miss)
7275 http fetch GET 200 https://registry.npmjs.org/regenerate/-/regenerate-1.4.2.tgz 1509ms (cache miss)
7276 http fetch GET 200 https://registry.npmjs.org/react-freeze/-/react-freeze-1.0.4.tgz 1501ms (cache miss)
7277 http fetch GET 200 https://registry.npmjs.org/boolbase/-/boolbase-1.0.0.tgz 1504ms (cache miss)
7278 http fetch GET 200 https://registry.npmjs.org/@babel/highlight/-/highlight-7.25.9.tgz 1562ms (cache miss)
7279 http fetch GET 200 https://registry.npmjs.org/hyphenate-style-name/-/hyphenate-style-name-1.1.0.tgz 1516ms (cache miss)
7280 http fetch GET 200 https://registry.npmjs.org/hoist-non-react-statics/-/hoist-non-react-statics-3.3.2.tgz 1509ms (cache miss)
7281 http fetch GET 200 https://registry.npmjs.org/ts-interface-checker/-/ts-interface-checker-0.1.13.tgz 1548ms (cache miss)
7282 http fetch GET 200 https://registry.npmjs.org/error-ex/-/error-ex-1.3.4.tgz 1534ms (cache miss)
7283 http fetch GET 200 https://registry.npmjs.org/inherits/-/inherits-2.0.4.tgz 1535ms (cache miss)
7284 http fetch GET 200 https://registry.npmjs.org/json-parse-better-errors/-/json-parse-better-errors-1.0.2.tgz 1535ms (cache miss)
7285 http fetch GET 200 https://registry.npmjs.org/metro-minify-terser/-/metro-minify-terser-0.81.5.tgz 1540ms (cache miss)
7286 http fetch GET 200 https://registry.npmjs.org/is-arrayish/-/is-arrayish-0.2.1.tgz 1541ms (cache miss)
7287 http fetch GET 200 https://registry.npmjs.org/vlq/-/vlq-1.0.1.tgz 1540ms (cache miss)
7288 http fetch GET 200 https://registry.npmjs.org/jest-get-type/-/jest-get-type-29.6.3.tgz 1553ms (cache miss)
7289 http fetch GET 200 https://registry.npmjs.org/caller-callsite/-/caller-callsite-2.0.0.tgz 1560ms (cache miss)
7290 http fetch GET 200 https://registry.npmjs.org/leven/-/leven-3.1.0.tgz 1561ms (cache miss)
7291 http fetch GET 200 https://registry.npmjs.org/@types/node-forge/-/node-forge-1.3.14.tgz 1608ms (cache miss)
7292 http fetch GET 200 https://registry.npmjs.org/is-directory/-/is-directory-0.3.1.tgz 1569ms (cache miss)
7293 http fetch GET 200 https://registry.npmjs.org/parse-json/-/parse-json-4.0.0.tgz 1570ms (cache miss)
7294 http fetch GET 200 https://registry.npmjs.org/import-fresh/-/import-fresh-2.0.0.tgz 1570ms (cache miss)
7295 http fetch GET 200 https://registry.npmjs.org/json-schema-traverse/-/json-schema-traverse-1.0.0.tgz 1614ms (cache miss)
7296 http fetch GET 200 https://registry.npmjs.org/is-core-module/-/is-core-module-2.16.2.tgz 1607ms (cache miss)
7297 http fetch GET 200 https://registry.npmjs.org/callsites/-/callsites-2.0.0.tgz 1578ms (cache miss)
7298 http fetch GET 200 https://registry.npmjs.org/caller-path/-/caller-path-2.0.0.tgz 1581ms (cache miss)
7299 http fetch GET 200 https://registry.npmjs.org/@types/json-schema/-/json-schema-7.0.15.tgz 1622ms (cache miss)
7300 http fetch GET 200 https://registry.npmjs.org/metro-transform-worker/-/metro-transform-worker-0.81.5.tgz 1585ms (cache miss)
7301 http fetch GET 200 https://registry.npmjs.org/throat/-/throat-5.0.0.tgz 1586ms (cache miss)
7302 http fetch GET 200 https://registry.npmjs.org/queue/-/queue-6.0.2.tgz 1594ms (cache miss)
7303 http fetch GET 200 https://registry.npmjs.org/emoji-regex/-/emoji-regex-9.2.2.tgz 1646ms (cache miss)
7304 http fetch GET 200 https://registry.npmjs.org/stackframe/-/stackframe-1.3.4.tgz 1600ms (cache miss)
7305 http fetch GET 200 https://registry.npmjs.org/serialize-error/-/serialize-error-2.1.0.tgz 1598ms (cache miss)
7306 http fetch GET 200 https://registry.npmjs.org/sprintf-js/-/sprintf-js-1.0.3.tgz 1680ms (cache miss)
7307 http fetch GET 200 https://registry.npmjs.org/metro-babel-transformer/-/metro-babel-transformer-0.81.5.tgz 1600ms (cache miss)
7308 http fetch GET 200 https://registry.npmjs.org/metro-cache/-/metro-cache-0.81.5.tgz 1603ms (cache miss)
7309 http fetch GET 200 https://registry.npmjs.org/lodash.throttle/-/lodash.throttle-4.1.1.tgz 1610ms (cache miss)
7310 http fetch GET 200 https://registry.npmjs.org/stack-utils/-/stack-utils-2.0.6.tgz 1610ms (cache miss)
7311 http fetch GET 200 https://registry.npmjs.org/merge-stream/-/merge-stream-2.0.0.tgz 1612ms (cache miss)
7312 http fetch GET 200 https://registry.npmjs.org/bser/-/bser-2.1.1.tgz 1613ms (cache miss)
7313 http fetch GET 200 https://registry.npmjs.org/normalize-path/-/normalize-path-3.0.0.tgz 1613ms (cache miss)
7314 http fetch GET 200 https://registry.npmjs.org/@types/hammerjs/-/hammerjs-2.0.46.tgz 1641ms (cache miss)
7315 http fetch GET 200 https://registry.npmjs.org/walker/-/walker-1.0.8.tgz 1614ms (cache miss)
7316 http fetch GET 200 https://registry.npmjs.org/type-fest/-/type-fest-0.7.1.tgz 1668ms (cache miss)
7317 http fetch GET 200 https://registry.npmjs.org/error-stack-parser/-/error-stack-parser-2.1.4.tgz 1625ms (cache miss)
7318 http fetch GET 200 https://registry.npmjs.org/node-int64/-/node-int64-0.4.0.tgz 1620ms (cache miss)
7319 http fetch GET 200 https://registry.npmjs.org/ajv-formats/-/ajv-formats-2.1.1.tgz 1669ms (cache miss)
7320 http fetch GET 200 https://registry.npmjs.org/ob1/-/ob1-0.81.5.tgz 1651ms (cache miss)
7321 http fetch GET 200 https://registry.npmjs.org/fb-watchman/-/fb-watchman-2.0.2.tgz 1623ms (cache miss)
7322 http fetch GET 200 https://registry.npmjs.org/type-detect/-/type-detect-4.0.8.tgz 1624ms (cache miss)
7323 http fetch GET 200 https://registry.npmjs.org/anymatch/-/anymatch-3.1.3.tgz 1625ms (cache miss)
7324 http fetch GET 200 https://registry.npmjs.org/jest-message-util/-/jest-message-util-29.7.0.tgz 1629ms (cache miss)
7325 http fetch GET 200 https://registry.npmjs.org/jest-mock/-/jest-mock-29.7.0.tgz 1633ms (cache miss)
7326 http fetch GET 200 https://registry.npmjs.org/shell-quote/-/shell-quote-1.8.3.tgz 1667ms (cache miss)
7327 http fetch GET 200 https://registry.npmjs.org/yargs-parser/-/yargs-parser-21.1.1.tgz 1727ms (cache miss)
7328 http fetch GET 200 https://registry.npmjs.org/cosmiconfig/-/cosmiconfig-5.2.1.tgz 1653ms (cache miss)
7329 http fetch GET 200 https://registry.npmjs.org/istanbul-lib-coverage/-/istanbul-lib-coverage-3.2.2.tgz 1648ms (cache miss)
7330 http fetch GET 200 https://registry.npmjs.org/fsevents/-/fsevents-2.3.3.tgz 1660ms (cache miss)
7331 http fetch GET 200 https://registry.npmjs.org/metro-cache-key/-/metro-cache-key-0.81.5.tgz 1669ms (cache miss)
7332 http fetch GET 200 https://registry.npmjs.org/esprima/-/esprima-4.0.1.tgz 1713ms (cache miss)
7333 http fetch GET 200 https://registry.npmjs.org/domhandler/-/domhandler-5.0.3.tgz 1722ms (cache miss)
7334 http fetch GET 200 https://registry.npmjs.org/metro-symbolicate/-/metro-symbolicate-0.81.5.tgz 1697ms (cache miss)
7335 http fetch GET 200 https://registry.npmjs.org/jest-validate/-/jest-validate-29.7.0.tgz 1708ms (cache miss)
7336 http fetch GET 200 https://registry.npmjs.org/plist/-/plist-3.1.1.tgz 1780ms (cache miss)
7337 http fetch GET 200 https://registry.npmjs.org/any-promise/-/any-promise-1.3.0.tgz 1761ms (cache miss)
7338 http fetch GET 200 https://registry.npmjs.org/@types/stack-utils/-/stack-utils-2.0.3.tgz 1710ms (cache miss)
7339 http fetch GET 200 https://registry.npmjs.org/metro-transform-plugins/-/metro-transform-plugins-0.81.5.tgz 1729ms (cache miss)
7340 http fetch GET 200 https://registry.npmjs.org/acorn/-/acorn-8.16.0.tgz 1795ms (cache miss)
7341 http fetch GET 200 https://registry.npmjs.org/@types/graceful-fs/-/graceful-fs-4.1.9.tgz 1757ms (cache miss)
7342 http fetch GET 200 https://registry.npmjs.org/jest-worker/-/jest-worker-29.7.0.tgz 1760ms (cache miss)
7343 http fetch GET 200 https://registry.npmjs.org/fast-uri/-/fast-uri-3.1.2.tgz 1819ms (cache miss)
7344 http fetch GET 200 https://registry.npmjs.org/@sinonjs/fake-timers/-/fake-timers-10.3.0.tgz 1804ms (cache miss)
7345 http fetch GET 200 https://registry.npmjs.org/@jest/fake-timers/-/fake-timers-29.7.0.tgz 1839ms (cache miss)
7346 http fetch GET 200 https://registry.npmjs.org/@babel/plugin-syntax-private-property-in-object/-/plugin-syntax-private-property-in-object-7.14.5.tgz 1838ms (cache miss)
7347 http fetch GET 200 https://registry.npmjs.org/nth-check/-/nth-check-2.1.1.tgz 1883ms (cache miss)
7348 http fetch GET 200 https://registry.npmjs.org/@babel/plugin-syntax-optional-catch-binding/-/plugin-syntax-optional-catch-binding-7.8.3.tgz 1847ms (cache miss)
7349 http fetch GET 200 https://registry.npmjs.org/@jest/environment/-/environment-29.7.0.tgz 1852ms (cache miss)
7350 http fetch GET 200 https://registry.npmjs.org/babel-preset-current-node-syntax/-/babel-preset-current-node-syntax-1.2.0.tgz 1848ms (cache miss)
7351 http fetch GET 200 https://registry.npmjs.org/mdn-data/-/mdn-data-2.0.14.tgz 1896ms (cache miss)
7352 http fetch GET 200 https://registry.npmjs.org/@babel/plugin-syntax-numeric-separator/-/plugin-syntax-numeric-separator-7.10.4.tgz 1853ms (cache miss)
7353 http fetch GET 200 https://registry.npmjs.org/@babel/plugin-syntax-object-rest-spread/-/plugin-syntax-object-rest-spread-7.8.3.tgz 1854ms (cache miss)
7354 http fetch GET 200 https://registry.npmjs.org/get-package-type/-/get-package-type-0.1.0.tgz 1850ms (cache miss)
7355 http fetch GET 200 https://registry.npmjs.org/@babel/plugin-syntax-top-level-await/-/plugin-syntax-top-level-await-7.14.5.tgz 1855ms (cache miss)
7356 http fetch GET 200 https://registry.npmjs.org/test-exclude/-/test-exclude-6.0.0.tgz 1851ms (cache miss)
7357 http fetch GET 200 https://registry.npmjs.org/babel-plugin-jest-hoist/-/babel-plugin-jest-hoist-29.6.3.tgz 1852ms (cache miss)
7358 http fetch GET 200 https://registry.npmjs.org/@babel/plugin-syntax-json-strings/-/plugin-syntax-json-strings-7.8.3.tgz 1855ms (cache miss)
7359 http fetch GET 200 https://registry.npmjs.org/camelcase/-/camelcase-5.3.1.tgz 1853ms (cache miss)
7360 http fetch GET 200 https://registry.npmjs.org/@babel/plugin-syntax-logical-assignment-operators/-/plugin-syntax-logical-assignment-operators-7.10.4.tgz 1861ms (cache miss)
7361 http fetch GET 200 https://registry.npmjs.org/jest-util/-/jest-util-29.7.0.tgz 1859ms (cache miss)
7362 http fetch GET 200 https://registry.npmjs.org/jest-regex-util/-/jest-regex-util-29.6.3.tgz 1859ms (cache miss)
7363 http fetch GET 200 https://registry.npmjs.org/fast-json-stable-stringify/-/fast-json-stable-stringify-2.1.0.tgz 1859ms (cache miss)
7364 http fetch GET 200 https://registry.npmjs.org/babel-plugin-istanbul/-/babel-plugin-istanbul-6.1.1.tgz 1864ms (cache miss)
7365 http fetch GET 200 https://registry.npmjs.org/babel-preset-jest/-/babel-preset-jest-29.6.3.tgz 1874ms (cache miss)
7366 http fetch GET 200 https://registry.npmjs.org/@types/babel__traverse/-/babel__traverse-7.28.0.tgz 1876ms (cache miss)
7367 http fetch GET 200 https://registry.npmjs.org/@babel/plugin-syntax-class-static-block/-/plugin-syntax-class-static-block-7.14.5.tgz 1881ms (cache miss)
7368 http fetch GET 200 https://registry.npmjs.org/css-what/-/css-what-6.2.2.tgz 1925ms (cache miss)
7369 http fetch GET 200 https://registry.npmjs.org/source-map/-/source-map-0.5.7.tgz 1904ms (cache miss)
7370 http fetch GET 200 https://registry.npmjs.org/istanbul-lib-instrument/-/istanbul-lib-instrument-5.2.1.tgz 1895ms (cache miss)
7371 http fetch GET 200 https://registry.npmjs.org/@babel/plugin-syntax-class-properties/-/plugin-syntax-class-properties-7.12.13.tgz 1905ms (cache miss)
7372 http fetch GET 200 https://registry.npmjs.org/@babel/plugin-syntax-import-meta/-/plugin-syntax-import-meta-7.10.4.tgz 1913ms (cache miss)
7373 http fetch GET 200 https://registry.npmjs.org/css-in-js-utils/-/css-in-js-utils-3.1.0.tgz 1965ms (cache miss)
7374 http fetch GET 200 https://registry.npmjs.org/fast-loops/-/fast-loops-1.1.4.tgz 2002ms (cache miss)
7375 http fetch GET 200 https://registry.npmjs.org/@babel/plugin-syntax-bigint/-/plugin-syntax-bigint-7.8.3.tgz 1957ms (cache miss)
7376 http fetch GET 200 https://registry.npmjs.org/@babel/plugin-syntax-async-generators/-/plugin-syntax-async-generators-7.8.4.tgz 1964ms (cache miss)
7377 http fetch GET 200 https://registry.npmjs.org/metro-config/-/metro-config-0.81.5.tgz 1960ms (cache miss)
7378 http fetch GET 200 https://registry.npmjs.org/jest-haste-map/-/jest-haste-map-29.7.0.tgz 1983ms (cache miss)
7379 http fetch GET 200 https://registry.npmjs.org/regenerator-runtime/-/regenerator-runtime-0.13.11.tgz 1981ms (cache miss)
7380 http fetch GET 200 https://registry.npmjs.org/exponential-backoff/-/exponential-backoff-3.1.3.tgz 2049ms (cache miss)
7381 http fetch GET 200 https://registry.npmjs.org/@types/babel__template/-/babel__template-7.4.4.tgz 2037ms (cache miss)
7382 http fetch GET 200 https://registry.npmjs.org/@istanbuljs/load-nyc-config/-/load-nyc-config-1.1.0.tgz 2040ms (cache miss)
7383 http fetch GET 200 https://registry.npmjs.org/@istanbuljs/schema/-/schema-0.1.6.tgz 2040ms (cache miss)
7384 http fetch GET 200 https://registry.npmjs.org/@types/babel__generator/-/babel__generator-7.27.0.tgz 2039ms (cache miss)
7385 http fetch GET 200 https://registry.npmjs.org/whatwg-fetch/-/whatwg-fetch-3.6.20.tgz 2031ms (cache miss)
7386 http fetch GET 200 https://registry.npmjs.org/@types/yargs-parser/-/yargs-parser-21.0.3.tgz 2061ms (cache miss)
7387 http fetch GET 200 https://registry.npmjs.org/metro-resolver/-/metro-resolver-0.81.5.tgz 2091ms (cache miss)
7388 http fetch GET 200 https://registry.npmjs.org/ast-types/-/ast-types-0.15.2.tgz 2133ms (cache miss)
7389 http fetch GET 200 https://registry.npmjs.org/@types/istanbul-lib-report/-/istanbul-lib-report-3.0.3.tgz 2085ms (cache miss)
7390 http fetch GET 200 https://registry.npmjs.org/memoize-one/-/memoize-one-5.2.1.tgz 2077ms (cache miss)
7391 http fetch GET 200 https://registry.npmjs.org/@types/babel__core/-/babel__core-7.20.5.tgz 2089ms (cache miss)
7392 http fetch GET 200 https://registry.npmjs.org/jest-environment-node/-/jest-environment-node-29.7.0.tgz 2081ms (cache miss)
7393 http fetch GET 200 https://registry.npmjs.org/image-size/-/image-size-1.2.1.tgz 2113ms (cache miss)
7394 http fetch GET 200 https://registry.npmjs.org/@sinonjs/commons/-/commons-3.0.1.tgz 2109ms (cache miss)
7395 http fetch GET 200 https://registry.npmjs.org/babel-jest/-/babel-jest-29.7.0.tgz 2093ms (cache miss)
7396 http fetch GET 200 https://registry.npmjs.org/ansi-regex/-/ansi-regex-5.0.1.tgz 2096ms (cache miss)
7397 http fetch GET 200 https://registry.npmjs.org/@jest/transform/-/transform-29.7.0.tgz 2109ms (cache miss)
7398 http fetch GET 200 https://registry.npmjs.org/domutils/-/domutils-3.2.2.tgz 2163ms (cache miss)
7399 http fetch GET 200 https://registry.npmjs.org/anser/-/anser-1.4.10.tgz 2102ms (cache miss)
7400 http fetch GET 200 https://registry.npmjs.org/flow-enums-runtime/-/flow-enums-runtime-0.0.6.tgz 2108ms (cache miss)
7401 http fetch GET 200 https://registry.npmjs.org/@types/yargs/-/yargs-17.0.35.tgz 2118ms (cache miss)
7402 http fetch GET 200 https://registry.npmjs.org/@types/istanbul-reports/-/istanbul-reports-3.0.4.tgz 2118ms (cache miss)
7403 http fetch GET 200 https://registry.npmjs.org/inline-style-prefixer/-/inline-style-prefixer-6.0.4.tgz 2192ms (cache miss)
7404 http fetch GET 200 https://registry.npmjs.org/react-fast-compare/-/react-fast-compare-3.2.2.tgz 2143ms (cache miss)
7405 http fetch GET 200 https://registry.npmjs.org/terser/-/terser-5.47.1.tgz 2203ms (cache miss)
7406 http fetch GET 200 https://registry.npmjs.org/@types/istanbul-lib-coverage/-/istanbul-lib-coverage-2.0.6.tgz 2154ms (cache miss)
7407 http fetch GET 200 https://registry.npmjs.org/metro-core/-/metro-core-0.81.5.tgz 2159ms (cache miss)
7408 http fetch GET 200 https://registry.npmjs.org/shallowequal/-/shallowequal-1.1.0.tgz 2145ms (cache miss)
7409 http fetch GET 200 https://registry.npmjs.org/strict-uri-encode/-/strict-uri-encode-2.0.0.tgz 2154ms (cache miss)
7410 http fetch GET 200 https://registry.npmjs.org/split-on-first/-/split-on-first-1.1.0.tgz 2154ms (cache miss)
7411 http fetch GET 200 https://registry.npmjs.org/prop-types/-/prop-types-15.8.1.tgz 2157ms (cache miss)
7412 http fetch GET 200 https://registry.npmjs.org/filter-obj/-/filter-obj-1.1.0.tgz 2161ms (cache miss)
7413 http fetch GET 200 https://registry.npmjs.org/entities/-/entities-4.5.0.tgz 2234ms (cache miss)
7414 http fetch GET 200 https://registry.npmjs.org/decode-uri-component/-/decode-uri-component-0.2.2.tgz 2163ms (cache miss)
7415 http fetch GET 200 https://registry.npmjs.org/metro-runtime/-/metro-runtime-0.81.5.tgz 2178ms (cache miss)
7416 http fetch GET 200 https://registry.npmjs.org/wrappy/-/wrappy-1.0.2.tgz 2175ms (cache miss)
7417 http fetch GET 200 https://registry.npmjs.org/end-of-stream/-/end-of-stream-1.4.5.tgz 2174ms (cache miss)
7418 http fetch GET 200 https://registry.npmjs.org/once/-/once-1.4.0.tgz 2177ms (cache miss)
7419 http fetch GET 200 https://registry.npmjs.org/scheduler/-/scheduler-0.23.2.tgz 2184ms (cache miss)
7420 http fetch GET 200 https://registry.npmjs.org/kleur/-/kleur-3.0.3.tgz 2187ms (cache miss)
7421 http fetch GET 200 https://registry.npmjs.org/sisteransi/-/sisteransi-1.0.5.tgz 2189ms (cache miss)
7422 http fetch GET 200 https://registry.npmjs.org/@babel/traverse/-/traverse-7.29.0.tgz 2249ms (cache miss)
7423 http fetch GET 200 https://registry.npmjs.org/asap/-/asap-2.0.6.tgz 2214ms (cache miss)
7424 http fetch GET 200 https://registry.npmjs.org/aggregate-error/-/aggregate-error-3.1.0.tgz 2221ms (cache miss)
7425 http fetch GET 200 https://registry.npmjs.org/metro-source-map/-/metro-source-map-0.81.5.tgz 2240ms (cache miss)
7426 http fetch GET 200 https://registry.npmjs.org/@jest/types/-/types-29.6.3.tgz 2267ms (cache miss)
7427 http fetch GET 200 https://registry.npmjs.org/restore-cursor/-/restore-cursor-2.0.0.tgz 2251ms (cache miss)
7428 http fetch GET 200 https://registry.npmjs.org/clean-stack/-/clean-stack-2.2.0.tgz 2252ms (cache miss)
7429 http fetch GET 200 https://registry.npmjs.org/wcwidth/-/wcwidth-1.0.1.tgz 2255ms (cache miss)
7430 http fetch GET 200 https://registry.npmjs.org/source-map-js/-/source-map-js-1.2.1.tgz 2268ms (cache miss)
7431 http fetch GET 200 https://registry.npmjs.org/log-symbols/-/log-symbols-2.2.0.tgz 2269ms (cache miss)
7432 http fetch GET 200 https://registry.npmjs.org/call-bound/-/call-bound-1.0.4.tgz 2270ms (cache miss)
7433 http fetch GET 200 https://registry.npmjs.org/cli-spinners/-/cli-spinners-2.9.2.tgz 2271ms (cache miss)
7434 http fetch GET 200 https://registry.npmjs.org/cli-cursor/-/cli-cursor-2.1.0.tgz 2271ms (cache miss)
7435 http fetch GET 200 https://registry.npmjs.org/ee-first/-/ee-first-1.1.1.tgz 2284ms (cache miss)
7436 http fetch GET 200 https://registry.npmjs.org/proc-log/-/proc-log-4.2.0.tgz 2298ms (cache miss)
7437 http fetch GET 200 https://registry.npmjs.org/validate-npm-package-name/-/validate-npm-package-name-5.0.1.tgz 2309ms (cache miss)
7438 http fetch GET 200 https://registry.npmjs.org/whatwg-url/-/whatwg-url-5.0.0.tgz 2316ms (cache miss)
7439 http fetch GET 200 https://registry.npmjs.org/@react-native/metro-babel-transformer/-/metro-babel-transformer-0.76.3.tgz 2344ms (cache miss)
7440 http fetch GET 200 https://registry.npmjs.org/metro-file-map/-/metro-file-map-0.81.5.tgz 2380ms (cache miss)
7441 http fetch GET 200 https://registry.npmjs.org/hosted-git-info/-/hosted-git-info-7.0.2.tgz 2341ms (cache miss)
7442 http fetch GET 200 https://registry.npmjs.org/concat-map/-/concat-map-0.0.1.tgz 2350ms (cache miss)
7443 http fetch GET 200 https://registry.npmjs.org/@jest/create-cache-key-function/-/create-cache-key-function-29.7.0.tgz 2377ms (cache miss)
7444 http fetch GET 200 https://registry.npmjs.org/brace-expansion/-/brace-expansion-1.1.14.tgz 2362ms (cache miss)
7445 http fetch GET 200 https://registry.npmjs.org/balanced-match/-/balanced-match-1.0.2.tgz 2364ms (cache miss)
7446 http fetch GET 200 https://registry.npmjs.org/indent-string/-/indent-string-4.0.0.tgz 2372ms (cache miss)
7447 http fetch GET 200 https://registry.npmjs.org/to-regex-range/-/to-regex-range-5.0.1.tgz 2374ms (cache miss)
7448 http fetch GET 200 https://registry.npmjs.org/yocto-queue/-/yocto-queue-0.1.0.tgz 2375ms (cache miss)
7449 http fetch GET 200 https://registry.npmjs.org/buffer-fill/-/buffer-fill-1.0.0.tgz 2375ms (cache miss)
7450 http fetch GET 200 https://registry.npmjs.org/fill-range/-/fill-range-7.1.1.tgz 2380ms (cache miss)
7451 http fetch GET 200 https://registry.npmjs.org/@egjs/hammerjs/-/hammerjs-2.0.17.tgz 2459ms (cache miss)
7452 http fetch GET 200 https://registry.npmjs.org/braces/-/braces-3.0.3.tgz 2389ms (cache miss)
7453 http fetch GET 200 https://registry.npmjs.org/buffer-alloc/-/buffer-alloc-1.2.0.tgz 2409ms (cache miss)
7454 http fetch GET 200 https://registry.npmjs.org/buffer-alloc-unsafe/-/buffer-alloc-unsafe-1.1.0.tgz 2410ms (cache miss)
7455 http fetch GET 200 https://registry.npmjs.org/@jest/schemas/-/schemas-29.6.3.tgz 2425ms (cache miss)
7456 http fetch GET 200 https://registry.npmjs.org/crypt/-/crypt-0.0.2.tgz 2422ms (cache miss)
7457 http fetch GET 200 https://registry.npmjs.org/is-plain-obj/-/is-plain-obj-2.1.0.tgz 2427ms (cache miss)
7458 http fetch GET 200 https://registry.npmjs.org/minimist/-/minimist-1.2.8.tgz 2430ms (cache miss)
7459 http fetch GET 200 https://registry.npmjs.org/is-buffer/-/is-buffer-1.1.6.tgz 2423ms (cache miss)
7460 http fetch GET 200 https://registry.npmjs.org/yallist/-/yallist-3.1.1.tgz 2424ms (cache miss)
7461 http fetch GET 200 https://registry.npmjs.org/charenc/-/charenc-0.0.2.tgz 2433ms (cache miss)
7462 http fetch GET 200 https://registry.npmjs.org/p-locate/-/p-locate-5.0.0.tgz 2434ms (cache miss)
7463 http fetch GET 200 https://registry.npmjs.org/marky/-/marky-1.3.0.tgz 2437ms (cache miss)
7464 http fetch GET 200 https://registry.npmjs.org/detect-libc/-/detect-libc-1.0.3.tgz 2437ms (cache miss)
7465 http fetch GET 200 https://registry.npmjs.org/isobject/-/isobject-3.0.1.tgz 2438ms (cache miss)
7466 http fetch GET 200 https://registry.npmjs.org/kind-of/-/kind-of-6.0.3.tgz 2437ms (cache miss)
7467 http fetch GET 200 https://registry.npmjs.org/css-select/-/css-select-5.2.2.tgz 2525ms (cache miss)
7468 http fetch GET 200 https://registry.npmjs.org/pify/-/pify-4.0.1.tgz 2446ms (cache miss)
7469 http fetch GET 200 https://registry.npmjs.org/pngjs/-/pngjs-3.4.0.tgz 2480ms (cache miss)
7470 http fetch GET 200 https://registry.npmjs.org/commondir/-/commondir-1.0.1.tgz 2466ms (cache miss)
7471 http fetch GET 200 https://registry.npmjs.org/pkg-dir/-/pkg-dir-3.0.0.tgz 2468ms (cache miss)
7472 http fetch GET 200 https://registry.npmjs.org/shallow-clone/-/shallow-clone-3.0.1.tgz 2475ms (cache miss)
7473 http fetch GET 200 https://registry.npmjs.org/clone-deep/-/clone-deep-4.0.1.tgz 2500ms (cache miss)
7474 http fetch GET 200 https://registry.npmjs.org/is-plain-object/-/is-plain-object-2.0.4.tgz 2502ms (cache miss)
7475 http fetch GET 200 https://registry.npmjs.org/pirates/-/pirates-4.0.7.tgz 2510ms (cache miss)
7476 http fetch GET 200 https://registry.npmjs.org/make-dir/-/make-dir-2.1.0.tgz 2516ms (cache miss)
7477 http fetch GET 200 https://registry.npmjs.org/temp/-/temp-0.8.4.tgz 2517ms (cache miss)
7478 http fetch GET 200 https://registry.npmjs.org/write-file-atomic/-/write-file-atomic-2.4.3.tgz 2525ms (cache miss)
7479 http fetch GET 200 https://registry.npmjs.org/find-cache-dir/-/find-cache-dir-2.1.0.tgz 2527ms (cache miss)
7480 http fetch GET 200 https://registry.npmjs.org/@react-native/js-polyfills/-/js-polyfills-0.76.3.tgz 2563ms (cache miss)
7481 http fetch GET 200 https://registry.npmjs.org/node-dir/-/node-dir-0.1.17.tgz 2531ms (cache miss)
7482 http fetch GET 200 https://registry.npmjs.org/babel-core/-/babel-core-7.0.0-bridge.0.tgz 2543ms (cache miss)
7483 http fetch GET 200 https://registry.npmjs.org/@react-native/assets-registry/-/assets-registry-0.76.3.tgz 2578ms (cache miss)
7484 http fetch GET 200 https://registry.npmjs.org/strip-ansi/-/strip-ansi-6.0.1.tgz 2566ms (cache miss)
7485 http fetch GET 200 https://registry.npmjs.org/strip-ansi/-/strip-ansi-7.2.0.tgz 2571ms (cache miss)
7486 http fetch GET 200 https://registry.npmjs.org/argparse/-/argparse-2.0.1.tgz 2579ms (cache miss)
7487 http fetch GET 200 https://registry.npmjs.org/wrap-ansi/-/wrap-ansi-7.0.0.tgz 2584ms (cache miss)
7488 http fetch GET 200 https://registry.npmjs.org/string-width/-/string-width-4.2.3.tgz 2587ms (cache miss)
7489 http fetch GET 200 https://registry.npmjs.org/string-width/-/string-width-5.1.2.tgz 2592ms (cache miss)
7490 http fetch GET 200 https://registry.npmjs.org/object-keys/-/object-keys-1.1.1.tgz 2594ms (cache miss)
7491 http fetch GET 200 https://registry.npmjs.org/define-properties/-/define-properties-1.2.1.tgz 2614ms (cache miss)
7492 http fetch GET 200 https://registry.npmjs.org/has-property-descriptors/-/has-property-descriptors-1.0.2.tgz 2615ms (cache miss)
7493 http fetch GET 200 https://registry.npmjs.org/strip-eof/-/strip-eof-1.0.0.tgz 2615ms (cache miss)
7494 http fetch GET 200 https://registry.npmjs.org/is-extglob/-/is-extglob-2.1.1.tgz 2618ms (cache miss)
7495 http fetch GET 200 https://registry.npmjs.org/pump/-/pump-3.0.4.tgz 2624ms (cache miss)
7496 http fetch GET 200 https://registry.npmjs.org/define-data-property/-/define-data-property-1.1.4.tgz 2630ms (cache miss)
7497 http fetch GET 200 https://registry.npmjs.org/is-stream/-/is-stream-1.1.0.tgz 2631ms (cache miss)
7498 http fetch GET 200 https://registry.npmjs.org/p-finally/-/p-finally-1.0.0.tgz 2632ms (cache miss)
7499 http fetch GET 200 https://registry.npmjs.org/npm-run-path/-/npm-run-path-2.0.2.tgz 2632ms (cache miss)
7500 http fetch GET 200 https://registry.npmjs.org/get-stream/-/get-stream-4.1.0.tgz 2634ms (cache miss)
7501 http fetch GET 200 https://registry.npmjs.org/ip-regex/-/ip-regex-2.1.0.tgz 2638ms (cache miss)
7502 http fetch GET 200 https://registry.npmjs.org/execa/-/execa-1.0.0.tgz 2653ms (cache miss)
7503 http fetch GET 200 https://registry.npmjs.org/ipaddr.js/-/ipaddr.js-1.9.1.tgz 2655ms (cache miss)
7504 http fetch GET 200 https://registry.npmjs.org/is-glob/-/is-glob-4.0.3.tgz 2655ms (cache miss)
7505 http fetch GET 200 https://registry.npmjs.org/signal-exit/-/signal-exit-4.1.0.tgz 2661ms (cache miss)
7506 http fetch GET 200 https://registry.npmjs.org/@react-native/virtualized-lists/-/virtualized-lists-0.76.3.tgz 2716ms (cache miss)
7507 http fetch GET 200 https://registry.npmjs.org/package-json-from-dist/-/package-json-from-dist-1.0.1.tgz 2668ms (cache miss)
7508 http fetch GET 200 https://registry.npmjs.org/default-gateway/-/default-gateway-4.2.0.tgz 2669ms (cache miss)
7509 http fetch GET 200 https://registry.npmjs.org/@sinclair/typebox/-/typebox-0.27.10.tgz 2738ms (cache miss)
7510 http fetch GET 200 https://registry.npmjs.org/flow-parser/-/flow-parser-0.314.0.tgz 2739ms (cache miss)
7511 http fetch GET 200 https://registry.npmjs.org/dunder-proto/-/dunder-proto-1.0.1.tgz 2727ms (cache miss)
7512 http fetch GET 200 https://registry.npmjs.org/gopd/-/gopd-1.2.0.tgz 2732ms (cache miss)
7513 http fetch GET 200 https://registry.npmjs.org/@babel/plugin-proposal-optional-chaining/-/plugin-proposal-optional-chaining-7.21.0.tgz 2774ms (cache miss)
7514 warn deprecated @babel/plugin-proposal-optional-chaining@7.21.0: This proposal has been merged to the ECMAScript standard and thus this plugin is no longer maintained. Please use @babel/plugin-transform-optional-chaining instead.
7515 http fetch GET 200 https://registry.npmjs.org/@babel/preset-flow/-/preset-flow-7.27.1.tgz 2783ms (cache miss)
7516 http fetch GET 200 https://registry.npmjs.org/graceful-fs/-/graceful-fs-4.2.11.tgz 2805ms (cache miss)
7517 http fetch GET 200 https://registry.npmjs.org/universalify/-/universalify-0.1.2.tgz 2812ms (cache miss)
7518 http fetch GET 200 https://registry.npmjs.org/jsonfile/-/jsonfile-4.0.0.tgz 2823ms (cache miss)
7519 http fetch GET 200 https://registry.npmjs.org/delayed-stream/-/delayed-stream-1.0.0.tgz 2818ms (cache miss)
7520 http fetch GET 200 https://registry.npmjs.org/has-tostringtag/-/has-tostringtag-1.0.2.tgz 2826ms (cache miss)
7521 http fetch GET 200 https://registry.npmjs.org/get-proto/-/get-proto-1.0.1.tgz 2835ms (cache miss)
7522 http fetch GET 200 https://registry.npmjs.org/es-set-tostringtag/-/es-set-tostringtag-2.1.0.tgz 2838ms (cache miss)
7523 http fetch GET 200 https://registry.npmjs.org/has-symbols/-/has-symbols-1.1.0.tgz 2847ms (cache miss)
7524 http fetch GET 200 https://registry.npmjs.org/es-object-atoms/-/es-object-atoms-1.1.1.tgz 2858ms (cache miss)
7525 http fetch GET 200 https://registry.npmjs.org/@isaacs/cliui/-/cliui-8.0.2.tgz 2883ms (cache miss)
7526 http fetch GET 200 https://registry.npmjs.org/path-exists/-/path-exists-4.0.0.tgz 2873ms (cache miss)
7527 http fetch GET 200 https://registry.npmjs.org/combined-stream/-/combined-stream-1.0.8.tgz 2873ms (cache miss)
7528 http fetch GET 200 https://registry.npmjs.org/asynckit/-/asynckit-0.4.0.tgz 2874ms (cache miss)
7529 http fetch GET 200 https://registry.npmjs.org/locate-path/-/locate-path-6.0.0.tgz 2885ms (cache miss)
7530 http fetch GET 200 https://registry.npmjs.org/statuses/-/statuses-1.5.0.tgz 2885ms (cache miss)
7531 http fetch GET 200 https://registry.npmjs.org/hasown/-/hasown-2.0.3.tgz 2887ms (cache miss)
7532 http fetch GET 200 https://registry.npmjs.org/encodeurl/-/encodeurl-1.0.2.tgz 2904ms (cache miss)
7533 http fetch GET 200 https://registry.npmjs.org/unpipe/-/unpipe-1.0.0.tgz 2906ms (cache miss)
7534 http fetch GET 200 https://registry.npmjs.org/hermes-estree/-/hermes-estree-0.23.1.tgz 2945ms (cache miss)
7535 http fetch GET 200 https://registry.npmjs.org/@babel/plugin-proposal-class-properties/-/plugin-proposal-class-properties-7.18.6.tgz 2957ms (cache miss)
7536 warn deprecated @babel/plugin-proposal-class-properties@7.18.6: This proposal has been merged to the ECMAScript standard and thus this plugin is no longer maintained. Please use @babel/plugin-transform-class-properties instead.
7537 http fetch GET 200 https://registry.npmjs.org/object-assign/-/object-assign-4.1.1.tgz 2935ms (cache miss)
7538 http fetch GET 200 https://registry.npmjs.org/loose-envify/-/loose-envify-1.4.0.tgz 2936ms (cache miss)
7539 http fetch GET 200 https://registry.npmjs.org/setimmediate/-/setimmediate-1.0.5.tgz 2935ms (cache miss)
7540 http fetch GET 200 https://registry.npmjs.org/escape-html/-/escape-html-1.0.3.tgz 2938ms (cache miss)
7541 http fetch GET 200 https://registry.npmjs.org/fbjs-css-vars/-/fbjs-css-vars-1.0.2.tgz 2936ms (cache miss)
7542 http fetch GET 200 https://registry.npmjs.org/on-finished/-/on-finished-2.3.0.tgz 2951ms (cache miss)
7543 http fetch GET 200 https://registry.npmjs.org/reusify/-/reusify-1.1.0.tgz 2967ms (cache miss)
7544 http fetch GET 200 https://registry.npmjs.org/run-parallel/-/run-parallel-1.2.0.tgz 2967ms (cache miss)
7545 http fetch GET 200 https://registry.npmjs.org/merge2/-/merge2-1.4.1.tgz 2966ms (cache miss)
7546 http fetch GET 200 https://registry.npmjs.org/fastq/-/fastq-1.20.1.tgz 2966ms (cache miss)
7547 http fetch GET 200 https://registry.npmjs.org/glob-parent/-/glob-parent-5.1.2.tgz 2978ms (cache miss)
7548 http fetch GET 200 https://registry.npmjs.org/micromatch/-/micromatch-4.0.8.tgz 2990ms (cache miss)
7549 http fetch GET 200 https://registry.npmjs.org/color-string/-/color-string-1.9.1.tgz 2990ms (cache miss)
7550 http fetch GET 200 https://registry.npmjs.org/simple-swizzle/-/simple-swizzle-0.2.4.tgz 2992ms (cache miss)
7551 http fetch GET 200 https://registry.npmjs.org/react-is/-/react-is-19.2.6.tgz 2991ms (cache miss)
7552 http fetch GET 200 https://registry.npmjs.org/warn-once/-/warn-once-0.1.1.tgz 2991ms (cache miss)
7553 http fetch GET 200 https://registry.npmjs.org/nanoid/-/nanoid-3.3.12.tgz 2993ms (cache miss)
7554 http fetch GET 200 https://registry.npmjs.org/fast-deep-equal/-/fast-deep-equal-3.1.3.tgz 2999ms (cache miss)
7555 http fetch GET 200 https://registry.npmjs.org/query-string/-/query-string-7.1.3.tgz 3003ms (cache miss)
7556 http fetch GET 200 https://registry.npmjs.org/use-sync-external-store/-/use-sync-external-store-1.6.0.tgz 3002ms (cache miss)
7557 http fetch GET 200 https://registry.npmjs.org/use-latest-callback/-/use-latest-callback-0.2.6.tgz 3005ms (cache miss)
7558 http fetch GET 200 https://registry.npmjs.org/color/-/color-4.2.3.tgz 3006ms (cache miss)
7559 http fetch GET 200 https://registry.npmjs.org/server-only/-/server-only-0.0.1.tgz 3006ms (cache miss)
7560 http fetch GET 200 https://registry.npmjs.org/@nodelib/fs.walk/-/fs.walk-1.2.8.tgz 3013ms (cache miss)
7561 http fetch GET 200 https://registry.npmjs.org/math-intrinsics/-/math-intrinsics-1.1.0.tgz 3038ms (cache miss)
7562 http fetch GET 200 https://registry.npmjs.org/client-only/-/client-only-0.0.1.tgz 3020ms (cache miss)
7563 http fetch GET 200 https://registry.npmjs.org/@pkgjs/parseargs/-/parseargs-0.11.0.tgz 3076ms (cache miss)
7564 http fetch GET 200 https://registry.npmjs.org/sf-symbols-typescript/-/sf-symbols-typescript-2.2.0.tgz 3055ms (cache miss)
7565 http fetch GET 200 https://registry.npmjs.org/ua-parser-js/-/ua-parser-js-1.0.41.tgz 3088ms (cache miss)
7566 http fetch GET 200 https://registry.npmjs.org/cross-fetch/-/cross-fetch-3.2.0.tgz 3127ms (cache miss)
7567 http fetch GET 200 https://registry.npmjs.org/@nodelib/fs.stat/-/fs.stat-2.0.5.tgz 3131ms (cache miss)
7568 http fetch GET 200 https://registry.npmjs.org/neo-async/-/neo-async-2.6.2.tgz 3173ms (cache miss)
7569 http fetch GET 200 https://registry.npmjs.org/path-scurry/-/path-scurry-1.11.1.tgz 3171ms (cache miss)
7570 http fetch GET 200 https://registry.npmjs.org/react-native-is-edge-to-edge/-/react-native-is-edge-to-edge-1.3.1.tgz 3146ms (cache miss)
7571 http fetch GET 200 https://registry.npmjs.org/ajv-keywords/-/ajv-keywords-5.1.0.tgz 3314ms (cache miss)
7572 http fetch GET 200 https://registry.npmjs.org/react-native-helmet-async/-/react-native-helmet-async-2.0.4.tgz 3157ms (cache miss)
7573 http fetch GET 200 https://registry.npmjs.org/es-errors/-/es-errors-1.3.0.tgz 3162ms (cache miss)
7574 http fetch GET 200 https://registry.npmjs.org/@radix-ui/react-compose-refs/-/react-compose-refs-1.0.0.tgz 3168ms (cache miss)
7575 http fetch GET 200 https://registry.npmjs.org/set-function-length/-/set-function-length-1.2.2.tgz 3163ms (cache miss)
7576 http fetch GET 200 https://registry.npmjs.org/recast/-/recast-0.21.5.tgz 3213ms (cache miss)
7577 http fetch GET 200 https://registry.npmjs.org/function-bind/-/function-bind-1.1.2.tgz 3167ms (cache miss)
7578 http fetch GET 200 https://registry.npmjs.org/get-intrinsic/-/get-intrinsic-1.3.0.tgz 3168ms (cache miss)
7579 http fetch GET 200 https://registry.npmjs.org/is-nan/-/is-nan-1.3.2.tgz 3240ms (cache miss)
7580 http fetch GET 200 https://registry.npmjs.org/call-bind-apply-helpers/-/call-bind-apply-helpers-1.0.2.tgz 3241ms (cache miss)
7581 http fetch GET 200 https://registry.npmjs.org/util/-/util-0.12.5.tgz 3241ms (cache miss)
7582 http fetch GET 200 https://registry.npmjs.org/es-define-property/-/es-define-property-1.0.1.tgz 3242ms (cache miss)
7583 http fetch GET 200 https://registry.npmjs.org/css-tree/-/css-tree-1.1.3.tgz 3395ms (cache miss)
7584 http fetch GET 200 https://registry.npmjs.org/jackspeak/-/jackspeak-3.4.3.tgz 3314ms (cache miss)
7585 http fetch GET 200 https://registry.npmjs.org/call-bind/-/call-bind-1.0.9.tgz 3291ms (cache miss)
7586 http fetch GET 200 https://registry.npmjs.org/@babel/register/-/register-7.29.3.tgz 3343ms (cache miss)
7587 http fetch GET 200 https://registry.npmjs.org/object-is/-/object-is-1.1.6.tgz 3302ms (cache miss)
7588 http fetch GET 200 https://registry.npmjs.org/@radix-ui/react-slot/-/react-slot-1.0.1.tgz 3310ms (cache miss)
7589 http fetch GET 200 https://registry.npmjs.org/react-helmet-async/-/react-helmet-async-1.3.0.tgz 3321ms (cache miss)
7590 http fetch GET 200 https://registry.npmjs.org/schema-utils/-/schema-utils-4.3.3.tgz 3328ms (cache miss)
7591 http fetch GET 200 https://registry.npmjs.org/@babel/plugin-proposal-nullish-coalescing-operator/-/plugin-proposal-nullish-coalescing-operator-7.18.6.tgz 3377ms (cache miss)
7592 warn deprecated @babel/plugin-proposal-nullish-coalescing-operator@7.18.6: This proposal has been merged to the ECMAScript standard and thus this plugin is no longer maintained. Please use @babel/plugin-transform-nullish-coalescing-operator instead.
7593 http fetch GET 200 https://registry.npmjs.org/fontfaceobserver/-/fontfaceobserver-2.3.0.tgz 3331ms (cache miss)
7594 http fetch GET 200 https://registry.npmjs.org/utils-merge/-/utils-merge-1.0.1.tgz 3339ms (cache miss)
7595 http fetch GET 200 https://registry.npmjs.org/md5-file/-/md5-file-3.2.3.tgz 3341ms (cache miss)
7596 http fetch GET 200 https://registry.npmjs.org/which/-/which-2.0.2.tgz 3348ms (cache miss)
7597 http fetch GET 200 https://registry.npmjs.org/path-key/-/path-key-3.1.1.tgz 3351ms (cache miss)
7598 http fetch GET 200 https://registry.npmjs.org/shebang-command/-/shebang-command-2.0.0.tgz 3356ms (cache miss)
7599 http fetch GET 200 https://registry.npmjs.org/commander/-/commander-7.2.0.tgz 3370ms (cache miss)
7600 http fetch GET 200 https://registry.npmjs.org/vary/-/vary-1.1.2.tgz 3375ms (cache miss)
7601 http fetch GET 200 https://registry.npmjs.org/finalhandler/-/finalhandler-1.1.2.tgz 3376ms (cache miss)
7602 http fetch GET 200 https://registry.npmjs.org/parseurl/-/parseurl-1.3.3.tgz 3375ms (cache miss)
7603 http fetch GET 200 https://registry.npmjs.org/on-headers/-/on-headers-1.1.0.tgz 3376ms (cache miss)
7604 http fetch GET 200 https://registry.npmjs.org/compressible/-/compressible-2.0.18.tgz 3375ms (cache miss)
7605 http fetch GET 200 https://registry.npmjs.org/safe-buffer/-/safe-buffer-5.2.1.tgz 3376ms (cache miss)
7606 http fetch GET 200 https://registry.npmjs.org/object.assign/-/object.assign-4.1.7.tgz 3392ms (cache miss)
7607 http fetch GET 200 https://registry.npmjs.org/promise/-/promise-7.3.1.tgz 3420ms (cache miss)
7608 http fetch GET 200 https://registry.npmjs.org/bytes/-/bytes-3.1.2.tgz 3391ms (cache miss)
7609 http fetch GET 200 https://registry.npmjs.org/mime-db/-/mime-db-1.54.0.tgz 3394ms (cache miss)
7610 http fetch GET 200 https://registry.npmjs.org/color-name/-/color-name-1.1.4.tgz 3396ms (cache miss)
7611 http fetch GET 200 https://registry.npmjs.org/rimraf/-/rimraf-3.0.2.tgz 3396ms (cache miss)
7612 warn deprecated rimraf@3.0.2: Rimraf versions prior to v4 are no longer supported
7613 http fetch GET 200 https://registry.npmjs.org/@nodelib/fs.scandir/-/fs.scandir-2.1.5.tgz 3434ms (cache miss)
7614 http fetch GET 200 https://registry.npmjs.org/assert/-/assert-2.1.0.tgz 3416ms (cache miss)
7615 http fetch GET 200 https://registry.npmjs.org/lighthouse-logger/-/lighthouse-logger-1.4.2.tgz 3414ms (cache miss)
7616 http fetch GET 200 https://registry.npmjs.org/color-convert/-/color-convert-2.0.1.tgz 3411ms (cache miss)
7617 http fetch GET 200 https://registry.npmjs.org/escape-string-regexp/-/escape-string-regexp-4.0.0.tgz 3413ms (cache miss)
7618 http fetch GET 200 https://registry.npmjs.org/abort-controller/-/abort-controller-3.0.0.tgz 3431ms (cache miss)
7619 http fetch GET 200 https://registry.npmjs.org/supports-color/-/supports-color-7.2.0.tgz 3418ms (cache miss)
7620 http fetch GET 200 https://registry.npmjs.org/ssri/-/ssri-10.0.6.tgz 3418ms (cache miss)
7621 http fetch GET 200 https://registry.npmjs.org/ansi-styles/-/ansi-styles-4.3.0.tgz 3421ms (cache miss)
7622 http fetch GET 200 https://registry.npmjs.org/unique-filename/-/unique-filename-3.0.0.tgz 3423ms (cache miss)
7623 http fetch GET 200 https://registry.npmjs.org/event-target-shim/-/event-target-shim-5.0.1.tgz 3445ms (cache miss)
7624 http fetch GET 200 https://registry.npmjs.org/p-map/-/p-map-4.0.0.tgz 3427ms (cache miss)
7625 http fetch GET 200 https://registry.npmjs.org/fs-minipass/-/fs-minipass-3.0.3.tgz 3438ms (cache miss)
7626 http fetch GET 200 https://registry.npmjs.org/minipass-collect/-/minipass-collect-2.0.1.tgz 3439ms (cache miss)
7627 http fetch GET 200 https://registry.npmjs.org/minipass-flush/-/minipass-flush-1.0.7.tgz 3439ms (cache miss)
7628 http fetch GET 200 https://registry.npmjs.org/badgin/-/badgin-1.2.3.tgz 3473ms (cache miss)
7629 http fetch GET 200 https://registry.npmjs.org/big-integer/-/big-integer-1.6.52.tgz 3452ms (cache miss)
7630 http fetch GET 200 https://registry.npmjs.org/minipass-pipeline/-/minipass-pipeline-1.2.4.tgz 3451ms (cache miss)
7631 http fetch GET 200 https://registry.npmjs.org/mkdirp/-/mkdirp-0.5.6.tgz 3453ms (cache miss)
7632 http fetch GET 200 https://registry.npmjs.org/esutils/-/esutils-2.0.3.tgz 3452ms (cache miss)
7633 http fetch GET 200 https://registry.npmjs.org/@ide/backoff/-/backoff-1.0.0.tgz 3479ms (cache miss)
7634 http fetch GET 200 https://registry.npmjs.org/foreground-child/-/foreground-child-3.3.1.tgz 3522ms (cache miss)
7635 http fetch GET 200 https://registry.npmjs.org/undici-types/-/undici-types-7.24.6.tgz 3532ms (cache miss)
7636 http fetch GET 200 https://registry.npmjs.org/expo-image-loader/-/expo-image-loader-5.0.0.tgz 3572ms (cache miss)
7637 http fetch GET 200 https://registry.npmjs.org/minipass/-/minipass-7.1.3.tgz 3569ms (cache miss)
7638 http fetch GET 200 https://registry.npmjs.org/core-js-compat/-/core-js-compat-3.49.0.tgz 3570ms (cache miss)
7639 http fetch GET 200 https://registry.npmjs.org/stream-buffers/-/stream-buffers-2.2.0.tgz 3590ms (cache miss)
7640 http fetch GET 200 https://registry.npmjs.org/@npmcli/fs/-/fs-3.1.1.tgz 3631ms (cache miss)
7641 http fetch GET 200 https://registry.npmjs.org/@expo/server/-/server-0.5.3.tgz 3660ms (cache miss)
7642 http fetch GET 200 https://registry.npmjs.org/@babel/preset-modules/-/preset-modules-0.1.6-no-external-plugins.tgz 3630ms (cache miss)
7643 http fetch GET 200 https://registry.npmjs.org/expo-application/-/expo-application-6.0.2.tgz 3659ms (cache miss)
7644 http fetch GET 200 https://registry.npmjs.org/@babel/plugin-transform-unicode-property-regex/-/plugin-transform-unicode-property-regex-7.28.6.tgz 3646ms (cache miss)
7645 http fetch GET 200 https://registry.npmjs.org/@babel/plugin-transform-unicode-sets-regex/-/plugin-transform-unicode-sets-regex-7.28.6.tgz 3652ms (cache miss)
7646 http fetch GET 200 https://registry.npmjs.org/@babel/plugin-transform-template-literals/-/plugin-transform-template-literals-7.27.1.tgz 3653ms (cache miss)
7647 http fetch GET 200 https://registry.npmjs.org/@babel/plugin-transform-typeof-symbol/-/plugin-transform-typeof-symbol-7.27.1.tgz 3654ms (cache miss)
7648 http fetch GET 200 https://registry.npmjs.org/@babel/plugin-transform-regexp-modifiers/-/plugin-transform-regexp-modifiers-7.28.6.tgz 3661ms (cache miss)
7649 http fetch GET 200 https://registry.npmjs.org/@babel/plugin-transform-reserved-words/-/plugin-transform-reserved-words-7.27.1.tgz 3667ms (cache miss)
7650 http fetch GET 200 https://registry.npmjs.org/@babel/plugin-transform-unicode-escapes/-/plugin-transform-unicode-escapes-7.27.1.tgz 3669ms (cache miss)
7651 http fetch GET 200 https://registry.npmjs.org/@babel/plugin-transform-object-super/-/plugin-transform-object-super-7.27.1.tgz 3673ms (cache miss)
7652 http fetch GET 200 https://registry.npmjs.org/@babel/helper-define-polyfill-provider/-/helper-define-polyfill-provider-0.6.8.tgz 3707ms (cache miss)
7653 http fetch GET 200 https://registry.npmjs.org/@react-navigation/routers/-/routers-7.5.5.tgz 3778ms (cache miss)
7654 http fetch GET 200 https://registry.npmjs.org/@babel/plugin-transform-property-literals/-/plugin-transform-property-literals-7.27.1.tgz 3742ms (cache miss)
7655 http fetch GET 200 https://registry.npmjs.org/@babel/plugin-transform-new-target/-/plugin-transform-new-target-7.27.1.tgz 3814ms (cache miss)
7656 http fetch GET 200 https://registry.npmjs.org/@react-native/community-cli-plugin/-/community-cli-plugin-0.76.3.tgz 3933ms (cache miss)
7657 http fetch GET 200 https://registry.npmjs.org/yargs/-/yargs-17.7.2.tgz 3836ms (cache miss)
7658 http fetch GET 200 https://registry.npmjs.org/@babel/plugin-transform-modules-systemjs/-/plugin-transform-modules-systemjs-7.29.4.tgz 3831ms (cache miss)
7659 http fetch GET 200 https://registry.npmjs.org/@babel/plugin-transform-modules-umd/-/plugin-transform-modules-umd-7.27.1.tgz 3833ms (cache miss)
7660 http fetch GET 200 https://registry.npmjs.org/@babel/plugin-transform-member-expression-literals/-/plugin-transform-member-expression-literals-7.27.1.tgz 3846ms (cache miss)
7661 http fetch GET 200 https://registry.npmjs.org/@babel/plugin-transform-modules-amd/-/plugin-transform-modules-amd-7.27.1.tgz 3846ms (cache miss)
7662 http fetch GET 200 https://registry.npmjs.org/@babel/plugin-transform-json-strings/-/plugin-transform-json-strings-7.28.6.tgz 3864ms (cache miss)
7663 http fetch GET 200 https://registry.npmjs.org/@babel/plugin-transform-exponentiation-operator/-/plugin-transform-exponentiation-operator-7.28.6.tgz 3863ms (cache miss)
7664 http fetch GET 200 https://registry.npmjs.org/@babel/plugin-transform-dynamic-import/-/plugin-transform-dynamic-import-7.27.1.tgz 3862ms (cache miss)
7665 http fetch GET 200 https://registry.npmjs.org/@babel/plugin-transform-explicit-resource-management/-/plugin-transform-explicit-resource-management-7.28.6.tgz 3869ms (cache miss)
7666 http fetch GET 200 https://registry.npmjs.org/jscodeshift/-/jscodeshift-0.14.0.tgz 3882ms (cache miss)
7667 http fetch GET 200 https://registry.npmjs.org/@babel/plugin-transform-duplicate-named-capturing-groups-regex/-/plugin-transform-duplicate-named-capturing-groups-regex-7.29.0.tgz 3876ms (cache miss)
7668 http fetch GET 200 https://registry.npmjs.org/@babel/plugin-transform-class-static-block/-/plugin-transform-class-static-block-7.28.6.tgz 3875ms (cache miss)
7669 http fetch GET 200 https://registry.npmjs.org/@babel/plugin-transform-dotall-regex/-/plugin-transform-dotall-regex-7.28.6.tgz 3877ms (cache miss)
7670 http fetch GET 200 https://registry.npmjs.org/@babel/plugin-transform-duplicate-keys/-/plugin-transform-duplicate-keys-7.27.1.tgz 3876ms (cache miss)
7671 http fetch GET 200 https://registry.npmjs.org/babel-plugin-polyfill-regenerator/-/babel-plugin-polyfill-regenerator-0.6.8.tgz 3899ms (cache miss)
7672 http fetch GET 200 https://registry.npmjs.org/babel-plugin-polyfill-corejs3/-/babel-plugin-polyfill-corejs3-0.13.0.tgz 3931ms (cache miss)
7673 http fetch GET 200 https://registry.npmjs.org/babel-plugin-polyfill-corejs2/-/babel-plugin-polyfill-corejs2-0.4.17.tgz 3946ms (cache miss)
7674 http fetch GET 200 https://registry.npmjs.org/hermes-parser/-/hermes-parser-0.23.1.tgz 3966ms (cache miss)
7675 http fetch GET 200 https://registry.npmjs.org/@babel/plugin-transform-block-scoped-functions/-/plugin-transform-block-scoped-functions-7.27.1.tgz 3965ms (cache miss)
7676 http fetch GET 200 https://registry.npmjs.org/@types/node/-/node-25.8.0.tgz 4011ms (cache miss)
7677 http fetch GET 200 https://registry.npmjs.org/regexpu-core/-/regexpu-core-6.4.0.tgz 3983ms (cache miss)
7678 http fetch GET 200 https://registry.npmjs.org/@babel/plugin-syntax-unicode-sets-regex/-/plugin-syntax-unicode-sets-regex-7.18.6.tgz 4011ms (cache miss)
7679 http fetch GET 200 https://registry.npmjs.org/@babel/plugin-syntax-import-assertions/-/plugin-syntax-import-assertions-7.28.6.tgz 4022ms (cache miss)
7680 http fetch GET 200 https://registry.npmjs.org/lightningcss-darwin-x64/-/lightningcss-darwin-x64-1.27.0.tgz 4130ms (cache miss)
7681 http fetch GET 200 https://registry.npmjs.org/@babel/plugin-proposal-private-property-in-object/-/plugin-proposal-private-property-in-object-7.21.0-placeholder-for-preset-env.2.tgz 4064ms (cache miss)
7682 http fetch GET 200 https://registry.npmjs.org/@babel/plugin-bugfix-v8-static-class-fields-redefine-readonly/-/plugin-bugfix-v8-static-class-fields-redefine-readonly-7.28.6.tgz 4076ms (cache miss)
7683 http fetch GET 200 https://registry.npmjs.org/@babel/plugin-bugfix-safari-rest-destructuring-rhs-array/-/plugin-bugfix-safari-rest-destructuring-rhs-array-7.29.3.tgz 4078ms (cache miss)
7684 http fetch GET 200 https://registry.npmjs.org/@babel/plugin-bugfix-v8-spread-parameters-in-optional-chaining/-/plugin-bugfix-v8-spread-parameters-in-optional-chaining-7.27.1.tgz 4079ms (cache miss)
7685 http fetch GET 200 https://registry.npmjs.org/@babel/plugin-bugfix-safari-id-destructuring-collision-in-function-expression/-/plugin-bugfix-safari-id-destructuring-collision-in-function-expression-7.27.1.tgz 4083ms (cache miss)
7686 http fetch GET 200 https://registry.npmjs.org/babel-plugin-syntax-hermes-parser/-/babel-plugin-syntax-hermes-parser-0.25.1.tgz 4080ms (cache miss)
7687 http fetch GET 200 https://registry.npmjs.org/@babel/plugin-bugfix-safari-class-field-initializer-scope/-/plugin-bugfix-safari-class-field-initializer-scope-7.27.1.tgz 4085ms (cache miss)
7688 http fetch GET 200 https://registry.npmjs.org/@babel/plugin-bugfix-firefox-class-in-computed-class-key/-/plugin-bugfix-firefox-class-in-computed-class-key-7.28.5.tgz 4094ms (cache miss)
7689 http fetch GET 200 https://registry.npmjs.org/babel-plugin-transform-flow-enums/-/babel-plugin-transform-flow-enums-0.0.2.tgz 4090ms (cache miss)
7690 http fetch GET 200 https://registry.npmjs.org/@react-navigation/native-stack/-/native-stack-7.15.1.tgz 4148ms (cache miss)
7691 http fetch GET 200 https://registry.npmjs.org/regenerate-unicode-properties/-/regenerate-unicode-properties-10.2.2.tgz 4346ms (cache miss)
7692 http fetch GET 200 https://registry.npmjs.org/@babel/plugin-syntax-flow/-/plugin-syntax-flow-7.28.6.tgz 4176ms (cache miss)
7693 http fetch GET 200 https://registry.npmjs.org/@babel/helper-create-regexp-features-plugin/-/helper-create-regexp-features-plugin-7.28.5.tgz 4177ms (cache miss)
7694 http fetch GET 200 https://registry.npmjs.org/@babel/preset-env/-/preset-env-7.29.5.tgz 4219ms (cache miss)
7695 http fetch GET 200 https://registry.npmjs.org/@babel/helper-wrap-function/-/helper-wrap-function-7.28.6.tgz 4228ms (cache miss)
7696 http fetch GET 200 https://registry.npmjs.org/fbjs/-/fbjs-3.0.5.tgz 4295ms (cache miss)
7697 http fetch GET 200 https://registry.npmjs.org/@babel/helper-remap-async-to-generator/-/helper-remap-async-to-generator-7.27.1.tgz 4242ms (cache miss)
7698 http fetch GET 200 https://registry.npmjs.org/@babel/plugin-syntax-import-attributes/-/plugin-syntax-import-attributes-7.28.6.tgz 4250ms (cache miss)
7699 http fetch GET 200 https://registry.npmjs.org/react-devtools-core/-/react-devtools-core-5.3.2.tgz 4429ms (cache miss)
7700 http fetch GET 200 https://registry.npmjs.org/@babel/plugin-transform-spread/-/plugin-transform-spread-7.28.6.tgz 4304ms (cache miss)
7701 http fetch GET 200 https://registry.npmjs.org/@babel/plugin-transform-unicode-regex/-/plugin-transform-unicode-regex-7.27.1.tgz 4306ms (cache miss)
7702 http fetch GET 200 https://registry.npmjs.org/@babel/plugin-transform-sticky-regex/-/plugin-transform-sticky-regex-7.27.1.tgz 4313ms (cache miss)
7703 http fetch GET 200 https://registry.npmjs.org/@babel/plugin-transform-shorthand-properties/-/plugin-transform-shorthand-properties-7.27.1.tgz 4314ms (cache miss)
7704 http fetch GET 200 https://registry.npmjs.org/@babel/plugin-transform-runtime/-/plugin-transform-runtime-7.29.0.tgz 4322ms (cache miss)
7705 http fetch GET 200 https://registry.npmjs.org/@babel/plugin-transform-react-jsx-source/-/plugin-transform-react-jsx-source-7.27.1.tgz 4345ms (cache miss)
7706 http fetch GET 200 https://registry.npmjs.org/@babel/plugin-transform-react-jsx-self/-/plugin-transform-react-jsx-self-7.27.1.tgz 4380ms (cache miss)
7707 http fetch GET 200 https://registry.npmjs.org/@babel/plugin-transform-private-property-in-object/-/plugin-transform-private-property-in-object-7.28.6.tgz 4403ms (cache miss)
7708 http fetch GET 200 https://registry.npmjs.org/@babel/plugin-transform-private-methods/-/plugin-transform-private-methods-7.28.6.tgz 4409ms (cache miss)
7709 http fetch GET 200 https://registry.npmjs.org/@babel/plugin-transform-regenerator/-/plugin-transform-regenerator-7.29.0.tgz 4414ms (cache miss)
7710 http fetch GET 200 https://registry.npmjs.org/@react-navigation/native/-/native-7.2.4.tgz 4471ms (cache miss)
7711 http fetch GET 200 https://registry.npmjs.org/@babel/plugin-transform-numeric-separator/-/plugin-transform-numeric-separator-7.28.6.tgz 4456ms (cache miss)
7712 http fetch GET 200 https://registry.npmjs.org/@babel/plugin-transform-optional-chaining/-/plugin-transform-optional-chaining-7.28.6.tgz 4458ms (cache miss)
7713 http fetch GET 200 https://registry.npmjs.org/@react-native/babel-plugin-codegen/-/babel-plugin-codegen-0.76.9.tgz 4463ms (cache miss)
7714 http fetch GET 200 https://registry.npmjs.org/@babel/plugin-transform-optional-catch-binding/-/plugin-transform-optional-catch-binding-7.28.6.tgz 4458ms (cache miss)
7715 http fetch GET 200 https://registry.npmjs.org/@babel/plugin-transform-named-capturing-groups-regex/-/plugin-transform-named-capturing-groups-regex-7.29.0.tgz 4491ms (cache miss)
7716 http fetch GET 200 https://registry.npmjs.org/@babel/plugin-transform-logical-assignment-operators/-/plugin-transform-logical-assignment-operators-7.28.6.tgz 4491ms (cache miss)
7717 http fetch GET 200 https://registry.npmjs.org/@babel/plugin-transform-nullish-coalescing-operator/-/plugin-transform-nullish-coalescing-operator-7.28.6.tgz 4492ms (cache miss)
7718 http fetch GET 200 https://registry.npmjs.org/@babel/plugin-transform-literals/-/plugin-transform-literals-7.27.1.tgz 4501ms (cache miss)
7719 http fetch GET 200 https://registry.npmjs.org/@react-native/gradle-plugin/-/gradle-plugin-0.76.3.tgz 4650ms (cache miss)
7720 http fetch GET 200 https://registry.npmjs.org/@babel/plugin-transform-for-of/-/plugin-transform-for-of-7.27.1.tgz 4520ms (cache miss)
7721 http fetch GET 200 https://registry.npmjs.org/@babel/plugin-transform-function-name/-/plugin-transform-function-name-7.27.1.tgz 4520ms (cache miss)
7722 http fetch GET 200 https://registry.npmjs.org/@react-navigation/bottom-tabs/-/bottom-tabs-7.16.1.tgz 4594ms (cache miss)
7723 http fetch GET 200 https://registry.npmjs.org/@babel/plugin-transform-flow-strip-types/-/plugin-transform-flow-strip-types-7.27.1.tgz 4552ms (cache miss)
7724 http fetch GET 200 https://registry.npmjs.org/@babel/plugin-transform-computed-properties/-/plugin-transform-computed-properties-7.28.6.tgz 4573ms (cache miss)
7725 http fetch GET 200 https://registry.npmjs.org/@babel/plugin-transform-class-properties/-/plugin-transform-class-properties-7.28.6.tgz 4635ms (cache miss)
7726 http fetch GET 200 https://registry.npmjs.org/@expo/metro-runtime/-/metro-runtime-4.0.1.tgz 4701ms (cache miss)
7727 http fetch GET 200 https://registry.npmjs.org/@babel/plugin-transform-classes/-/plugin-transform-classes-7.28.6.tgz 4641ms (cache miss)
7728 http fetch GET 200 https://registry.npmjs.org/@babel/plugin-transform-async-generator-functions/-/plugin-transform-async-generator-functions-7.29.0.tgz 4655ms (cache miss)
7729 http fetch GET 200 https://registry.npmjs.org/@babel/plugin-transform-async-to-generator/-/plugin-transform-async-to-generator-7.28.6.tgz 4655ms (cache miss)
7730 http fetch GET 200 https://registry.npmjs.org/@babel/plugin-transform-block-scoping/-/plugin-transform-block-scoping-7.28.6.tgz 4665ms (cache miss)
7731 http fetch GET 200 https://registry.npmjs.org/@babel/plugin-transform-arrow-functions/-/plugin-transform-arrow-functions-7.27.1.tgz 4687ms (cache miss)
7732 http fetch GET 200 https://registry.npmjs.org/@react-navigation/elements/-/elements-2.9.18.tgz 4764ms (cache miss)
7733 http fetch GET 200 https://registry.npmjs.org/@babel/plugin-syntax-optional-chaining/-/plugin-syntax-optional-chaining-7.8.3.tgz 4714ms (cache miss)
7734 http fetch GET 200 https://registry.npmjs.org/@babel/plugin-syntax-dynamic-import/-/plugin-syntax-dynamic-import-7.8.3.tgz 4725ms (cache miss)
7735 http fetch GET 200 https://registry.npmjs.org/@babel/plugin-syntax-nullish-coalescing-operator/-/plugin-syntax-nullish-coalescing-operator-7.8.3.tgz 4727ms (cache miss)
7736 http fetch GET 200 https://registry.npmjs.org/@babel/plugin-syntax-export-default-from/-/plugin-syntax-export-default-from-7.28.6.tgz 4727ms (cache miss)
7737 http fetch GET 200 https://registry.npmjs.org/@babel/plugin-proposal-export-default-from/-/plugin-proposal-export-default-from-7.27.1.tgz 4734ms (cache miss)
7738 http fetch GET 200 https://registry.npmjs.org/@babel/plugin-syntax-typescript/-/plugin-syntax-typescript-7.28.6.tgz 4750ms (cache miss)
7739 http fetch GET 200 https://registry.npmjs.org/metro/-/metro-0.81.5.tgz 4914ms (cache miss)
7740 http fetch GET 200 https://registry.npmjs.org/@babel/plugin-transform-typescript/-/plugin-transform-typescript-7.28.6.tgz 4764ms (cache miss)
7741 http fetch GET 200 https://registry.npmjs.org/@babel/plugin-transform-modules-commonjs/-/plugin-transform-modules-commonjs-7.28.6.tgz 4800ms (cache miss)
7742 http fetch GET 200 https://registry.npmjs.org/@babel/plugin-transform-react-pure-annotations/-/plugin-transform-react-pure-annotations-7.27.1.tgz 4823ms (cache miss)
7743 http fetch GET 200 https://registry.npmjs.org/@babel/plugin-syntax-jsx/-/plugin-syntax-jsx-7.28.6.tgz 4825ms (cache miss)
7744 http fetch GET 200 https://registry.npmjs.org/babel-plugin-react-native-web/-/babel-plugin-react-native-web-0.19.13.tgz 4843ms (cache miss)
7745 http fetch GET 200 https://registry.npmjs.org/react-refresh/-/react-refresh-0.14.2.tgz 4849ms (cache miss)
7746 http fetch GET 200 https://registry.npmjs.org/@babel/plugin-transform-react-display-name/-/plugin-transform-react-display-name-7.28.0.tgz 4865ms (cache miss)
7747 http fetch GET 200 https://registry.npmjs.org/@babel/plugin-transform-react-jsx/-/plugin-transform-react-jsx-7.28.6.tgz 4877ms (cache miss)
7748 http fetch GET 200 https://registry.npmjs.org/@babel/plugin-transform-destructuring/-/plugin-transform-destructuring-7.28.5.tgz 4881ms (cache miss)
7749 http fetch GET 200 https://registry.npmjs.org/@babel/plugin-transform-react-jsx-development/-/plugin-transform-react-jsx-development-7.27.1.tgz 4896ms (cache miss)
7750 http fetch GET 200 https://registry.npmjs.org/@babel/helper-skip-transparent-expression-wrappers/-/helper-skip-transparent-expression-wrappers-7.27.1.tgz 4918ms (cache miss)
7751 http fetch GET 200 https://registry.npmjs.org/@babel/helper-optimise-call-expression/-/helper-optimise-call-expression-7.27.1.tgz 4933ms (cache miss)
7752 http fetch GET 200 https://registry.npmjs.org/@babel/helper-replace-supers/-/helper-replace-supers-7.28.6.tgz 4935ms (cache miss)
7753 http fetch GET 200 https://registry.npmjs.org/@babel/helper-member-expression-to-functions/-/helper-member-expression-to-functions-7.28.5.tgz 4935ms (cache miss)
7754 http fetch GET 200 https://registry.npmjs.org/@babel/plugin-syntax-decorators/-/plugin-syntax-decorators-7.28.6.tgz 4941ms (cache miss)
7755 http fetch GET 200 https://registry.npmjs.org/@babel/helper-plugin-utils/-/helper-plugin-utils-7.28.6.tgz 4960ms (cache miss)
7756 http fetch GET 200 https://registry.npmjs.org/mime-types/-/mime-types-2.1.35.tgz 4955ms (cache miss)
7757 http fetch GET 200 https://registry.npmjs.org/negotiator/-/negotiator-0.6.3.tgz 4956ms (cache miss)
7758 http fetch GET 200 https://registry.npmjs.org/join-component/-/join-component-1.1.0.tgz 4966ms (cache miss)
7759 http fetch GET 200 https://registry.npmjs.org/serve-static/-/serve-static-1.16.3.tgz 4984ms (cache miss)
7760 http fetch GET 200 https://registry.npmjs.org/open/-/open-7.4.2.tgz 4983ms (cache miss)
7761 http fetch GET 200 https://registry.npmjs.org/selfsigned/-/selfsigned-2.4.1.tgz 4984ms (cache miss)
7762 http fetch GET 200 https://registry.npmjs.org/component-type/-/component-type-1.2.2.tgz 4990ms (cache miss)
7763 http fetch GET 200 https://registry.npmjs.org/nullthrows/-/nullthrows-1.1.1.tgz 4998ms (cache miss)
7764 http fetch GET 200 https://registry.npmjs.org/@babel/helper-annotate-as-pure/-/helper-annotate-as-pure-7.27.3.tgz 5008ms (cache miss)
7765 http fetch GET 200 https://registry.npmjs.org/invariant/-/invariant-2.2.4.tgz 5004ms (cache miss)
7766 http fetch GET 200 https://registry.npmjs.org/@react-navigation/core/-/core-7.17.4.tgz 5097ms (cache miss)
7767 http fetch GET 200 https://registry.npmjs.org/wonka/-/wonka-6.3.6.tgz 5013ms (cache miss)
7768 http fetch GET 200 https://registry.npmjs.org/chromium-edge-launcher/-/chromium-edge-launcher-0.2.0.tgz 5024ms (cache miss)
7769 http fetch GET 200 https://registry.npmjs.org/chrome-launcher/-/chrome-launcher-0.15.2.tgz 5030ms (cache miss)
7770 http fetch GET 200 https://registry.npmjs.org/cross-spawn/-/cross-spawn-7.0.6.tgz 5037ms (cache miss)
7771 http fetch GET 200 https://registry.npmjs.org/remove-trailing-slash/-/remove-trailing-slash-0.1.1.tgz 5036ms (cache miss)
7772 http fetch GET 200 https://registry.npmjs.org/@babel/preset-typescript/-/preset-typescript-7.28.5.tgz 5065ms (cache miss)
7773 http fetch GET 200 https://registry.npmjs.org/md5/-/md5-2.3.0.tgz 5056ms (cache miss)
7774 http fetch GET 200 https://registry.npmjs.org/@babel/helper-create-class-features-plugin/-/helper-create-class-features-plugin-7.29.3.tgz 5074ms (cache miss)
7775 http fetch GET 200 https://registry.npmjs.org/node-fetch/-/node-fetch-2.7.0.tgz 5107ms (cache miss)
7776 http fetch GET 200 https://registry.npmjs.org/fetch-retry/-/fetch-retry-4.1.1.tgz 5106ms (cache miss)
7777 http fetch GET 200 https://registry.npmjs.org/@babel/preset-react/-/preset-react-7.28.5.tgz 5122ms (cache miss)
7778 http fetch GET 200 https://registry.npmjs.org/base64-js/-/base64-js-1.5.1.tgz 5123ms (cache miss)
7779 http fetch GET 200 https://registry.npmjs.org/parse-png/-/parse-png-2.1.0.tgz 5123ms (cache miss)
7780 http fetch GET 200 https://registry.npmjs.org/jsc-safe-url/-/jsc-safe-url-0.2.4.tgz 5124ms (cache miss)
7781 http fetch GET 200 https://registry.npmjs.org/@babel/plugin-transform-object-rest-spread/-/plugin-transform-object-rest-spread-7.28.6.tgz 5147ms (cache miss)
7782 http fetch GET 200 https://registry.npmjs.org/@babel/plugin-proposal-decorators/-/plugin-proposal-decorators-7.29.0.tgz 5151ms (cache miss)
7783 http fetch GET 200 https://registry.npmjs.org/@babel/plugin-transform-export-namespace-from/-/plugin-transform-export-namespace-from-7.27.1.tgz 5154ms (cache miss)
7784 http fetch GET 200 https://registry.npmjs.org/p-limit/-/p-limit-3.1.0.tgz 5139ms (cache miss)
7785 http fetch GET 200 https://registry.npmjs.org/ajv/-/ajv-8.20.0.tgz 5407ms (cache miss)
7786 http fetch GET 200 https://registry.npmjs.org/find-up/-/find-up-5.0.0.tgz 5152ms (cache miss)
7787 http fetch GET 200 https://registry.npmjs.org/@react-native/codegen/-/codegen-0.76.9.tgz 5202ms (cache miss)
7788 http fetch GET 200 https://registry.npmjs.org/dotenv-expand/-/dotenv-expand-11.0.7.tgz 5152ms (cache miss)
7789 http fetch GET 200 https://registry.npmjs.org/@babel/plugin-transform-parameters/-/plugin-transform-parameters-7.27.7.tgz 5173ms (cache miss)
7790 http fetch GET 200 https://registry.npmjs.org/slash/-/slash-3.0.0.tgz 5154ms (cache miss)
7791 http fetch GET 200 https://registry.npmjs.org/dotenv/-/dotenv-16.4.7.tgz 5159ms (cache miss)
7792 http fetch GET 200 https://registry.npmjs.org/xml2js/-/xml2js-0.6.0.tgz 5166ms (cache miss)
7793 http fetch GET 200 https://registry.npmjs.org/jimp-compact/-/jimp-compact-0.16.1.tgz 5184ms (cache miss)
7794 http fetch GET 200 https://registry.npmjs.org/deepmerge/-/deepmerge-4.3.1.tgz 5194ms (cache miss)
7795 http fetch GET 200 https://registry.npmjs.org/resolve-workspace-root/-/resolve-workspace-root-2.0.1.tgz 5195ms (cache miss)
7796 http fetch GET 200 https://registry.npmjs.org/xcode/-/xcode-3.0.1.tgz 5202ms (cache miss)
7797 http fetch GET 200 https://registry.npmjs.org/lightningcss/-/lightningcss-1.27.0.tgz 5215ms (cache miss)
7798 http fetch GET 200 https://registry.npmjs.org/terminal-link/-/terminal-link-2.1.1.tgz 5211ms (cache miss)
7799 http fetch GET 200 https://registry.npmjs.org/@isaacs/ttlcache/-/ttlcache-1.4.1.tgz 5229ms (cache miss)
7800 http fetch GET 200 https://registry.npmjs.org/unique-string/-/unique-string-2.0.0.tgz 5213ms (cache miss)
7801 http fetch GET 200 https://registry.npmjs.org/wrap-ansi/-/wrap-ansi-7.0.0.tgz 5215ms (cache miss)
7802 http fetch GET 200 https://registry.npmjs.org/js-yaml/-/js-yaml-4.1.1.tgz 5246ms (cache miss)
7803 http fetch GET 200 https://registry.npmjs.org/tempy/-/tempy-0.7.1.tgz 5229ms (cache miss)
7804 http fetch GET 200 https://registry.npmjs.org/ws/-/ws-8.20.1.tgz 5248ms (cache miss)
7805 http fetch GET 200 https://registry.npmjs.org/stacktrace-parser/-/stacktrace-parser-0.1.11.tgz 5248ms (cache miss)
7806 http fetch GET 200 https://registry.npmjs.org/source-map-support/-/source-map-support-0.5.21.tgz 5249ms (cache miss)
7807 http fetch GET 200 https://registry.npmjs.org/temp-dir/-/temp-dir-2.0.0.tgz 5262ms (cache miss)
7808 http fetch GET 200 https://registry.npmjs.org/slugify/-/slugify-1.6.9.tgz 5285ms (cache miss)
7809 http fetch GET 200 https://registry.npmjs.org/send/-/send-0.19.2.tgz 5285ms (cache miss)
7810 http fetch GET 200 https://registry.npmjs.org/@segment/loosely-validate-event/-/loosely-validate-event-2.0.0.tgz 5320ms (cache miss)
7811 http fetch GET 200 https://registry.npmjs.org/resolve-from/-/resolve-from-5.0.0.tgz 5304ms (cache miss)
7812 http fetch GET 200 https://registry.npmjs.org/resolve.exports/-/resolve.exports-2.0.3.tgz 5314ms (cache miss)
7813 http fetch GET 200 https://registry.npmjs.org/require-from-string/-/require-from-string-2.0.2.tgz 5338ms (cache miss)
7814 http fetch GET 200 https://registry.npmjs.org/xmlbuilder/-/xmlbuilder-14.0.0.tgz 5369ms (cache miss)
7815 http fetch GET 200 https://registry.npmjs.org/@expo/bunyan/-/bunyan-4.0.1.tgz 5371ms (cache miss)
7816 http fetch GET 200 https://registry.npmjs.org/progress/-/progress-2.0.3.tgz 5364ms (cache miss)
7817 http fetch GET 200 https://registry.npmjs.org/@react-native/normalize-colors/-/normalize-colors-0.76.9.tgz 5400ms (cache miss)
7818 http fetch GET 200 https://registry.npmjs.org/@react-native/babel-preset/-/babel-preset-0.76.9.tgz 5420ms (cache miss)
7819 http fetch GET 200 https://registry.npmjs.org/pretty-bytes/-/pretty-bytes-5.6.0.tgz 5383ms (cache miss)
7820 http fetch GET 200 https://registry.npmjs.org/ora/-/ora-3.4.0.tgz 5383ms (cache miss)
7821 http fetch GET 200 https://registry.npmjs.org/npm-package-arg/-/npm-package-arg-11.0.3.tgz 5386ms (cache miss)
7822 http fetch GET 200 https://registry.npmjs.org/minimatch/-/minimatch-3.1.5.tgz 5377ms (cache miss)
7823 http fetch GET 200 https://registry.npmjs.org/lodash.debounce/-/lodash.debounce-4.0.8.tgz 5378ms (cache miss)
7824 http fetch GET 200 https://registry.npmjs.org/is-docker/-/is-docker-2.2.1.tgz 5382ms (cache miss)
7825 http fetch GET 200 https://registry.npmjs.org/is-wsl/-/is-wsl-2.2.0.tgz 5392ms (cache miss)
7826 http fetch GET 200 https://registry.npmjs.org/freeport-async/-/freeport-async-2.0.0.tgz 5391ms (cache miss)
7827 http fetch GET 200 https://registry.npmjs.org/internal-ip/-/internal-ip-4.3.0.tgz 5393ms (cache miss)
7828 http fetch GET 200 https://registry.npmjs.org/getenv/-/getenv-1.0.0.tgz 5395ms (cache miss)
7829 http fetch GET 200 https://registry.npmjs.org/@expo/sdk-runtime-versions/-/sdk-runtime-versions-1.0.0.tgz 5446ms (cache miss)
7830 http fetch GET 200 https://registry.npmjs.org/env-editor/-/env-editor-0.4.2.tgz 5406ms (cache miss)
7831 http fetch GET 200 https://registry.npmjs.org/connect/-/connect-3.7.0.tgz 5408ms (cache miss)
7832 http fetch GET 200 https://registry.npmjs.org/@expo/sudo-prompt/-/sudo-prompt-9.3.2.tgz 5453ms (cache miss)
7833 http fetch GET 200 https://registry.npmjs.org/postcss/-/postcss-8.4.49.tgz 5457ms (cache miss)
7834 http fetch GET 200 https://registry.npmjs.org/compression/-/compression-1.8.1.tgz 5408ms (cache miss)
7835 http fetch GET 200 https://registry.npmjs.org/ci-info/-/ci-info-3.9.0.tgz 5411ms (cache miss)
7836 http fetch GET 200 https://registry.npmjs.org/bplist-parser/-/bplist-parser-0.3.2.tgz 5411ms (cache miss)
7837 http fetch GET 200 https://registry.npmjs.org/arg/-/arg-5.0.2.tgz 5412ms (cache miss)
7838 http fetch GET 200 https://registry.npmjs.org/requireg/-/requireg-0.2.2.tgz 5446ms (cache miss)
7839 http fetch GET 200 https://registry.npmjs.org/picomatch/-/picomatch-3.0.2.tgz 5444ms (cache miss)
7840 http fetch GET 200 https://registry.npmjs.org/tar/-/tar-6.2.1.tgz 5453ms (cache miss)
7841 warn deprecated tar@6.2.1: Old versions of tar are not supported, and contain widely publicized security vulnerabilities, which have been fixed in the current version. Please update. Support for old versions may be purchased (at exorbitant rates) by contacting i@izs.me
7842 http fetch GET 200 https://registry.npmjs.org/form-data/-/form-data-3.0.4.tgz 5423ms (cache miss)
7843 http fetch GET 200 https://registry.npmjs.org/accepts/-/accepts-1.3.8.tgz 5420ms (cache miss)
7844 http fetch GET 200 https://registry.npmjs.org/structured-headers/-/structured-headers-0.4.1.tgz 5458ms (cache miss)
7845 http fetch GET 200 https://registry.npmjs.org/chalk/-/chalk-4.1.2.tgz 5423ms (cache miss)
7846 http fetch GET 200 https://registry.npmjs.org/@expo/config-types/-/config-types-52.0.5.tgz 5473ms (cache miss)
7847 http fetch GET 200 https://registry.npmjs.org/@xmldom/xmldom/-/xmldom-0.7.13.tgz 5499ms (cache miss)
7848 warn deprecated @xmldom/xmldom@0.7.13: this version has critical issues, please update to the latest version
7849 http fetch GET 200 https://registry.npmjs.org/better-opn/-/better-opn-3.0.2.tgz 5461ms (cache miss)
7850 http fetch GET 200 https://registry.npmjs.org/uuid/-/uuid-8.3.2.tgz 5530ms (cache miss)
7851 http fetch GET 200 https://registry.npmjs.org/pretty-format/-/pretty-format-29.7.0.tgz 5510ms (cache miss)
7852 warn deprecated uuid@8.3.2: uuid@10 and below is no longer supported.  For ESM codebases, update to uuid@latest.  For CommonJS codebases, use uuid@11 (but be aware this version will likely be deprecated in 2028).
7853 http fetch GET 200 https://registry.npmjs.org/qrcode-terminal/-/qrcode-terminal-0.11.0.tgz 5517ms (cache miss)
7854 http fetch GET 200 https://registry.npmjs.org/cacache/-/cacache-18.0.4.tgz 5486ms (cache miss)
7855 http fetch GET 200 https://registry.npmjs.org/jsc-android/-/jsc-android-250231.0.0.tgz 5734ms (cache miss)
7856 http fetch GET 200 https://registry.npmjs.org/fs-extra/-/fs-extra-8.1.0.tgz 5526ms (cache miss)
7857 http fetch GET 200 https://registry.npmjs.org/bplist-creator/-/bplist-creator-0.0.7.tgz 5551ms (cache miss)
7858 http fetch GET 200 https://registry.npmjs.org/fast-glob/-/fast-glob-3.3.3.tgz 5572ms (cache miss)
7859 http fetch GET 200 https://registry.npmjs.org/@urql/core/-/core-5.2.0.tgz 5570ms (cache miss)
7860 http fetch GET 200 https://registry.npmjs.org/prompts/-/prompts-2.4.2.tgz 5615ms (cache miss)
7861 http fetch GET 200 https://registry.npmjs.org/@expo/spawn-async/-/spawn-async-1.7.2.tgz 5583ms (cache miss)
7862 http fetch GET 200 https://registry.npmjs.org/node-forge/-/node-forge-1.4.0.tgz 5598ms (cache miss)
7863 http fetch GET 200 https://registry.npmjs.org/@urql/exchange-retry/-/exchange-retry-1.3.2.tgz 5595ms (cache miss)
7864 http fetch GET 200 https://registry.npmjs.org/glob/-/glob-10.5.0.tgz 5603ms (cache miss)
7865 warn deprecated glob@10.5.0: Old versions of glob are not supported, and contain widely publicized security vulnerabilities, which have been fixed in the current version. Please update. Support for old versions may be purchased (at exorbitant rates) by contacting i@izs.me
7866 http fetch GET 200 https://registry.npmjs.org/@expo/plist/-/plist-0.2.2.tgz 5635ms (cache miss)
7867 http fetch GET 200 https://registry.npmjs.org/resolve/-/resolve-1.22.12.tgz 5678ms (cache miss)
7868 http fetch GET 200 https://registry.npmjs.org/@expo/json-file/-/json-file-9.1.5.tgz 5642ms (cache miss)
7869 http fetch GET 200 https://registry.npmjs.org/@expo/osascript/-/osascript-2.4.3.tgz 5658ms (cache miss)
7870 http fetch GET 200 https://registry.npmjs.org/fbemitter/-/fbemitter-3.0.0.tgz 5667ms (cache miss)
7871 http fetch GET 200 https://registry.npmjs.org/@expo/rudder-sdk-node/-/rudder-sdk-node-1.1.1.tgz 5683ms (cache miss)
7872 http fetch GET 200 https://registry.npmjs.org/whatwg-url-without-unicode/-/whatwg-url-without-unicode-8.0.0-3.tgz 5682ms (cache miss)
7873 http fetch GET 200 https://registry.npmjs.org/@expo/env/-/env-0.4.2.tgz 5688ms (cache miss)
7874 http fetch GET 200 https://registry.npmjs.org/@expo/ws-tunnel/-/ws-tunnel-1.0.6.tgz 5693ms (cache miss)
7875 http fetch GET 200 https://registry.npmjs.org/babel-preset-expo/-/babel-preset-expo-12.0.12.tgz 5725ms (cache miss)
7876 http fetch GET 200 https://registry.npmjs.org/@expo/xcpretty/-/xcpretty-4.4.4.tgz 5737ms (cache miss)
7877 http fetch GET 200 https://registry.npmjs.org/@expo/package-manager/-/package-manager-1.10.5.tgz 5744ms (cache miss)
7878 http fetch GET 200 https://registry.npmjs.org/ms/-/ms-2.1.3.tgz 5755ms (cache miss)
7879 http fetch GET 200 https://registry.npmjs.org/update-browserslist-db/-/update-browserslist-db-1.2.3.tgz 5799ms (cache miss)
7880 http fetch GET 200 https://registry.npmjs.org/node-releases/-/node-releases-2.0.44.tgz 5822ms (cache miss)
7881 http fetch GET 200 https://registry.npmjs.org/@0no-co/graphql.web/-/graphql.web-1.2.0.tgz 5849ms (cache miss)
7882 http fetch GET 200 https://registry.npmjs.org/expo-keep-awake/-/expo-keep-awake-14.0.3.tgz 5896ms (cache miss)
7883 http fetch GET 200 https://registry.npmjs.org/@expo/code-signing-certificates/-/code-signing-certificates-0.0.6.tgz 5905ms (cache miss)
7884 http fetch GET 200 https://registry.npmjs.org/@types/prop-types/-/prop-types-15.7.15.tgz 5896ms (cache miss)
7885 http fetch GET 200 https://registry.npmjs.org/tslib/-/tslib-2.8.1.tgz 5903ms (cache miss)
7886 http fetch GET 200 https://registry.npmjs.org/electron-to-chromium/-/electron-to-chromium-1.5.356.tgz 5906ms (cache miss)
7887 http fetch GET 200 https://registry.npmjs.org/baseline-browser-mapping/-/baseline-browser-mapping-2.10.29.tgz 5913ms (cache miss)
7888 http fetch GET 200 https://registry.npmjs.org/iceberg-js/-/iceberg-js-0.8.1.tgz 5920ms (cache miss)
7889 http fetch GET 200 https://registry.npmjs.org/@expo/devcert/-/devcert-1.2.1.tgz 5937ms (cache miss)
7890 http fetch GET 200 https://registry.npmjs.org/merge-options/-/merge-options-3.0.4.tgz 5925ms (cache miss)
7891 http fetch GET 200 https://registry.npmjs.org/@expo/image-utils/-/image-utils-0.6.5.tgz 5961ms (cache miss)
7892 http fetch GET 200 https://registry.npmjs.org/@react-native/dev-middleware/-/dev-middleware-0.76.9.tgz 5979ms (cache miss)
7893 http fetch GET 200 https://registry.npmjs.org/csstype/-/csstype-3.2.3.tgz 5968ms (cache miss)
7894 http fetch GET 200 https://registry.npmjs.org/lru-cache/-/lru-cache-5.1.1.tgz 5992ms (cache miss)
7895 http fetch GET 200 https://registry.npmjs.org/undici/-/undici-6.25.0.tgz 6059ms (cache miss)
7896 http fetch GET 200 https://registry.npmjs.org/@jridgewell/sourcemap-codec/-/sourcemap-codec-1.5.5.tgz 6012ms (cache miss)
7897 http fetch GET 200 https://registry.npmjs.org/@expo/config/-/config-10.0.11.tgz 6084ms (cache miss)
7898 http fetch GET 200 https://registry.npmjs.org/@babel/helper-string-parser/-/helper-string-parser-7.27.1.tgz 6126ms (cache miss)
7899 http fetch GET 200 https://registry.npmjs.org/jsesc/-/jsesc-3.1.0.tgz 6156ms (cache miss)
7900 http fetch GET 200 https://registry.npmjs.org/browserslist/-/browserslist-4.28.2.tgz 6248ms (cache miss)
7901 http fetch GET 200 https://registry.npmjs.org/@babel/helper-globals/-/helper-globals-7.28.0.tgz 6262ms (cache miss)
7902 http fetch GET 200 https://registry.npmjs.org/picocolors/-/picocolors-1.1.1.tgz 6259ms (cache miss)
7903 http fetch GET 200 https://registry.npmjs.org/js-tokens/-/js-tokens-4.0.0.tgz 6259ms (cache miss)
7904 http fetch GET 200 https://registry.npmjs.org/gensync/-/gensync-1.0.0-beta.2.tgz 6259ms (cache miss)
7905 http fetch GET 200 https://registry.npmjs.org/@babel/compat-data/-/compat-data-7.29.3.tgz 6266ms (cache miss)
7906 http fetch GET 200 https://registry.npmjs.org/@babel/helper-validator-option/-/helper-validator-option-7.27.1.tgz 6266ms (cache miss)
7907 http fetch GET 200 https://registry.npmjs.org/convert-source-map/-/convert-source-map-2.0.0.tgz 6258ms (cache miss)
7908 http fetch GET 200 https://registry.npmjs.org/@jridgewell/resolve-uri/-/resolve-uri-3.1.2.tgz 6272ms (cache miss)
7909 http fetch GET 200 https://registry.npmjs.org/semver/-/semver-6.3.1.tgz 6267ms (cache miss)
7910 http fetch GET 200 https://registry.npmjs.org/debug/-/debug-4.4.3.tgz 6269ms (cache miss)
7911 http fetch GET 200 https://registry.npmjs.org/@babel/helper-validator-identifier/-/helper-validator-identifier-7.28.5.tgz 6277ms (cache miss)
7912 http fetch GET 200 https://registry.npmjs.org/@babel/helper-module-imports/-/helper-module-imports-7.28.6.tgz 6295ms (cache miss)
7913 http fetch GET 200 https://registry.npmjs.org/sucrase/-/sucrase-3.35.0.tgz 6365ms (cache miss)
7914 http fetch GET 200 https://registry.npmjs.org/expo-asset/-/expo-asset-11.0.5.tgz 6355ms (cache miss)
7915 http fetch GET 200 https://registry.npmjs.org/json5/-/json5-2.2.3.tgz 6440ms (cache miss)
7916 http fetch GET 200 https://registry.npmjs.org/react-native-url-polyfill/-/react-native-url-polyfill-2.0.0.tgz 6462ms (cache miss)
7917 http fetch GET 200 https://registry.npmjs.org/@babel/code-frame/-/code-frame-7.29.0.tgz 6478ms (cache miss)
7918 http fetch GET 200 https://registry.npmjs.org/@babel/helper-compilation-targets/-/helper-compilation-targets-7.28.6.tgz 6598ms (cache miss)
7919 http fetch GET 200 https://registry.npmjs.org/@babel/template/-/template-7.28.6.tgz 6619ms (cache miss)
7920 http fetch GET 200 https://registry.npmjs.org/@babel/helper-module-transforms/-/helper-module-transforms-7.28.6.tgz 6619ms (cache miss)
7921 http fetch GET 200 https://registry.npmjs.org/expo-system-ui/-/expo-system-ui-4.0.9.tgz 6617ms (cache miss)
7922 http fetch GET 200 https://registry.npmjs.org/expo-status-bar/-/expo-status-bar-2.0.1.tgz 6626ms (cache miss)
7923 http fetch GET 200 https://registry.npmjs.org/@expo/fingerprint/-/fingerprint-0.11.11.tgz 6672ms (cache miss)
7924 http fetch GET 200 https://registry.npmjs.org/expo-haptics/-/expo-haptics-14.0.1.tgz 6695ms (cache miss)
7925 http fetch GET 200 https://registry.npmjs.org/web-streams-polyfill/-/web-streams-polyfill-3.3.3.tgz 6781ms (cache miss)
7926 http fetch GET 200 https://registry.npmjs.org/escape-string-regexp/-/escape-string-regexp-1.0.5.tgz 6740ms (cache miss)
7927 http fetch GET 200 https://registry.npmjs.org/color-name/-/color-name-1.1.3.tgz 6745ms (cache miss)
7928 http fetch GET 200 https://registry.npmjs.org/has-flag/-/has-flag-3.0.0.tgz 6757ms (cache miss)
7929 http fetch GET 200 https://registry.npmjs.org/supports-color/-/supports-color-5.5.0.tgz 6758ms (cache miss)
7930 http fetch GET 200 https://registry.npmjs.org/@jridgewell/remapping/-/remapping-2.3.5.tgz 6789ms (cache miss)
7931 http fetch GET 200 https://registry.npmjs.org/@jridgewell/gen-mapping/-/gen-mapping-0.3.13.tgz 6812ms (cache miss)
7932 http fetch GET 200 https://registry.npmjs.org/color-convert/-/color-convert-1.9.3.tgz 6790ms (cache miss)
7933 http fetch GET 200 https://registry.npmjs.org/ansi-styles/-/ansi-styles-3.2.1.tgz 6798ms (cache miss)
7934 http fetch GET 200 https://registry.npmjs.org/chalk/-/chalk-2.4.2.tgz 6818ms (cache miss)
7935 http fetch GET 200 https://registry.npmjs.org/strip-ansi/-/strip-ansi-6.0.1.tgz 6818ms (cache miss)
7936 http fetch GET 200 https://registry.npmjs.org/emoji-regex/-/emoji-regex-8.0.0.tgz 6818ms (cache miss)
7937 http fetch GET 200 https://registry.npmjs.org/string-width/-/string-width-4.2.3.tgz 6822ms (cache miss)
7938 http fetch GET 200 https://registry.npmjs.org/bplist-parser/-/bplist-parser-0.3.1.tgz 6821ms (cache miss)
7939 http fetch GET 200 https://registry.npmjs.org/yallist/-/yallist-4.0.0.tgz 6849ms (cache miss)
7940 http fetch GET 200 https://registry.npmjs.org/statuses/-/statuses-2.0.2.tgz 6850ms (cache miss)
7941 http fetch GET 200 https://registry.npmjs.org/minipass/-/minipass-3.3.6.tgz 6850ms (cache miss)
7942 http fetch GET 200 https://registry.npmjs.org/camelcase/-/camelcase-6.3.0.tgz 6856ms (cache miss)
7943 http fetch GET 200 https://registry.npmjs.org/@supabase/storage-js/-/storage-js-2.105.4.tgz 6897ms (cache miss)
7944 http fetch GET 200 https://registry.npmjs.org/commander/-/commander-2.20.3.tgz 6862ms (cache miss)
7945 http fetch GET 200 https://registry.npmjs.org/react-is/-/react-is-16.13.1.tgz 6863ms (cache miss)
7946 http fetch GET 200 https://registry.npmjs.org/resolve-from/-/resolve-from-3.0.0.tgz 6882ms (cache miss)
7947 http fetch GET 200 https://registry.npmjs.org/@supabase/postgrest-js/-/postgrest-js-2.105.4.tgz 6933ms (cache miss)
7948 http fetch GET 200 https://registry.npmjs.org/ms/-/ms-2.0.0.tgz 6912ms (cache miss)
7949 http fetch GET 200 https://registry.npmjs.org/escape-string-regexp/-/escape-string-regexp-2.0.0.tgz 6924ms (cache miss)
7950 http fetch GET 200 https://registry.npmjs.org/supports-color/-/supports-color-8.1.1.tgz 6944ms (cache miss)
7951 http fetch GET 200 https://registry.npmjs.org/locate-path/-/locate-path-5.0.0.tgz 6961ms (cache miss)
7952 http fetch GET 200 https://registry.npmjs.org/glob/-/glob-7.2.3.tgz 6969ms (cache miss)
7953 warn deprecated glob@7.2.3: Old versions of glob are not supported, and contain widely publicized security vulnerabilities, which have been fixed in the current version. Please update. Support for old versions may be purchased (at exorbitant rates) by contacting i@izs.me
7954 http fetch GET 200 https://registry.npmjs.org/p-limit/-/p-limit-2.3.0.tgz 6971ms (cache miss)
7955 http fetch GET 200 https://registry.npmjs.org/find-up/-/find-up-4.1.0.tgz 6975ms (cache miss)
7956 http fetch GET 200 https://registry.npmjs.org/p-locate/-/p-locate-4.1.0.tgz 6994ms (cache miss)
7957 http fetch GET 200 https://registry.npmjs.org/bplist-creator/-/bplist-creator-0.1.0.tgz 7013ms (cache miss)
7958 http fetch GET 200 https://registry.npmjs.org/ms/-/ms-2.0.0.tgz 7003ms (cache miss)
7959 http fetch GET 200 https://registry.npmjs.org/signal-exit/-/signal-exit-3.0.7.tgz 7004ms (cache miss)
7960 http fetch GET 200 https://registry.npmjs.org/@supabase/functions-js/-/functions-js-2.105.4.tgz 7061ms (cache miss)
7961 http fetch GET 200 https://registry.npmjs.org/ci-info/-/ci-info-2.0.0.tgz 7036ms (cache miss)
7962 http fetch GET 200 https://registry.npmjs.org/glob/-/glob-7.2.3.tgz 7050ms (cache miss)
7963 warn deprecated glob@7.2.3: Old versions of glob are not supported, and contain widely publicized security vulnerabilities, which have been fixed in the current version. Please update. Support for old versions may be purchased (at exorbitant rates) by contacting i@izs.me
7964 http fetch GET 200 https://registry.npmjs.org/@types/react/-/react-18.3.28.tgz 7076ms (cache miss)
7965 http fetch GET 200 https://registry.npmjs.org/mimic-fn/-/mimic-fn-2.1.0.tgz 7054ms (cache miss)
7966 http fetch GET 200 https://registry.npmjs.org/signal-exit/-/signal-exit-3.0.7.tgz 7055ms (cache miss)
7967 http fetch GET 200 https://registry.npmjs.org/picomatch/-/picomatch-2.3.2.tgz 7070ms (cache miss)
7968 http fetch GET 200 https://registry.npmjs.org/onetime/-/onetime-5.1.2.tgz 7092ms (cache miss)
7969 http fetch GET 200 https://registry.npmjs.org/npm-run-path/-/npm-run-path-4.0.1.tgz 7092ms (cache miss)
7970 http fetch GET 200 https://registry.npmjs.org/is-stream/-/is-stream-2.0.1.tgz 7093ms (cache miss)
7971 http fetch GET 200 https://registry.npmjs.org/debug/-/debug-2.6.9.tgz 7109ms (cache miss)
7972 http fetch GET 200 https://registry.npmjs.org/ms/-/ms-2.0.0.tgz 7116ms (cache miss)
7973 http fetch GET 200 https://registry.npmjs.org/@jridgewell/trace-mapping/-/trace-mapping-0.3.31.tgz 7178ms (cache miss)
7974 http fetch GET 200 https://registry.npmjs.org/react/-/react-18.3.1.tgz 7157ms (cache miss)
7975 http fetch GET 200 https://registry.npmjs.org/get-stream/-/get-stream-6.0.1.tgz 7133ms (cache miss)
7976 http fetch GET 200 https://registry.npmjs.org/readline/-/readline-1.3.0.tgz 7455ms (cache miss)
7977 http fetch GET 200 https://registry.npmjs.org/expo-splash-screen/-/expo-splash-screen-0.29.24.tgz 7190ms (cache miss)
7978 http fetch GET 200 https://registry.npmjs.org/picomatch/-/picomatch-2.3.2.tgz 7186ms (cache miss)
7979 http fetch GET 200 https://registry.npmjs.org/react-is/-/react-is-16.13.1.tgz 7176ms (cache miss)
7980 http fetch GET 200 https://registry.npmjs.org/signal-exit/-/signal-exit-3.0.7.tgz 7188ms (cache miss)
7981 http fetch GET 200 https://registry.npmjs.org/write-file-atomic/-/write-file-atomic-4.0.2.tgz 7193ms (cache miss)
7982 http fetch GET 200 https://registry.npmjs.org/has-flag/-/has-flag-3.0.0.tgz 7204ms (cache miss)
7983 http fetch GET 200 https://registry.npmjs.org/debug/-/debug-2.6.9.tgz 7221ms (cache miss)
7984 http fetch GET 200 https://registry.npmjs.org/color-convert/-/color-convert-1.9.3.tgz 7214ms (cache miss)
7985 http fetch GET 200 https://registry.npmjs.org/ansi-styles/-/ansi-styles-3.2.1.tgz 7215ms (cache miss)
7986 http fetch GET 200 https://registry.npmjs.org/color-name/-/color-name-1.1.3.tgz 7216ms (cache miss)
7987 http fetch GET 200 https://registry.npmjs.org/supports-color/-/supports-color-5.5.0.tgz 7214ms (cache miss)
7988 http fetch GET 200 https://registry.npmjs.org/escape-string-regexp/-/escape-string-regexp-1.0.5.tgz 7215ms (cache miss)
7989 http fetch GET 200 https://registry.npmjs.org/@babel/parser/-/parser-7.29.3.tgz 7283ms (cache miss)
7990 http fetch GET 200 https://registry.npmjs.org/chalk/-/chalk-2.4.2.tgz 7240ms (cache miss)
7991 http fetch GET 200 https://registry.npmjs.org/p-limit/-/p-limit-2.3.0.tgz 7239ms (cache miss)
7992 http fetch GET 200 https://registry.npmjs.org/signal-exit/-/signal-exit-3.0.7.tgz 7238ms (cache miss)
7993 http fetch GET 200 https://registry.npmjs.org/find-up/-/find-up-3.0.0.tgz 7239ms (cache miss)
7994 http fetch GET 200 https://registry.npmjs.org/locate-path/-/locate-path-3.0.0.tgz 7239ms (cache miss)
7995 http fetch GET 200 https://registry.npmjs.org/path-exists/-/path-exists-3.0.0.tgz 7242ms (cache miss)
7996 http fetch GET 200 https://registry.npmjs.org/p-locate/-/p-locate-3.0.0.tgz 7257ms (cache miss)
7997 http fetch GET 200 https://registry.npmjs.org/strip-ansi/-/strip-ansi-6.0.1.tgz 7267ms (cache miss)
7998 http fetch GET 200 https://registry.npmjs.org/strip-ansi/-/strip-ansi-6.0.1.tgz 7266ms (cache miss)
7999 http fetch GET 200 https://registry.npmjs.org/emoji-regex/-/emoji-regex-8.0.0.tgz 7268ms (cache miss)
8000 http fetch GET 200 https://registry.npmjs.org/rimraf/-/rimraf-2.6.3.tgz 7269ms (cache miss)
8001 warn deprecated rimraf@2.6.3: Rimraf versions prior to v4 are no longer supported
8002 http fetch GET 200 https://registry.npmjs.org/glob/-/glob-7.2.3.tgz 7280ms (cache miss)
8003 warn deprecated glob@7.2.3: Old versions of glob are not supported, and contain widely publicized security vulnerabilities, which have been fixed in the current version. Please update. Support for old versions may be purchased (at exorbitant rates) by contacting i@izs.me
8004 http fetch GET 200 https://registry.npmjs.org/string-width/-/string-width-4.2.3.tgz 7280ms (cache miss)
8005 http fetch GET 200 https://registry.npmjs.org/semver/-/semver-5.7.2.tgz 7282ms (cache miss)
8006 http fetch GET 200 https://registry.npmjs.org/execa/-/execa-5.1.1.tgz 7295ms (cache miss)
8007 http fetch GET 200 https://registry.npmjs.org/debug/-/debug-2.6.9.tgz 7316ms (cache miss)
8008 http fetch GET 200 https://registry.npmjs.org/ansi-styles/-/ansi-styles-6.2.3.tgz 7307ms (cache miss)
8009 http fetch GET 200 https://registry.npmjs.org/ansi-regex/-/ansi-regex-6.2.2.tgz 7306ms (cache miss)
8010 http fetch GET 200 https://registry.npmjs.org/wrap-ansi/-/wrap-ansi-8.1.0.tgz 7307ms (cache miss)
8011 http fetch GET 200 https://registry.npmjs.org/semver/-/semver-5.7.2.tgz 7324ms (cache miss)
8012 http fetch GET 200 https://registry.npmjs.org/shebang-command/-/shebang-command-1.2.0.tgz 7326ms (cache miss)
8013 http fetch GET 200 https://registry.npmjs.org/path-key/-/path-key-2.0.1.tgz 7327ms (cache miss)
8014 http fetch GET 200 https://registry.npmjs.org/shebang-regex/-/shebang-regex-1.0.0.tgz 7327ms (cache miss)
8015 http fetch GET 200 https://registry.npmjs.org/which/-/which-1.3.1.tgz 7326ms (cache miss)
8016 http fetch GET 200 https://registry.npmjs.org/cross-spawn/-/cross-spawn-6.0.6.tgz 7379ms (cache miss)
8017 http fetch GET 200 https://registry.npmjs.org/path-key/-/path-key-2.0.1.tgz 7399ms (cache miss)
8018 http fetch GET 200 https://registry.npmjs.org/signal-exit/-/signal-exit-3.0.7.tgz 7398ms (cache miss)
8019 http fetch GET 200 https://registry.npmjs.org/ms/-/ms-2.0.0.tgz 7406ms (cache miss)
8020 http fetch GET 200 https://registry.npmjs.org/is-arrayish/-/is-arrayish-0.3.4.tgz 7421ms (cache miss)
8021 http fetch GET 200 https://registry.npmjs.org/ms/-/ms-2.0.0.tgz 7443ms (cache miss)
8022 http fetch GET 200 https://registry.npmjs.org/@react-native/babel-plugin-codegen/-/babel-plugin-codegen-0.76.3.tgz 7481ms (cache miss)
8023 http fetch GET 200 https://registry.npmjs.org/glob/-/glob-7.2.3.tgz 7455ms (cache miss)
8024 warn deprecated glob@7.2.3: Old versions of glob are not supported, and contain widely publicized security vulnerabilities, which have been fixed in the current version. Please update. Support for old versions may be purchased (at exorbitant rates) by contacting i@izs.me
8025 http fetch GET 200 https://registry.npmjs.org/yallist/-/yallist-4.0.0.tgz 7474ms (cache miss)
8026 http fetch GET 200 https://registry.npmjs.org/yallist/-/yallist-4.0.0.tgz 7474ms (cache miss)
8027 http fetch GET 200 https://registry.npmjs.org/minipass/-/minipass-3.3.6.tgz 7488ms (cache miss)
8028 http fetch GET 200 https://registry.npmjs.org/minipass/-/minipass-3.3.6.tgz 7487ms (cache miss)
8029 http fetch GET 200 https://registry.npmjs.org/hermes-estree/-/hermes-estree-0.25.1.tgz 7528ms (cache miss)
8030 http fetch GET 200 https://registry.npmjs.org/@react-native/babel-preset/-/babel-preset-0.76.3.tgz 7531ms (cache miss)
8031 http fetch GET 200 https://registry.npmjs.org/ws/-/ws-7.5.10.tgz 7535ms (cache miss)
8032 http fetch GET 200 https://registry.npmjs.org/ws/-/ws-6.2.3.tgz 7531ms (cache miss)
8033 http fetch GET 200 https://registry.npmjs.org/strip-ansi/-/strip-ansi-6.0.1.tgz 7513ms (cache miss)
8034 http fetch GET 200 https://registry.npmjs.org/emoji-regex/-/emoji-regex-8.0.0.tgz 7521ms (cache miss)
8035 http fetch GET 200 https://registry.npmjs.org/emoji-regex/-/emoji-regex-8.0.0.tgz 7521ms (cache miss)
8036 http fetch GET 200 https://registry.npmjs.org/string-width/-/string-width-4.2.3.tgz 7522ms (cache miss)
8037 http fetch GET 200 https://registry.npmjs.org/glob/-/glob-7.2.3.tgz 7535ms (cache miss)
8038 warn deprecated glob@7.2.3: Old versions of glob are not supported, and contain widely publicized security vulnerabilities, which have been fixed in the current version. Please update. Support for old versions may be purchased (at exorbitant rates) by contacting i@izs.me
8039 http fetch GET 200 https://registry.npmjs.org/ws/-/ws-7.5.10.tgz 7566ms (cache miss)
8040 http fetch GET 200 https://registry.npmjs.org/expo-linear-gradient/-/expo-linear-gradient-14.0.2.tgz 7596ms (cache miss)
8041 http fetch GET 200 https://registry.npmjs.org/strip-ansi/-/strip-ansi-6.0.1.tgz 7571ms (cache miss)
8042 http fetch GET 200 https://registry.npmjs.org/string-width/-/string-width-4.2.3.tgz 7571ms (cache miss)
8043 http fetch GET 200 https://registry.npmjs.org/is-stream/-/is-stream-2.0.1.tgz 7571ms (cache miss)
8044 http fetch GET 200 https://registry.npmjs.org/encodeurl/-/encodeurl-2.0.0.tgz 7576ms (cache miss)
8045 http fetch GET 200 https://registry.npmjs.org/yallist/-/yallist-4.0.0.tgz 7574ms (cache miss)
8046 http fetch GET 200 https://registry.npmjs.org/emoji-regex/-/emoji-regex-8.0.0.tgz 7612ms (cache miss)
8047 http fetch GET 200 https://registry.npmjs.org/minipass/-/minipass-5.0.0.tgz 7612ms (cache miss)
8048 http fetch GET 200 https://registry.npmjs.org/fs-minipass/-/fs-minipass-2.1.0.tgz 7613ms (cache miss)
8049 http fetch GET 200 https://registry.npmjs.org/statuses/-/statuses-2.0.2.tgz 7616ms (cache miss)
8050 http fetch GET 200 https://registry.npmjs.org/commander/-/commander-4.1.1.tgz 7668ms (cache miss)
8051 http fetch GET 200 https://registry.npmjs.org/minipass/-/minipass-3.3.6.tgz 7671ms (cache miss)
8052 http fetch GET 200 https://registry.npmjs.org/ms/-/ms-2.0.0.tgz 7670ms (cache miss)
8053 http fetch GET 200 https://registry.npmjs.org/picomatch/-/picomatch-2.3.2.tgz 7685ms (cache miss)
8054 http fetch GET 200 https://registry.npmjs.org/on-finished/-/on-finished-2.4.1.tgz 7672ms (cache miss)
8055 http fetch GET 200 https://registry.npmjs.org/ansi-styles/-/ansi-styles-5.2.0.tgz 7671ms (cache miss)
8056 http fetch GET 200 https://registry.npmjs.org/has-flag/-/has-flag-3.0.0.tgz 7694ms (cache miss)
8057 http fetch GET 200 https://registry.npmjs.org/color-name/-/color-name-1.1.3.tgz 7694ms (cache miss)
8058 http fetch GET 200 https://registry.npmjs.org/react-is/-/react-is-18.3.1.tgz 7696ms (cache miss)
8059 http fetch GET 200 https://registry.npmjs.org/mkdirp/-/mkdirp-1.0.4.tgz 7717ms (cache miss)
8060 http fetch GET 200 https://registry.npmjs.org/encodeurl/-/encodeurl-2.0.0.tgz 7714ms (cache miss)
8061 http fetch GET 200 https://registry.npmjs.org/debug/-/debug-2.6.9.tgz 7727ms (cache miss)
8062 http fetch GET 200 https://registry.npmjs.org/color-convert/-/color-convert-1.9.3.tgz 7727ms (cache miss)
8063 http fetch GET 200 https://registry.npmjs.org/supports-color/-/supports-color-5.5.0.tgz 7727ms (cache miss)
8064 http fetch GET 200 https://registry.npmjs.org/ansi-regex/-/ansi-regex-4.1.1.tgz 7728ms (cache miss)
8065 http fetch GET 200 https://registry.npmjs.org/ansi-styles/-/ansi-styles-3.2.1.tgz 7728ms (cache miss)
8066 http fetch GET 200 https://registry.npmjs.org/mime-db/-/mime-db-1.52.0.tgz 7752ms (cache miss)
8067 http fetch GET 200 https://registry.npmjs.org/hermes-estree/-/hermes-estree-0.25.1.tgz 7788ms (cache miss)
8068 http fetch GET 200 https://registry.npmjs.org/escape-string-regexp/-/escape-string-regexp-1.0.5.tgz 7743ms (cache miss)
8069 http fetch GET 200 https://registry.npmjs.org/strip-ansi/-/strip-ansi-5.2.0.tgz 7742ms (cache miss)
8070 http fetch GET 200 https://registry.npmjs.org/ms/-/ms-2.0.0.tgz 7753ms (cache miss)
8071 http fetch GET 200 https://registry.npmjs.org/ms/-/ms-2.0.0.tgz 7753ms (cache miss)
8072 http fetch GET 200 https://registry.npmjs.org/brace-expansion/-/brace-expansion-2.1.0.tgz 7754ms (cache miss)
8073 http fetch GET 200 https://registry.npmjs.org/chalk/-/chalk-2.4.2.tgz 7765ms (cache miss)
8074 http fetch GET 200 https://registry.npmjs.org/negotiator/-/negotiator-0.6.4.tgz 7770ms (cache miss)
8075 http fetch GET 200 https://registry.npmjs.org/mkdirp/-/mkdirp-1.0.4.tgz 7793ms (cache miss)
8076 http fetch GET 200 https://registry.npmjs.org/ms/-/ms-2.0.0.tgz 7779ms (cache miss)
8077 http fetch GET 200 https://registry.npmjs.org/open/-/open-8.4.2.tgz 7780ms (cache miss)
8078 http fetch GET 200 https://registry.npmjs.org/jsonfile/-/jsonfile-6.2.1.tgz 7778ms (cache miss)
8079 http fetch GET 200 https://registry.npmjs.org/universalify/-/universalify-2.0.1.tgz 7780ms (cache miss)
8080 http fetch GET 200 https://registry.npmjs.org/debug/-/debug-2.6.9.tgz 7809ms (cache miss)
8081 http fetch GET 200 https://registry.npmjs.org/universalify/-/universalify-1.0.0.tgz 7791ms (cache miss)
8082 http fetch GET 200 https://registry.npmjs.org/jsonfile/-/jsonfile-6.2.1.tgz 7793ms (cache miss)
8083 http fetch GET 200 https://registry.npmjs.org/jsonfile/-/jsonfile-6.2.1.tgz 7795ms (cache miss)
8084 http fetch GET 200 https://registry.npmjs.org/universalify/-/universalify-2.0.1.tgz 7795ms (cache miss)
8085 http fetch GET 200 https://registry.npmjs.org/jsonfile/-/jsonfile-6.2.1.tgz 7798ms (cache miss)
8086 http fetch GET 200 https://registry.npmjs.org/universalify/-/universalify-2.0.1.tgz 7797ms (cache miss)
8087 http fetch GET 200 https://registry.npmjs.org/universalify/-/universalify-2.0.1.tgz 7795ms (cache miss)
8088 http fetch GET 200 https://registry.npmjs.org/webidl-conversions/-/webidl-conversions-5.0.0.tgz 7800ms (cache miss)
8089 http fetch GET 200 https://registry.npmjs.org/@babel/code-frame/-/code-frame-7.10.4.tgz 7817ms (cache miss)
8090 http fetch GET 200 https://registry.npmjs.org/debug/-/debug-2.6.9.tgz 7841ms (cache miss)
8091 http fetch GET 200 https://registry.npmjs.org/debug/-/debug-3.2.7.tgz 7828ms (cache miss)
8092 http fetch GET 200 https://registry.npmjs.org/glob/-/glob-7.2.3.tgz 7817ms (cache miss)
8093 warn deprecated glob@7.2.3: Old versions of glob are not supported, and contain widely publicized security vulnerabilities, which have been fixed in the current version. Please update. Support for old versions may be purchased (at exorbitant rates) by contacting i@izs.me
8094 http fetch GET 200 https://registry.npmjs.org/@expo/json-file/-/json-file-10.0.14.tgz 7834ms (cache miss)
8095 http fetch GET 200 https://registry.npmjs.org/@babel/code-frame/-/code-frame-7.10.4.tgz 7853ms (cache miss)
8096 http fetch GET 200 https://registry.npmjs.org/@babel/code-frame/-/code-frame-7.10.4.tgz 7848ms (cache miss)
8097 http fetch GET 200 https://registry.npmjs.org/@babel/code-frame/-/code-frame-7.10.4.tgz 7858ms (cache miss)
8098 http fetch GET 200 https://registry.npmjs.org/@expo/json-file/-/json-file-9.0.2.tgz 7853ms (cache miss)
8099 http fetch GET 200 https://registry.npmjs.org/debug/-/debug-2.6.9.tgz 7874ms (cache miss)
8100 http fetch GET 200 https://registry.npmjs.org/debug/-/debug-2.6.9.tgz 7883ms (cache miss)
8101 http fetch GET 200 https://registry.npmjs.org/@xmldom/xmldom/-/xmldom-0.9.10.tgz 7951ms (cache miss)
8102 http fetch GET 200 https://registry.npmjs.org/expo-constants/-/expo-constants-17.0.8.tgz 7961ms (cache miss)
8103 http fetch GET 200 https://registry.npmjs.org/debug/-/debug-2.6.9.tgz 7892ms (cache miss)
8104 http fetch GET 200 https://registry.npmjs.org/@react-native/normalize-colors/-/normalize-colors-0.74.89.tgz 7890ms (cache miss)
8105 http fetch GET 200 https://registry.npmjs.org/@expo/json-file/-/json-file-9.0.2.tgz 7926ms (cache miss)
8106 http fetch GET 200 https://registry.npmjs.org/babel-plugin-polyfill-corejs3/-/babel-plugin-polyfill-corejs3-0.14.2.tgz 7968ms (cache miss)
8107 http fetch GET 200 https://registry.npmjs.org/source-map/-/source-map-0.6.1.tgz 8014ms (cache miss)
8108 http fetch GET 200 https://registry.npmjs.org/memoize-one/-/memoize-one-6.0.0.tgz 7937ms (cache miss)
8109 http fetch GET 200 https://registry.npmjs.org/ws/-/ws-6.2.3.tgz 7964ms (cache miss)
8110 http fetch GET 200 https://registry.npmjs.org/argparse/-/argparse-1.0.10.tgz 8065ms (cache miss)
8111 http fetch GET 200 https://registry.npmjs.org/babel-plugin-syntax-hermes-parser/-/babel-plugin-syntax-hermes-parser-0.23.1.tgz 7988ms (cache miss)
8112 http fetch GET 200 https://registry.npmjs.org/ws/-/ws-6.2.3.tgz 8010ms (cache miss)
8113 http fetch GET 200 https://registry.npmjs.org/argparse/-/argparse-1.0.10.tgz 8081ms (cache miss)
8114 http fetch GET 200 https://registry.npmjs.org/hermes-estree/-/hermes-estree-0.25.1.tgz 8048ms (cache miss)
8115 http fetch GET 200 https://registry.npmjs.org/type-fest/-/type-fest-0.21.3.tgz 8112ms (cache miss)
8116 http fetch GET 200 https://registry.npmjs.org/commander/-/commander-12.1.0.tgz 8030ms (cache miss)
8117 http fetch GET 200 https://registry.npmjs.org/@react-native/normalize-colors/-/normalize-colors-0.76.8.tgz 8038ms (cache miss)
8118 http fetch GET 200 https://registry.npmjs.org/scheduler/-/scheduler-0.24.0-canary-efb381bbf-20230505.tgz 8051ms (cache miss)
8119 http fetch GET 200 https://registry.npmjs.org/@babel/generator/-/generator-7.29.1.tgz 8168ms (cache miss)
8120 http fetch GET 200 https://registry.npmjs.org/@supabase/phoenix/-/phoenix-0.4.2.tgz 8185ms (cache miss)
8121 http fetch GET 200 https://registry.npmjs.org/@supabase/supabase-js/-/supabase-js-2.105.4.tgz 8171ms (cache miss)
8122 http fetch GET 200 https://registry.npmjs.org/type-fest/-/type-fest-0.16.0.tgz 8124ms (cache miss)
8123 http fetch GET 200 https://registry.npmjs.org/expo-file-system/-/expo-file-system-18.0.12.tgz 8225ms (cache miss)
8124 http fetch GET 200 https://registry.npmjs.org/source-map/-/source-map-0.6.1.tgz 8161ms (cache miss)
8125 http fetch GET 200 https://registry.npmjs.org/@react-native/normalize-colors/-/normalize-colors-0.76.3.tgz 8141ms (cache miss)
8126 http fetch GET 200 https://registry.npmjs.org/xmlbuilder/-/xmlbuilder-15.1.1.tgz 8237ms (cache miss)
8127 http fetch GET 200 https://registry.npmjs.org/lru-cache/-/lru-cache-10.4.3.tgz 8221ms (cache miss)
8128 http fetch GET 200 https://registry.npmjs.org/@expo/metro-config/-/metro-config-0.19.12.tgz 8338ms (cache miss)
8129 http fetch GET 200 https://registry.npmjs.org/source-map/-/source-map-0.6.1.tgz 8245ms (cache miss)
8130 http fetch GET 200 https://registry.npmjs.org/lru-cache/-/lru-cache-10.4.3.tgz 8271ms (cache miss)
8131 http fetch GET 200 https://registry.npmjs.org/semver/-/semver-7.8.0.tgz 8288ms (cache miss)
8132 http fetch GET 200 https://registry.npmjs.org/promise/-/promise-8.3.0.tgz 8265ms (cache miss)
8133 http fetch GET 200 https://registry.npmjs.org/xmlbuilder/-/xmlbuilder-11.0.1.tgz 8301ms (cache miss)
8134 http fetch GET 200 https://registry.npmjs.org/lru-cache/-/lru-cache-10.4.3.tgz 8299ms (cache miss)
8135 http fetch GET 200 https://registry.npmjs.org/semver/-/semver-7.8.0.tgz 8323ms (cache miss)
8136 http fetch GET 200 https://registry.npmjs.org/@babel/traverse/-/traverse-7.29.0.tgz 8402ms (cache miss)
8137 http fetch GET 200 https://registry.npmjs.org/expo-modules-autolinking/-/expo-modules-autolinking-2.0.8.tgz 8460ms (cache miss)
8138 http fetch GET 200 https://registry.npmjs.org/fs-extra/-/fs-extra-9.1.0.tgz 8358ms (cache miss)
8139 http fetch GET 200 https://registry.npmjs.org/semver/-/semver-7.8.0.tgz 8365ms (cache miss)
8140 http fetch GET 200 https://registry.npmjs.org/semver/-/semver-7.8.0.tgz 8363ms (cache miss)
8141 http fetch GET 200 https://registry.npmjs.org/fs-extra/-/fs-extra-9.0.0.tgz 8363ms (cache miss)
8142 http fetch GET 200 https://registry.npmjs.org/fs-extra/-/fs-extra-9.1.0.tgz 8362ms (cache miss)
8143 http fetch GET 200 https://registry.npmjs.org/semver/-/semver-7.8.0.tgz 8367ms (cache miss)
8144 http fetch GET 200 https://registry.npmjs.org/fs-extra/-/fs-extra-9.1.0.tgz 8365ms (cache miss)
8145 http fetch GET 200 https://registry.npmjs.org/js-yaml/-/js-yaml-3.14.2.tgz 8437ms (cache miss)
8146 http fetch GET 200 https://registry.npmjs.org/semver/-/semver-7.6.3.tgz 8371ms (cache miss)
8147 http fetch GET 200 https://registry.npmjs.org/semver/-/semver-7.8.0.tgz 8375ms (cache miss)
8148 http fetch GET 200 https://registry.npmjs.org/semver/-/semver-7.8.0.tgz 8374ms (cache miss)
8149 http fetch GET 200 https://registry.npmjs.org/semver/-/semver-7.8.0.tgz 8372ms (cache miss)
8150 http fetch GET 200 https://registry.npmjs.org/semver/-/semver-7.8.0.tgz 8375ms (cache miss)
8151 http fetch GET 200 https://registry.npmjs.org/semver/-/semver-7.8.0.tgz 8380ms (cache miss)
8152 http fetch GET 200 https://registry.npmjs.org/js-yaml/-/js-yaml-3.14.2.tgz 8451ms (cache miss)
8153 http fetch GET 200 https://registry.npmjs.org/expo-secure-store/-/expo-secure-store-14.0.1.tgz 8476ms (cache miss)
8154 http fetch GET 200 https://registry.npmjs.org/expo-linking/-/expo-linking-7.0.5.tgz 8475ms (cache miss)
8155 http fetch GET 200 https://registry.npmjs.org/uuid/-/uuid-7.0.3.tgz 8443ms (cache miss)
8156 warn deprecated uuid@7.0.3: uuid@10 and below is no longer supported.  For ESM codebases, update to uuid@latest.  For CommonJS codebases, use uuid@11 (but be aware this version will likely be deprecated in 2028).
8157 http fetch GET 200 https://registry.npmjs.org/expo-font/-/expo-font-13.0.4.tgz 8525ms (cache miss)
8158 http fetch GET 200 https://registry.npmjs.org/hermes-parser/-/hermes-parser-0.25.1.tgz 8517ms (cache miss)
8159 http fetch GET 200 https://registry.npmjs.org/hermes-parser/-/hermes-parser-0.25.1.tgz 8536ms (cache miss)
8160 http fetch GET 200 https://registry.npmjs.org/react-dom/-/react-dom-18.3.1.tgz 8576ms (cache miss)
8161 http fetch GET 200 https://registry.npmjs.org/@react-native/dev-middleware/-/dev-middleware-0.76.3.tgz 8547ms (cache miss)
8162 http fetch GET 200 https://registry.npmjs.org/@expo/prebuild-config/-/prebuild-config-8.2.0.tgz 8644ms (cache miss)
8163 http fetch GET 200 https://registry.npmjs.org/hermes-parser/-/hermes-parser-0.25.1.tgz 8548ms (cache miss)
8164 http fetch GET 200 https://registry.npmjs.org/minimatch/-/minimatch-9.0.9.tgz 8565ms (cache miss)
8165 http fetch GET 200 https://registry.npmjs.org/expo-image-picker/-/expo-image-picker-16.0.6.tgz 8678ms (cache miss)
8166 http fetch GET 200 https://registry.npmjs.org/resolve/-/resolve-1.7.1.tgz 8658ms (cache miss)
8167 http fetch GET 200 https://registry.npmjs.org/@babel/runtime/-/runtime-7.29.2.tgz 8841ms (cache miss)
8168 http fetch GET 200 https://registry.npmjs.org/@supabase/realtime-js/-/realtime-js-2.105.4.tgz 9009ms (cache miss)
8169 http fetch GET 200 https://registry.npmjs.org/expo-camera/-/expo-camera-16.0.18.tgz 9025ms (cache miss)
8170 http fetch GET 200 https://registry.npmjs.org/@react-native-async-storage/async-storage/-/async-storage-1.23.1.tgz 9025ms (cache miss)
8171 http fetch GET 200 https://registry.npmjs.org/@babel/core/-/core-7.29.0.tgz 9064ms (cache miss)
8172 http fetch GET 200 https://registry.npmjs.org/@expo/config-plugins/-/config-plugins-9.0.17.tgz 9343ms (cache miss)
8173 http fetch GET 200 https://registry.npmjs.org/@babel/types/-/types-7.29.0.tgz 9370ms (cache miss)
8174 http fetch GET 200 https://registry.npmjs.org/@babel/helpers/-/helpers-7.29.2.tgz 9562ms (cache miss)
8175 http fetch GET 200 https://registry.npmjs.org/@supabase/auth-js/-/auth-js-2.105.4.tgz 9635ms (cache miss)
8176 http fetch GET 200 https://registry.npmjs.org/react-native-safe-area-context/-/react-native-safe-area-context-4.12.0.tgz 9630ms (cache miss)
8177 http fetch GET 200 https://registry.npmjs.org/@expo/vector-icons/-/vector-icons-14.1.0.tgz 9818ms (cache miss)
8178 http fetch GET 200 https://registry.npmjs.org/expo/-/expo-52.0.49.tgz 9854ms (cache miss)
8179 http fetch GET 200 https://registry.npmjs.org/@expo/vector-icons/-/vector-icons-14.0.4.tgz 9794ms (cache miss)
8180 http fetch GET 200 https://registry.npmjs.org/@react-native/codegen/-/codegen-0.76.3.tgz 9888ms (cache miss)
8181 http fetch GET 200 https://registry.npmjs.org/@react-native/codegen/-/codegen-0.76.3.tgz 9835ms (cache miss)
8182 http fetch GET 200 https://registry.npmjs.org/typescript/-/typescript-5.9.3.tgz 10086ms (cache miss)
8183 http fetch GET 200 https://registry.npmjs.org/expo-router/-/expo-router-4.0.22.tgz 10523ms (cache miss)
8184 http fetch GET 200 https://registry.npmjs.org/expo-notifications/-/expo-notifications-0.29.14.tgz 10772ms (cache miss)
8185 http fetch GET 200 https://registry.npmjs.org/caniuse-lite/-/caniuse-lite-1.0.30001792.tgz 11018ms (cache miss)
8186 http fetch GET 200 https://registry.npmjs.org/react-native-screens/-/react-native-screens-4.1.0.tgz 11887ms (cache miss)
8187 http fetch GET 200 https://registry.npmjs.org/@react-native/debugger-frontend/-/debugger-frontend-0.76.9.tgz 12182ms (cache miss)
8188 http fetch GET 200 https://registry.npmjs.org/expo-modules-core/-/expo-modules-core-2.2.3.tgz 12142ms (cache miss)
8189 http fetch GET 200 https://registry.npmjs.org/react-native-web/-/react-native-web-0.19.13.tgz 12237ms (cache miss)
8190 http fetch GET 200 https://registry.npmjs.org/react-native-gesture-handler/-/react-native-gesture-handler-2.20.2.tgz 12466ms (cache miss)
8191 http fetch GET 200 https://registry.npmjs.org/@react-native/debugger-frontend/-/debugger-frontend-0.76.3.tgz 12466ms (cache miss)
8192 http fetch GET 200 https://registry.npmjs.org/@expo/cli/-/cli-0.22.28.tgz 12703ms (cache miss)
8193 http fetch GET 200 https://registry.npmjs.org/react-native-reanimated/-/react-native-reanimated-3.16.7.tgz 12692ms (cache miss)
8194 http fetch GET 200 https://registry.npmjs.org/react-native-svg/-/react-native-svg-15.8.0.tgz 12878ms (cache miss)
8195 http fetch GET 200 https://registry.npmjs.org/@expo-google-fonts/fraunces/-/fraunces-0.2.3.tgz 14282ms (cache miss)
8196 http fetch GET 200 https://registry.npmjs.org/react-native/-/react-native-0.76.3.tgz 14752ms (cache miss)
8197 info run fsevents@2.3.3 install node_modules/fsevents node-gyp rebuild
8198 info run fsevents@2.3.3 install { code: 1, signal: null }
8199 verbose reify failed optional dependency /Users/mac/Downloads/coach-sammy/coachsammy-app/node_modules/fsevents
8200 silly reify mark deleted [
8200 silly reify   '/Users/mac/Downloads/coach-sammy/coachsammy-app/node_modules/fsevents'
8200 silly reify ]
8201 silly ADD node_modules/nice-try
8202 silly ADD node_modules/define-lazy-prop
8203 silly ADD node_modules/async-limiter
8204 silly ADD node_modules/strip-final-newline
8205 silly ADD node_modules/human-signals
8206 silly ADD node_modules/path-is-absolute
8207 silly ADD node_modules/inflight
8208 silly ADD node_modules/fs.realpath
8209 silly ADD node_modules/p-try
8210 silly ADD node_modules/sprintf-js
8211 silly ADD node_modules/at-least-node
8212 silly ADD node_modules/@babel/highlight
8213 silly ADD node_modules/@babel/highlight/node_modules/has-flag
8214 silly ADD node_modules/@babel/highlight/node_modules/color-name
8215 silly ADD node_modules/@babel/highlight/node_modules/color-convert
8216 silly ADD node_modules/@babel/highlight/node_modules/supports-color
8217 silly ADD node_modules/@babel/highlight/node_modules/escape-string-regexp
8218 silly ADD node_modules/@babel/highlight/node_modules/ansi-styles
8219 silly ADD node_modules/@babel/highlight/node_modules/chalk
8220 silly ADD node_modules/yargs-parser
8221 silly ADD node_modules/y18n
8222 silly ADD node_modules/require-directory
8223 silly ADD node_modules/get-caller-file
8224 silly ADD node_modules/cliui
8225 silly ADD node_modules/cliui/node_modules/emoji-regex
8226 silly ADD node_modules/cliui/node_modules/strip-ansi
8227 silly ADD node_modules/cliui/node_modules/string-width
8228 silly ADD node_modules/sax
8229 silly ADD node_modules/plist
8230 silly ADD node_modules/plist/node_modules/xmlbuilder
8231 silly ADD node_modules/plist/node_modules/@xmldom/xmldom
8232 silly ADD node_modules/simple-plist
8233 silly ADD node_modules/simple-plist/node_modules/bplist-parser
8234 silly ADD node_modules/simple-plist/node_modules/bplist-creator
8235 silly ADD node_modules/is-callable
8236 silly ADD node_modules/possible-typed-array-names
8237 silly ADD node_modules/for-each
8238 silly ADD node_modules/available-typed-arrays
8239 silly ADD node_modules/isexe
8240 silly ADD node_modules/ieee754
8241 silly ADD node_modules/punycode
8242 silly ADD node_modules/buffer
8243 silly ADD node_modules/webidl-conversions
8244 silly ADD node_modules/tr46
8245 silly ADD node_modules/clone
8246 silly ADD node_modules/defaults
8247 silly ADD node_modules/tmpl
8248 silly ADD node_modules/makeerror
8249 silly ADD node_modules/is-regex
8250 silly ADD node_modules/safe-regex-test
8251 silly ADD node_modules/generator-function
8252 silly ADD node_modules/which-typed-array
8253 silly ADD node_modules/is-typed-array
8254 silly ADD node_modules/is-generator-function
8255 silly ADD node_modules/is-arguments
8256 silly ADD node_modules/escalade
8257 silly ADD node_modules/crypto-random-string
8258 silly ADD node_modules/imurmurhash
8259 silly ADD node_modules/unique-slug
8260 silly ADD node_modules/unicode-property-aliases-ecmascript
8261 silly ADD node_modules/unicode-canonical-property-names-ecmascript
8262 silly ADD node_modules/is-number
8263 silly ADD node_modules/thenify
8264 silly ADD node_modules/acorn
8265 silly ADD node_modules/@jridgewell/source-map
8266 silly ADD node_modules/supports-hyperlinks
8267 silly ADD node_modules/ansi-escapes
8268 silly ADD node_modules/ansi-escapes/node_modules/type-fest
8269 silly ADD node_modules/path-type
8270 silly ADD node_modules/ignore
8271 silly ADD node_modules/dir-glob
8272 silly ADD node_modules/array-union
8273 silly ADD node_modules/is-path-inside
8274 silly ADD node_modules/is-path-cwd
8275 silly ADD node_modules/globby
8276 silly ADD node_modules/del
8277 silly ADD node_modules/minizlib
8278 silly ADD node_modules/minizlib/node_modules/yallist
8279 silly ADD node_modules/minizlib/node_modules/minipass
8280 silly ADD node_modules/chownr
8281 silly ADD node_modules/has-flag
8282 silly ADD node_modules/thenify-all
8283 silly ADD node_modules/any-promise
8284 silly ADD node_modules/ts-interface-checker
8285 silly ADD node_modules/mz
8286 silly ADD node_modules/lines-and-columns
8287 silly ADD node_modules/is-fullwidth-code-point
8288 silly ADD node_modules/emoji-regex
8289 silly ADD node_modules/eastasianwidth
8290 silly ADD node_modules/type-fest
8291 silly ADD node_modules/buffer-from
8292 silly ADD node_modules/shebang-regex
8293 silly ADD node_modules/toidentifier
8294 silly ADD node_modules/setprototypeof
8295 silly ADD node_modules/range-parser
8296 silly ADD node_modules/mime
8297 silly ADD node_modules/http-errors
8298 silly ADD node_modules/http-errors/node_modules/statuses
8299 silly ADD node_modules/fresh
8300 silly ADD node_modules/etag
8301 silly ADD node_modules/destroy
8302 silly ADD node_modules/depd
8303 silly ADD node_modules/@types/node-forge
8304 silly ADD node_modules/json-schema-traverse
8305 silly ADD node_modules/fast-uri
8306 silly ADD node_modules/ajv-keywords
8307 silly ADD node_modules/ajv-formats
8308 silly ADD node_modules/ajv
8309 silly ADD node_modules/@types/json-schema
8310 silly ADD node_modules/queue-microtask
8311 silly ADD node_modules/mimic-fn
8312 silly ADD node_modules/onetime
8313 silly ADD node_modules/supports-preserve-symlinks-flag
8314 silly ADD node_modules/path-parse
8315 silly ADD node_modules/is-core-module
8316 silly ADD node_modules/strip-json-comments
8317 silly ADD node_modules/ini
8318 silly ADD node_modules/deep-extend
8319 silly ADD node_modules/rc
8320 silly ADD node_modules/nested-error-stacks
8321 silly ADD node_modules/unicode-match-property-value-ecmascript
8322 silly ADD node_modules/unicode-match-property-ecmascript
8323 silly ADD node_modules/regjsparser
8324 silly ADD node_modules/regjsgen
8325 silly ADD node_modules/regenerate-unicode-properties
8326 silly ADD node_modules/regenerate
8327 silly ADD node_modules/esprima
8328 silly ADD node_modules/ast-types
8329 silly ADD node_modules/hyphenate-style-name
8330 silly ADD node_modules/fast-loops
8331 silly ADD node_modules/css-in-js-utils
8332 silly ADD node_modules/styleq
8333 silly ADD node_modules/postcss-value-parser
8334 silly ADD node_modules/inline-style-prefixer
8335 silly ADD node_modules/entities
8336 silly ADD node_modules/dom-serializer
8337 silly ADD node_modules/domelementtype
8338 silly ADD node_modules/mdn-data
8339 silly ADD node_modules/nth-check
8340 silly ADD node_modules/domutils
8341 silly ADD node_modules/domhandler
8342 silly ADD node_modules/css-what
8343 silly ADD node_modules/boolbase
8344 silly ADD node_modules/css-tree
8345 silly ADD node_modules/css-tree/node_modules/source-map
8346 silly ADD node_modules/css-select
8347 silly ADD node_modules/react-freeze
8348 silly ADD node_modules/@types/hammerjs
8349 silly ADD node_modules/hoist-non-react-statics
8350 silly ADD node_modules/hoist-non-react-statics/node_modules/react-is
8351 silly ADD node_modules/@egjs/hammerjs
8352 silly ADD node_modules/shell-quote
8353 silly ADD node_modules/inherits
8354 silly ADD node_modules/is-arrayish
8355 silly ADD node_modules/json-parse-better-errors
8356 silly ADD node_modules/error-ex
8357 silly ADD node_modules/terser
8358 silly ADD node_modules/terser/node_modules/commander
8359 silly ADD node_modules/metro-minify-terser
8360 silly ADD node_modules/vlq
8361 silly ADD node_modules/ob1
8362 silly ADD node_modules/@babel/traverse--for-generate-function-map
8363 silly ADD node_modules/leven
8364 silly ADD node_modules/jest-get-type
8365 silly ADD node_modules/callsites
8366 silly ADD node_modules/caller-callsite
8367 silly ADD node_modules/caller-path
8368 silly ADD node_modules/parse-json
8369 silly ADD node_modules/is-directory
8370 silly ADD node_modules/import-fresh
8371 silly ADD node_modules/import-fresh/node_modules/resolve-from
8372 silly ADD node_modules/jest-validate
8373 silly ADD node_modules/jest-validate/node_modules/camelcase
8374 silly ADD node_modules/cosmiconfig
8375 silly ADD node_modules/cosmiconfig/node_modules/argparse
8376 silly ADD node_modules/cosmiconfig/node_modules/js-yaml
8377 silly ADD node_modules/exponential-backoff
8378 silly ADD node_modules/queue
8379 silly ADD node_modules/stackframe
8380 silly ADD node_modules/throat
8381 silly ADD node_modules/source-map
8382 silly ADD node_modules/serialize-error
8383 silly ADD node_modules/metro-transform-worker
8384 silly ADD node_modules/metro-transform-plugins
8385 silly ADD node_modules/metro-symbolicate
8386 silly ADD node_modules/metro-resolver
8387 silly ADD node_modules/metro-file-map
8388 silly ADD node_modules/metro-file-map/node_modules/ms
8389 silly ADD node_modules/metro-file-map/node_modules/debug
8390 silly ADD node_modules/metro-cache-key
8391 silly ADD node_modules/metro-cache
8392 silly ADD node_modules/metro-babel-transformer
8393 silly ADD node_modules/metro-babel-transformer/node_modules/hermes-estree
8394 silly ADD node_modules/metro-babel-transformer/node_modules/hermes-parser
8395 silly ADD node_modules/lodash.throttle
8396 silly ADD node_modules/image-size
8397 silly ADD node_modules/error-stack-parser
8398 silly ADD node_modules/merge-stream
8399 silly ADD node_modules/stack-utils
8400 silly ADD node_modules/stack-utils/node_modules/escape-string-regexp
8401 silly ADD node_modules/@types/stack-utils
8402 silly ADD node_modules/node-int64
8403 silly ADD node_modules/bser
8404 silly ADD node_modules/normalize-path
8405 silly ADD node_modules/walker
8406 silly ADD node_modules/jest-worker
8407 silly ADD node_modules/jest-worker/node_modules/supports-color
8408 silly ADD
8409 silly ADD node_modules/fb-watchman
8410 silly ADD node_modules/anymatch
8411 silly ADD node_modules/anymatch/node_modules/picomatch
8412 silly ADD node_modules/@types/graceful-fs
8413 silly ADD node_modules/type-detect
8414 silly ADD node_modules/@sinonjs/commons
8415 silly ADD node_modules/jest-message-util
8416 silly ADD node_modules/@sinonjs/fake-timers
8417 silly ADD node_modules/jest-mock
8418 silly ADD node_modules/@jest/fake-timers
8419 silly ADD node_modules/@jest/environment
8420 silly ADD node_modules/istanbul-lib-coverage
8421 silly ADD node_modules/@babel/plugin-syntax-top-level-await
8422 silly ADD node_modules/@babel/plugin-syntax-private-property-in-object
8423 silly ADD node_modules/@babel/plugin-syntax-optional-catch-binding
8424 silly ADD node_modules/@babel/plugin-syntax-object-rest-spread
8425 silly ADD node_modules/@babel/plugin-syntax-numeric-separator
8426 silly ADD node_modules/@babel/plugin-syntax-logical-assignment-operators
8427 silly ADD node_modules/@babel/plugin-syntax-json-strings
8428 silly ADD node_modules/@babel/plugin-syntax-import-meta
8429 silly ADD node_modules/@babel/plugin-syntax-class-static-block
8430 silly ADD node_modules/@babel/plugin-syntax-class-properties
8431 silly ADD node_modules/@babel/plugin-syntax-bigint
8432 silly ADD node_modules/@babel/plugin-syntax-async-generators
8433 silly ADD node_modules/babel-preset-current-node-syntax
8434 silly ADD node_modules/babel-plugin-jest-hoist
8435 silly ADD node_modules/get-package-type
8436 silly ADD node_modules/camelcase
8437 silly ADD node_modules/test-exclude
8438 silly ADD node_modules/test-exclude/node_modules/glob
8439 silly ADD node_modules/istanbul-lib-instrument
8440 silly ADD node_modules/@istanbuljs/schema
8441 silly ADD node_modules/@istanbuljs/load-nyc-config
8442 silly ADD node_modules/@istanbuljs/load-nyc-config/node_modules/p-limit
8443 silly ADD node_modules/@istanbuljs/load-nyc-config/node_modules/p-locate
8444 silly ADD node_modules/@istanbuljs/load-nyc-config/node_modules/argparse
8445 silly ADD node_modules/@istanbuljs/load-nyc-config/node_modules/locate-path
8446 silly ADD node_modules/@istanbuljs/load-nyc-config/node_modules/js-yaml
8447 silly ADD node_modules/@istanbuljs/load-nyc-config/node_modules/find-up
8448 silly ADD node_modules/@types/babel__traverse
8449 silly ADD node_modules/@types/babel__template
8450 silly ADD node_modules/@types/babel__generator
8451 silly ADD node_modules/jest-util
8452 silly ADD node_modules/jest-util/node_modules/picomatch
8453 silly ADD node_modules/jest-regex-util
8454 silly ADD node_modules/jest-haste-map
8455 silly ADD node_modules/fast-json-stable-stringify
8456 silly ADD node_modules/babel-preset-jest
8457 silly ADD node_modules/babel-plugin-istanbul
8458 silly ADD node_modules/@types/babel__core
8459 silly ADD node_modules/@jest/transform
8460 silly ADD node_modules/@jest/transform/node_modules/signal-exit
8461 silly ADD node_modules/@jest/transform/node_modules/write-file-atomic
8462 silly ADD node_modules/@types/yargs-parser
8463 silly ADD node_modules/@types/istanbul-lib-report
8464 silly ADD node_modules/readline
8465 silly ADD node_modules/metro-core
8466 silly ADD node_modules/metro-config
8467 silly ADD node_modules/metro
8468 silly ADD node_modules/metro/node_modules/hermes-estree
8469 silly ADD node_modules/metro/node_modules/ms
8470 silly ADD node_modules/metro/node_modules/ws
8471 silly ADD node_modules/metro/node_modules/hermes-parser
8472 silly ADD node_modules/metro/node_modules/debug
8473 silly ADD node_modules/metro/node_modules/ci-info
8474 silly ADD node_modules/@react-native/metro-babel-transformer
8475 silly ADD node_modules/@react-native/metro-babel-transformer/node_modules/glob
8476 silly ADD node_modules/@react-native/metro-babel-transformer/node_modules/@react-native/codegen
8477 silly ADD node_modules/@react-native/metro-babel-transformer/node_modules/@react-native/babel-plugin-codegen
8478 silly ADD node_modules/@react-native/metro-babel-transformer/node_modules/@react-native/babel-preset
8479 silly ADD node_modules/@types/yargs
8480 silly ADD node_modules/@types/istanbul-reports
8481 silly ADD node_modules/@types/istanbul-lib-coverage
8482 silly ADD node_modules/@jest/types
8483 silly ADD node_modules/whatwg-fetch
8484 silly ADD node_modules/regenerator-runtime
8485 silly ADD node_modules/react-devtools-core
8486 silly ADD node_modules/react-devtools-core/node_modules/ws
8487 silly ADD node_modules/metro-source-map
8488 silly ADD node_modules/metro-runtime
8489 silly ADD node_modules/memoize-one
8490 silly ADD node_modules/jsc-android
8491 silly ADD node_modules/jest-environment-node
8492 silly ADD node_modules/flow-enums-runtime
8493 silly ADD node_modules/babel-jest
8494 silly ADD node_modules/ansi-regex
8495 silly ADD node_modules/anser
8496 silly ADD node_modules/@react-native/virtualized-lists
8497 silly ADD node_modules/@react-native/js-polyfills
8498 silly ADD node_modules/@react-native/gradle-plugin
8499 silly ADD node_modules/@react-native/community-cli-plugin
8500 silly ADD node_modules/@react-native/community-cli-plugin/node_modules/mimic-fn
8501 silly ADD node_modules/@react-native/community-cli-plugin/node_modules/signal-exit
8502 silly ADD node_modules/@react-native/community-cli-plugin/node_modules/onetime
8503 silly ADD node_modules/@react-native/community-cli-plugin/node_modules/npm-run-path
8504 silly ADD node_modules/@react-native/community-cli-plugin/node_modules/is-stream
8505 silly ADD node_modules/@react-native/community-cli-plugin/node_modules/get-stream
8506 silly ADD node_modules/@react-native/community-cli-plugin/node_modules/ms
8507 silly ADD node_modules/@react-native/community-cli-plugin/node_modules/ws
8508 silly ADD node_modules/@react-native/community-cli-plugin/node_modules/debug
8509 silly ADD node_modules/@react-native/community-cli-plugin/node_modules/@react-native/debugger-frontend
8510 silly ADD node_modules/@react-native/community-cli-plugin/node_modules/semver
8511 silly ADD node_modules/@react-native/community-cli-plugin/node_modules/execa
8512 silly ADD node_modules/@react-native/community-cli-plugin/node_modules/@react-native/dev-middleware
8513 silly ADD node_modules/@react-native/assets-registry
8514 silly ADD node_modules/@jest/create-cache-key-function
8515 silly ADD node_modules/shallowequal
8516 silly ADD node_modules/react-fast-compare
8517 silly ADD node_modules/prop-types
8518 silly ADD node_modules/prop-types/node_modules/react-is
8519 silly ADD node_modules/scheduler
8520 silly ADD node_modules/strict-uri-encode
8521 silly ADD node_modules/split-on-first
8522 silly ADD node_modules/filter-obj
8523 silly ADD node_modules/decode-uri-component
8524 silly ADD node_modules/wrappy
8525 silly ADD node_modules/once
8526 silly ADD node_modules/end-of-stream
8527 silly ADD node_modules/sisteransi
8528 silly ADD node_modules/kleur
8529 silly ADD node_modules/asap
8530 silly ADD node_modules/@sinclair/typebox
8531 silly ADD node_modules/@jest/schemas
8532 silly ADD node_modules/source-map-js
8533 silly ADD node_modules/pngjs
8534 silly ADD node_modules/indent-string
8535 silly ADD node_modules/clean-stack
8536 silly ADD node_modules/aggregate-error
8537 silly ADD node_modules/yocto-queue
8538 silly ADD node_modules/restore-cursor
8539 silly ADD node_modules/restore-cursor/node_modules/signal-exit
8540 silly ADD node_modules/wcwidth
8541 silly ADD node_modules/log-symbols
8542 silly ADD node_modules/log-symbols/node_modules/has-flag
8543 silly ADD node_modules/log-symbols/node_modules/color-name
8544 silly ADD node_modules/log-symbols/node_modules/color-convert
8545 silly ADD node_modules/log-symbols/node_modules/supports-color
8546 silly ADD node_modules/log-symbols/node_modules/escape-string-regexp
8547 silly ADD node_modules/log-symbols/node_modules/ansi-styles
8548 silly ADD node_modules/log-symbols/node_modules/chalk
8549 silly ADD node_modules/cli-spinners
8550 silly ADD node_modules/cli-cursor
8551 silly ADD node_modules/ee-first
8552 silly ADD node_modules/call-bound
8553 silly ADD node_modules/validate-npm-package-name
8554 silly ADD node_modules/proc-log
8555 silly ADD node_modules/hosted-git-info
8556 silly ADD node_modules/hosted-git-info/node_modules/lru-cache
8557 silly ADD node_modules/whatwg-url
8558 silly ADD node_modules/minimist
8559 silly ADD node_modules/concat-map
8560 silly ADD node_modules/balanced-match
8561 silly ADD node_modules/brace-expansion
8562 silly ADD node_modules/to-regex-range
8563 silly ADD node_modules/fill-range
8564 silly ADD node_modules/braces
8565 silly ADD node_modules/is-plain-obj
8566 silly ADD node_modules/buffer-fill
8567 silly ADD node_modules/buffer-alloc-unsafe
8568 silly ADD node_modules/buffer-alloc
8569 silly ADD node_modules/is-buffer
8570 silly ADD node_modules/crypt
8571 silly ADD node_modules/charenc
8572 silly ADD node_modules/pify
8573 silly ADD node_modules/yallist
8574 silly ADD node_modules/p-locate
8575 silly ADD node_modules/lightningcss-darwin-x64
8576 silly ADD node_modules/detect-libc
8577 silly ADD node_modules/marky
8578 silly ADD node_modules/isobject
8579 silly ADD node_modules/pkg-dir
8580 silly ADD node_modules/pkg-dir/node_modules/p-limit
8581 silly ADD node_modules/pkg-dir/node_modules/path-exists
8582 silly ADD node_modules/pkg-dir/node_modules/p-locate
8583 silly ADD node_modules/pkg-dir/node_modules/locate-path
8584 silly ADD node_modules/pkg-dir/node_modules/find-up
8585 silly ADD node_modules/commondir
8586 silly ADD node_modules/shallow-clone
8587 silly ADD node_modules/kind-of
8588 silly ADD node_modules/is-plain-object
8589 silly ADD node_modules/pirates
8590 silly ADD node_modules/make-dir
8591 silly ADD node_modules/make-dir/node_modules/semver
8592 silly ADD node_modules/find-cache-dir
8593 silly ADD node_modules/clone-deep
8594 silly ADD node_modules/write-file-atomic
8595 silly ADD node_modules/write-file-atomic/node_modules/signal-exit
8596 silly ADD node_modules/temp
8597 silly ADD node_modules/temp/node_modules/glob
8598 silly ADD node_modules/temp/node_modules/rimraf
8599 silly ADD node_modules/recast
8600 silly ADD node_modules/recast/node_modules/source-map
8601 silly ADD node_modules/node-dir
8602 silly ADD node_modules/neo-async
8603 silly ADD node_modules/flow-parser
8604 silly ADD node_modules/babel-core
8605 silly ADD node_modules/@babel/register
8606 silly ADD node_modules/@babel/preset-flow
8607 silly ADD node_modules/@babel/plugin-proposal-optional-chaining
8608 silly ADD node_modules/@babel/plugin-proposal-nullish-coalescing-operator
8609 silly ADD node_modules/@babel/plugin-proposal-class-properties
8610 silly ADD node_modules/argparse
8611 silly ADD node_modules/wrap-ansi-cjs
8612 silly ADD node_modules/wrap-ansi-cjs/node_modules/emoji-regex
8613 silly ADD node_modules/wrap-ansi-cjs/node_modules/strip-ansi
8614 silly ADD node_modules/wrap-ansi-cjs/node_modules/string-width
8615 silly ADD node_modules/strip-ansi-cjs
8616 silly ADD node_modules/strip-ansi
8617 silly ADD node_modules/strip-ansi/node_modules/ansi-regex
8618 silly ADD node_modules/string-width-cjs
8619 silly ADD node_modules/string-width-cjs/node_modules/strip-ansi
8620 silly ADD node_modules/string-width-cjs/node_modules/emoji-regex
8621 silly ADD node_modules/string-width
8622 silly ADD node_modules/@pkgjs/parseargs
8623 silly ADD node_modules/@isaacs/cliui
8624 silly ADD node_modules/@isaacs/cliui/node_modules/ansi-styles
8625 silly ADD node_modules/@isaacs/cliui/node_modules/wrap-ansi
8626 silly ADD node_modules/object-keys
8627 silly ADD node_modules/has-property-descriptors
8628 silly ADD node_modules/define-data-property
8629 silly ADD node_modules/define-properties
8630 silly ADD node_modules/is-extglob
8631 silly ADD node_modules/pump
8632 silly ADD node_modules/strip-eof
8633 silly ADD node_modules/p-finally
8634 silly ADD node_modules/npm-run-path
8635 silly ADD node_modules/npm-run-path/node_modules/path-key
8636 silly ADD node_modules/is-stream
8637 silly ADD node_modules/get-stream
8638 silly ADD node_modules/ip-regex
8639 silly ADD node_modules/execa
8640 silly ADD node_modules/execa/node_modules/shebang-regex
8641 silly ADD node_modules/execa/node_modules/which
8642 silly ADD node_modules/execa/node_modules/shebang-command
8643 silly ADD node_modules/execa/node_modules/semver
8644 silly ADD node_modules/execa/node_modules/path-key
8645 silly ADD node_modules/execa/node_modules/signal-exit
8646 silly ADD node_modules/execa/node_modules/cross-spawn
8647 silly ADD node_modules/ipaddr.js
8648 silly ADD node_modules/default-gateway
8649 silly ADD node_modules/hermes-estree
8650 silly ADD node_modules/is-glob
8651 silly ADD node_modules/signal-exit
8652 silly ADD node_modules/path-scurry
8653 silly ADD node_modules/path-scurry/node_modules/lru-cache
8654 silly ADD node_modules/package-json-from-dist
8655 silly ADD node_modules/jackspeak
8656 silly ADD node_modules/foreground-child
8657 silly ADD node_modules/dunder-proto
8658 silly ADD node_modules/math-intrinsics
8659 silly ADD node_modules/has-symbols
8660 silly ADD node_modules/gopd
8661 silly ADD node_modules/get-proto
8662 silly ADD node_modules/es-object-atoms
8663 silly ADD node_modules/universalify
8664 silly ADD node_modules/jsonfile
8665 silly ADD node_modules/graceful-fs
8666 silly ADD node_modules/has-tostringtag
8667 silly ADD node_modules/delayed-stream
8668 silly ADD node_modules/hasown
8669 silly ADD node_modules/es-set-tostringtag
8670 silly ADD node_modules/combined-stream
8671 silly ADD node_modules/asynckit
8672 silly ADD node_modules/path-exists
8673 silly ADD node_modules/locate-path
8674 silly ADD node_modules/unpipe
8675 silly ADD node_modules/statuses
8676 silly ADD node_modules/on-finished
8677 silly ADD node_modules/escape-html
8678 silly ADD node_modules/encodeurl
8679 silly ADD node_modules/ua-parser-js
8680 silly ADD node_modules/setimmediate
8681 silly ADD node_modules/promise
8682 silly ADD node_modules/object-assign
8683 silly ADD node_modules/loose-envify
8684 silly ADD node_modules/fbjs-css-vars
8685 silly ADD node_modules/cross-fetch
8686 silly ADD node_modules/fbjs
8687 silly ADD node_modules/reusify
8688 silly ADD node_modules/run-parallel
8689 silly ADD node_modules/fastq
8690 silly ADD node_modules/@nodelib/fs.scandir
8691 silly ADD node_modules/micromatch
8692 silly ADD node_modules/micromatch/node_modules/picomatch
8693 silly ADD node_modules/merge2
8694 silly ADD node_modules/glob-parent
8695 silly ADD node_modules/@nodelib/fs.walk
8696 silly ADD node_modules/@nodelib/fs.stat
8697 silly ADD node_modules/simple-swizzle
8698 silly ADD node_modules/simple-swizzle/node_modules/is-arrayish
8699 silly ADD node_modules/color-string
8700 silly ADD node_modules/warn-once
8701 silly ADD node_modules/react-is
8702 silly ADD node_modules/query-string
8703 silly ADD node_modules/@react-navigation/routers
8704 silly ADD node_modules/nanoid
8705 silly ADD node_modules/fast-deep-equal
8706 silly ADD node_modules/@react-navigation/core
8707 silly ADD node_modules/use-sync-external-store
8708 silly ADD node_modules/use-latest-callback
8709 silly ADD node_modules/sf-symbols-typescript
8710 silly ADD node_modules/color
8711 silly ADD node_modules/@react-navigation/elements
8712 silly ADD node_modules/@radix-ui/react-compose-refs
8713 silly ADD node_modules/server-only
8714 silly ADD node_modules/schema-utils
8715 silly ADD node_modules/react-native-is-edge-to-edge
8716 silly ADD node_modules/react-native-helmet-async
8717 silly ADD node_modules/react-helmet-async
8718 silly ADD node_modules/client-only
8719 silly ADD node_modules/@react-navigation/native-stack
8720 silly ADD node_modules/@react-navigation/native
8721 silly ADD node_modules/@react-navigation/bottom-tabs
8722 silly ADD node_modules/@radix-ui/react-slot
8723 silly ADD node_modules/@expo/server
8724 silly ADD node_modules/@expo/metro-runtime
8725 silly ADD node_modules/function-bind
8726 silly ADD node_modules/es-errors
8727 silly ADD node_modules/set-function-length
8728 silly ADD node_modules/get-intrinsic
8729 silly ADD node_modules/es-define-property
8730 silly ADD node_modules/call-bind-apply-helpers
8731 silly ADD node_modules/util
8732 silly ADD node_modules/object.assign
8733 silly ADD node_modules/object-is
8734 silly ADD node_modules/is-nan
8735 silly ADD node_modules/call-bind
8736 silly ADD node_modules/event-target-shim
8737 silly ADD node_modules/expo-application
8738 silly ADD node_modules/badgin
8739 silly ADD node_modules/assert
8740 silly ADD node_modules/abort-controller
8741 silly ADD node_modules/@ide/backoff
8742 silly ADD node_modules/commander
8743 silly ADD node_modules/expo-image-loader
8744 silly ADD node_modules/fontfaceobserver
8745 silly ADD node_modules/md5-file
8746 silly ADD node_modules/which
8747 silly ADD node_modules/shebang-command
8748 silly ADD node_modules/path-key
8749 silly ADD node_modules/utils-merge
8750 silly ADD node_modules/parseurl
8751 silly ADD node_modules/finalhandler
8752 silly ADD node_modules/finalhandler/node_modules/ms
8753 silly ADD node_modules/finalhandler/node_modules/debug
8754 silly ADD node_modules/mime-db
8755 silly ADD node_modules/vary
8756 silly ADD node_modules/safe-buffer
8757 silly ADD node_modules/on-headers
8758 silly ADD node_modules/compressible
8759 silly ADD node_modules/bytes
8760 silly ADD node_modules/color-name
8761 silly ADD node_modules/rimraf
8762 silly ADD node_modules/rimraf/node_modules/glob
8763 silly ADD node_modules/undici-types
8764 silly ADD node_modules/lighthouse-logger
8765 silly ADD node_modules/lighthouse-logger/node_modules/ms
8766 silly ADD node_modules/lighthouse-logger/node_modules/debug
8767 silly ADD node_modules/escape-string-regexp
8768 silly ADD node_modules/@types/node
8769 silly ADD node_modules/color-convert
8770 silly ADD node_modules/supports-color
8771 silly ADD node_modules/ansi-styles
8772 silly ADD node_modules/unique-filename
8773 silly ADD node_modules/ssri
8774 silly ADD node_modules/p-map
8775 silly ADD node_modules/minipass-pipeline
8776 silly ADD node_modules/minipass-pipeline/node_modules/yallist
8777 silly ADD node_modules/minipass-pipeline/node_modules/minipass
8778 silly ADD node_modules/minipass-flush
8779 silly ADD node_modules/minipass-flush/node_modules/yallist
8780 silly ADD node_modules/minipass-flush/node_modules/minipass
8781 silly ADD node_modules/minipass-collect
8782 silly ADD node_modules/minipass
8783 silly ADD node_modules/fs-minipass
8784 silly ADD node_modules/@npmcli/fs
8785 silly ADD node_modules/@npmcli/fs/node_modules/semver
8786 silly ADD node_modules/big-integer
8787 silly ADD node_modules/stream-buffers
8788 silly ADD node_modules/@babel/helper-define-polyfill-provider
8789 silly ADD node_modules/yargs
8790 silly ADD node_modules/yargs/node_modules/strip-ansi
8791 silly ADD node_modules/yargs/node_modules/emoji-regex
8792 silly ADD node_modules/yargs/node_modules/string-width
8793 silly ADD node_modules/mkdirp
8794 silly ADD node_modules/jscodeshift
8795 silly ADD node_modules/hermes-parser
8796 silly ADD node_modules/esutils
8797 silly ADD node_modules/core-js-compat
8798 silly ADD node_modules/@babel/preset-modules
8799 silly ADD node_modules/@babel/plugin-transform-unicode-sets-regex
8800 silly ADD node_modules/@babel/plugin-transform-unicode-property-regex
8801 silly ADD node_modules/@babel/plugin-transform-unicode-escapes
8802 silly ADD node_modules/@babel/plugin-transform-typeof-symbol
8803 silly ADD node_modules/@babel/plugin-transform-template-literals
8804 silly ADD node_modules/@babel/plugin-transform-reserved-words
8805 silly ADD node_modules/@babel/plugin-transform-regexp-modifiers
8806 silly ADD node_modules/@babel/plugin-transform-property-literals
8807 silly ADD node_modules/@babel/plugin-transform-object-super
8808 silly ADD node_modules/@babel/plugin-transform-new-target
8809 silly ADD node_modules/@babel/plugin-transform-modules-umd
8810 silly ADD node_modules/@babel/plugin-transform-modules-systemjs
8811 silly ADD node_modules/@babel/plugin-transform-modules-amd
8812 silly ADD node_modules/@babel/plugin-transform-member-expression-literals
8813 silly ADD node_modules/@babel/plugin-transform-json-strings
8814 silly ADD node_modules/@babel/plugin-transform-exponentiation-operator
8815 silly ADD node_modules/@babel/plugin-transform-explicit-resource-management
8816 silly ADD node_modules/@babel/plugin-transform-dynamic-import
8817 silly ADD node_modules/@babel/plugin-transform-duplicate-named-capturing-groups-regex
8818 silly ADD node_modules/@babel/plugin-transform-duplicate-keys
8819 silly ADD node_modules/@babel/plugin-transform-dotall-regex
8820 silly ADD node_modules/@babel/plugin-transform-class-static-block
8821 silly ADD node_modules/@babel/plugin-transform-block-scoped-functions
8822 silly ADD node_modules/@babel/plugin-syntax-unicode-sets-regex
8823 silly ADD node_modules/@babel/plugin-syntax-import-attributes
8824 silly ADD node_modules/@babel/plugin-syntax-import-assertions
8825 silly ADD node_modules/@babel/plugin-proposal-private-property-in-object
8826 silly ADD node_modules/@babel/plugin-bugfix-v8-static-class-fields-redefine-readonly
8827 silly ADD node_modules/@babel/plugin-bugfix-v8-spread-parameters-in-optional-chaining
8828 silly ADD node_modules/@babel/plugin-bugfix-safari-rest-destructuring-rhs-array
8829 silly ADD node_modules/@babel/plugin-bugfix-safari-id-destructuring-collision-in-function-expression
8830 silly ADD node_modules/@babel/plugin-bugfix-safari-class-field-initializer-scope
8831 silly ADD node_modules/@babel/plugin-bugfix-firefox-class-in-computed-class-key
8832 silly ADD node_modules/@babel/preset-env
8833 silly ADD node_modules/@babel/preset-env/node_modules/babel-plugin-polyfill-corejs3
8834 silly ADD node_modules/@react-native/codegen
8835 silly ADD node_modules/@react-native/codegen/node_modules/glob
8836 silly ADD node_modules/babel-plugin-polyfill-regenerator
8837 silly ADD node_modules/babel-plugin-polyfill-corejs3
8838 silly ADD node_modules/babel-plugin-polyfill-corejs2
8839 silly ADD node_modules/regexpu-core
8840 silly ADD node_modules/@babel/helper-create-regexp-features-plugin
8841 silly ADD node_modules/@babel/plugin-syntax-flow
8842 silly ADD node_modules/@babel/helper-wrap-function
8843 silly ADD node_modules/@babel/helper-remap-async-to-generator
8844 silly ADD node_modules/babel-plugin-transform-flow-enums
8845 silly ADD node_modules/babel-plugin-syntax-hermes-parser
8846 silly ADD node_modules/babel-plugin-syntax-hermes-parser/node_modules/hermes-estree
8847 silly ADD node_modules/babel-plugin-syntax-hermes-parser/node_modules/hermes-parser
8848 silly ADD node_modules/@react-native/babel-plugin-codegen
8849 silly ADD node_modules/@babel/plugin-transform-unicode-regex
8850 silly ADD node_modules/@babel/plugin-transform-sticky-regex
8851 silly ADD node_modules/@babel/plugin-transform-spread
8852 silly ADD node_modules/@babel/plugin-transform-shorthand-properties
8853 silly ADD node_modules/@babel/plugin-transform-runtime
8854 silly ADD node_modules/@babel/plugin-transform-regenerator
8855 silly ADD node_modules/@babel/plugin-transform-react-jsx-source
8856 silly ADD node_modules/@babel/plugin-transform-react-jsx-self
8857 silly ADD node_modules/@babel/plugin-transform-private-property-in-object
8858 silly ADD node_modules/@babel/plugin-transform-private-methods
8859 silly ADD node_modules/@babel/plugin-transform-optional-chaining
8860 silly ADD node_modules/@babel/plugin-transform-optional-catch-binding
8861 silly ADD node_modules/@babel/plugin-transform-numeric-separator
8862 silly ADD node_modules/@babel/plugin-transform-nullish-coalescing-operator
8863 silly ADD node_modules/@babel/plugin-transform-named-capturing-groups-regex
8864 silly ADD node_modules/@babel/plugin-transform-logical-assignment-operators
8865 silly ADD node_modules/@babel/plugin-transform-literals
8866 silly ADD node_modules/@babel/plugin-transform-function-name
8867 silly ADD node_modules/@babel/plugin-transform-for-of
8868 silly ADD node_modules/@babel/plugin-transform-flow-strip-types
8869 silly ADD node_modules/@babel/plugin-transform-computed-properties
8870 silly ADD node_modules/@babel/plugin-transform-classes
8871 silly ADD node_modules/@babel/plugin-transform-class-properties
8872 silly ADD node_modules/@babel/plugin-transform-block-scoping
8873 silly ADD node_modules/@babel/plugin-transform-async-to-generator
8874 silly ADD node_modules/@babel/plugin-transform-async-generator-functions
8875 silly ADD node_modules/@babel/plugin-transform-arrow-functions
8876 silly ADD node_modules/@babel/plugin-syntax-optional-chaining
8877 silly ADD node_modules/@babel/plugin-syntax-nullish-coalescing-operator
8878 silly ADD node_modules/@babel/plugin-syntax-export-default-from
8879 silly ADD node_modules/@babel/plugin-syntax-dynamic-import
8880 silly ADD node_modules/@babel/plugin-proposal-export-default-from
8881 silly ADD node_modules/@babel/plugin-syntax-typescript
8882 silly ADD node_modules/@babel/plugin-transform-typescript
8883 silly ADD node_modules/@babel/plugin-transform-modules-commonjs
8884 silly ADD node_modules/@babel/plugin-syntax-jsx
8885 silly ADD node_modules/@babel/plugin-transform-react-pure-annotations
8886 silly ADD node_modules/@babel/plugin-transform-react-jsx-development
8887 silly ADD node_modules/@babel/plugin-transform-react-jsx
8888 silly ADD node_modules/@babel/plugin-transform-react-display-name
8889 silly ADD node_modules/@babel/plugin-transform-destructuring
8890 silly ADD node_modules/@babel/helper-skip-transparent-expression-wrappers
8891 silly ADD node_modules/@babel/helper-replace-supers
8892 silly ADD node_modules/@babel/helper-optimise-call-expression
8893 silly ADD node_modules/@babel/helper-member-expression-to-functions
8894 silly ADD node_modules/@babel/helper-annotate-as-pure
8895 silly ADD node_modules/@babel/plugin-syntax-decorators
8896 silly ADD node_modules/@babel/helper-plugin-utils
8897 silly ADD node_modules/@babel/helper-create-class-features-plugin
8898 silly ADD node_modules/react-refresh
8899 silly ADD node_modules/babel-plugin-react-native-web
8900 silly ADD node_modules/@react-native/babel-preset
8901 silly ADD node_modules/@babel/preset-typescript
8902 silly ADD node_modules/@babel/preset-react
8903 silly ADD node_modules/@babel/plugin-transform-parameters
8904 silly ADD node_modules/@babel/plugin-transform-object-rest-spread
8905 silly ADD node_modules/@babel/plugin-transform-export-namespace-from
8906 silly ADD node_modules/@babel/plugin-proposal-decorators
8907 silly ADD node_modules/negotiator
8908 silly ADD node_modules/mime-types
8909 silly ADD node_modules/mime-types/node_modules/mime-db
8910 silly ADD node_modules/wonka
8911 silly ADD node_modules/join-component
8912 silly ADD node_modules/component-type
8913 silly ADD node_modules/serve-static
8914 silly ADD node_modules/serve-static/node_modules/encodeurl
8915 silly ADD node_modules/selfsigned
8916 silly ADD node_modules/open
8917 silly ADD node_modules/nullthrows
8918 silly ADD node_modules/invariant
8919 silly ADD node_modules/chromium-edge-launcher
8920 silly ADD node_modules/chromium-edge-launcher/node_modules/mkdirp
8921 silly ADD node_modules/chrome-launcher
8922 silly ADD node_modules/@react-native/debugger-frontend
8923 silly ADD node_modules/@isaacs/ttlcache
8924 silly ADD node_modules/js-yaml
8925 silly ADD node_modules/cross-spawn
8926 silly ADD node_modules/uuid
8927 silly ADD node_modules/remove-trailing-slash
8928 silly ADD node_modules/node-fetch
8929 silly ADD node_modules/md5
8930 silly ADD node_modules/fetch-retry
8931 silly ADD node_modules/@segment/loosely-validate-event
8932 silly ADD node_modules/@expo/bunyan
8933 silly ADD node_modules/@react-native/normalize-colors
8934 silly ADD node_modules/xmlbuilder
8935 silly ADD node_modules/base64-js
8936 silly ADD node_modules/@xmldom/xmldom
8937 silly ADD node_modules/postcss
8938 silly ADD node_modules/lightningcss
8939 silly ADD node_modules/jsc-safe-url
8940 silly ADD node_modules/parse-png
8941 silly ADD node_modules/jimp-compact
8942 silly ADD node_modules/p-limit
8943 silly ADD node_modules/find-up
8944 silly ADD node_modules/dotenv-expand
8945 silly ADD node_modules/dotenv
8946 silly ADD node_modules/@expo/sudo-prompt
8947 silly ADD node_modules/xml2js
8948 silly ADD node_modules/xml2js/node_modules/xmlbuilder
8949 silly ADD node_modules/xcode
8950 silly ADD node_modules/xcode/node_modules/uuid
8951 silly ADD node_modules/slash
8952 silly ADD node_modules/@expo/sdk-runtime-versions
8953 silly ADD node_modules/sucrase
8954 silly ADD node_modules/sucrase/node_modules/commander
8955 silly ADD node_modules/resolve-workspace-root
8956 silly ADD node_modules/deepmerge
8957 silly ADD node_modules/@expo/config-types
8958 silly ADD node_modules/ws
8959 silly ADD node_modules/wrap-ansi
8960 silly ADD node_modules/wrap-ansi/node_modules/emoji-regex
8961 silly ADD node_modules/wrap-ansi/node_modules/strip-ansi
8962 silly ADD node_modules/wrap-ansi/node_modules/string-width
8963 silly ADD node_modules/unique-string
8964 silly ADD node_modules/undici
8965 silly ADD node_modules/terminal-link
8966 silly ADD node_modules/tempy
8967 silly ADD node_modules/tempy/node_modules/type-fest
8968 silly ADD node_modules/tempy/node_modules/is-stream
8969 silly ADD node_modules/temp-dir
8970 silly ADD node_modules/tar
8971 silly ADD node_modules/tar/node_modules/yallist
8972 silly ADD node_modules/tar/node_modules/mkdirp
8973 silly ADD node_modules/tar/node_modules/minipass
8974 silly ADD node_modules/tar/node_modules/fs-minipass
8975 silly ADD node_modules/tar/node_modules/fs-minipass/node_modules/minipass
8976 silly ADD node_modules/structured-headers
8977 silly ADD node_modules/stacktrace-parser
8978 silly ADD node_modules/source-map-support
8979 silly ADD node_modules/source-map-support/node_modules/source-map
8980 silly ADD node_modules/slugify
8981 silly ADD node_modules/send
8982 silly ADD node_modules/send/node_modules/statuses
8983 silly ADD node_modules/send/node_modules/on-finished
8984 silly ADD node_modules/send/node_modules/encodeurl
8985 silly ADD node_modules/send/node_modules/debug
8986 silly ADD node_modules/send/node_modules/debug/node_modules/ms
8987 silly ADD node_modules/resolve.exports
8988 silly ADD node_modules/resolve-from
8989 silly ADD node_modules/resolve
8990 silly ADD node_modules/requireg
8991 silly ADD node_modules/requireg/node_modules/resolve
8992 silly ADD node_modules/require-from-string
8993 silly ADD node_modules/qrcode-terminal
8994 silly ADD node_modules/prompts
8995 silly ADD node_modules/progress
8996 silly ADD node_modules/pretty-format
8997 silly ADD node_modules/pretty-format/node_modules/react-is
8998 silly ADD node_modules/pretty-format/node_modules/ansi-styles
8999 silly ADD node_modules/pretty-bytes
9000 silly ADD node_modules/picomatch
9001 silly ADD node_modules/ora
9002 silly ADD node_modules/ora/node_modules/has-flag
9003 silly ADD node_modules/ora/node_modules/ansi-regex
9004 silly ADD node_modules/ora/node_modules/color-name
9005 silly ADD node_modules/ora/node_modules/color-convert
9006 silly ADD node_modules/ora/node_modules/supports-color
9007 silly ADD node_modules/ora/node_modules/escape-string-regexp
9008 silly ADD node_modules/ora/node_modules/ansi-styles
9009 silly ADD node_modules/ora/node_modules/strip-ansi
9010 silly ADD node_modules/ora/node_modules/chalk
9011 silly ADD node_modules/npm-package-arg
9012 silly ADD node_modules/npm-package-arg/node_modules/semver
9013 silly ADD node_modules/node-forge
9014 silly ADD node_modules/minimatch
9015 silly ADD node_modules/lodash.debounce
9016 silly ADD node_modules/is-wsl
9017 silly ADD node_modules/is-docker
9018 silly ADD node_modules/internal-ip
9019 silly ADD node_modules/glob
9020 silly ADD node_modules/glob/node_modules/brace-expansion
9021 silly ADD node_modules/glob/node_modules/minimatch
9022 silly ADD node_modules/getenv
9023 silly ADD node_modules/fs-extra
9024 silly ADD node_modules/freeport-async
9025 silly ADD node_modules/form-data
9026 silly ADD node_modules/fast-glob
9027 silly ADD node_modules/env-editor
9028 silly ADD node_modules/connect
9029 silly ADD node_modules/connect/node_modules/ms
9030 silly ADD node_modules/connect/node_modules/debug
9031 silly ADD node_modules/compression
9032 silly ADD node_modules/compression/node_modules/ms
9033 silly ADD node_modules/compression/node_modules/negotiator
9034 silly ADD node_modules/compression/node_modules/debug
9035 silly ADD node_modules/ci-info
9036 silly ADD node_modules/chalk
9037 silly ADD node_modules/cacache
9038 silly ADD node_modules/cacache/node_modules/lru-cache
9039 silly ADD node_modules/bplist-parser
9040 silly ADD node_modules/bplist-creator
9041 silly ADD node_modules/better-opn
9042 silly ADD node_modules/better-opn/node_modules/open
9043 silly ADD node_modules/arg
9044 silly ADD node_modules/accepts
9045 silly ADD node_modules/@urql/exchange-retry
9046 silly ADD node_modules/@urql/core
9047 silly ADD node_modules/@react-native/dev-middleware
9048 silly ADD node_modules/@react-native/dev-middleware/node_modules/ms
9049 silly ADD node_modules/@react-native/dev-middleware/node_modules/ws
9050 silly ADD node_modules/@react-native/dev-middleware/node_modules/debug
9051 silly ADD node_modules/@expo/xcpretty
9052 silly ADD node_modules/@expo/ws-tunnel
9053 silly ADD node_modules/@expo/spawn-async
9054 silly ADD node_modules/@expo/rudder-sdk-node
9055 silly ADD node_modules/@expo/prebuild-config
9056 silly ADD node_modules/@expo/prebuild-config/node_modules/universalify
9057 silly ADD node_modules/@expo/prebuild-config/node_modules/jsonfile
9058 silly ADD node_modules/@expo/prebuild-config/node_modules/semver
9059 silly ADD node_modules/@expo/prebuild-config/node_modules/fs-extra
9060 silly ADD node_modules/@expo/plist
9061 silly ADD node_modules/@expo/package-manager
9062 silly ADD node_modules/@expo/package-manager/node_modules/@expo/json-file
9063 silly ADD node_modules/@expo/osascript
9064 silly ADD node_modules/@expo/json-file
9065 silly ADD node_modules/@expo/json-file/node_modules/@babel/code-frame
9066 silly ADD node_modules/@expo/image-utils
9067 silly ADD node_modules/@expo/image-utils/node_modules/universalify
9068 silly ADD node_modules/@expo/image-utils/node_modules/jsonfile
9069 silly ADD node_modules/@expo/image-utils/node_modules/jsonfile/node_modules/universalify
9070 silly ADD node_modules/@expo/image-utils/node_modules/semver
9071 silly ADD node_modules/@expo/image-utils/node_modules/fs-extra
9072 silly ADD node_modules/@expo/env
9073 silly ADD node_modules/@expo/devcert
9074 silly ADD node_modules/@expo/devcert/node_modules/debug
9075 silly ADD node_modules/@expo/code-signing-certificates
9076 silly ADD node_modules/@0no-co/graphql.web
9077 silly ADD node_modules/whatwg-url-without-unicode
9078 silly ADD node_modules/whatwg-url-without-unicode/node_modules/webidl-conversions
9079 silly ADD node_modules/web-streams-polyfill
9080 silly ADD node_modules/fbemitter
9081 silly ADD node_modules/expo-modules-core
9082 silly ADD node_modules/expo-modules-autolinking
9083 silly ADD node_modules/expo-modules-autolinking/node_modules/universalify
9084 silly ADD node_modules/expo-modules-autolinking/node_modules/jsonfile
9085 silly ADD node_modules/expo-modules-autolinking/node_modules/fs-extra
9086 silly ADD node_modules/expo-keep-awake
9087 silly ADD node_modules/expo-file-system
9088 silly ADD node_modules/expo-asset
9089 silly ADD node_modules/babel-preset-expo
9090 silly ADD node_modules/@expo/metro-config
9091 silly ADD node_modules/@expo/metro-config/node_modules/universalify
9092 silly ADD node_modules/@expo/metro-config/node_modules/jsonfile
9093 silly ADD node_modules/@expo/metro-config/node_modules/@babel/code-frame
9094 silly ADD node_modules/@expo/metro-config/node_modules/fs-extra
9095 silly ADD node_modules/@expo/metro-config/node_modules/@expo/json-file
9096 silly ADD node_modules/@expo/fingerprint
9097 silly ADD node_modules/@expo/fingerprint/node_modules/semver
9098 silly ADD node_modules/@expo/config-plugins
9099 silly ADD node_modules/@expo/config-plugins/node_modules/@babel/code-frame
9100 silly ADD node_modules/@expo/config-plugins/node_modules/semver
9101 silly ADD node_modules/@expo/config-plugins/node_modules/@expo/json-file
9102 silly ADD node_modules/@expo/config
9103 silly ADD node_modules/@expo/config/node_modules/semver
9104 silly ADD node_modules/@expo/config/node_modules/@babel/code-frame
9105 silly ADD node_modules/@expo/cli
9106 silly ADD node_modules/@expo/cli/node_modules/semver
9107 silly ADD node_modules/@babel/runtime
9108 silly ADD node_modules/ms
9109 silly ADD node_modules/update-browserslist-db
9110 silly ADD node_modules/node-releases
9111 silly ADD node_modules/electron-to-chromium
9112 silly ADD node_modules/caniuse-lite
9113 silly ADD node_modules/baseline-browser-mapping
9114 silly ADD node_modules/csstype
9115 silly ADD node_modules/@types/prop-types
9116 silly ADD node_modules/iceberg-js
9117 silly ADD node_modules/@supabase/phoenix
9118 silly ADD node_modules/tslib
9119 silly ADD node_modules/@supabase/storage-js
9120 silly ADD node_modules/@supabase/realtime-js
9121 silly ADD node_modules/@supabase/postgrest-js
9122 silly ADD node_modules/@supabase/functions-js
9123 silly ADD node_modules/@supabase/auth-js
9124 silly ADD node_modules/merge-options
9125 silly ADD node_modules/@jridgewell/resolve-uri
9126 silly ADD node_modules/@jridgewell/sourcemap-codec
9127 silly ADD node_modules/@babel/helper-string-parser
9128 silly ADD node_modules/@babel/helper-globals
9129 silly ADD node_modules/@babel/helper-module-imports
9130 silly ADD node_modules/lru-cache
9131 silly ADD node_modules/browserslist
9132 silly ADD node_modules/@babel/helper-validator-option
9133 silly ADD node_modules/@babel/compat-data
9134 silly ADD node_modules/jsesc
9135 silly ADD node_modules/@jridgewell/trace-mapping
9136 silly ADD node_modules/@jridgewell/gen-mapping
9137 silly ADD node_modules/picocolors
9138 silly ADD node_modules/js-tokens
9139 silly ADD node_modules/@babel/helper-validator-identifier
9140 silly ADD node_modules/semver
9141 silly ADD node_modules/json5
9142 silly ADD node_modules/gensync
9143 silly ADD node_modules/debug
9144 silly ADD node_modules/convert-source-map
9145 silly ADD node_modules/@jridgewell/remapping
9146 silly ADD node_modules/@babel/types
9147 silly ADD node_modules/@babel/traverse
9148 silly ADD node_modules/@babel/template
9149 silly ADD node_modules/@babel/parser
9150 silly ADD node_modules/@babel/helpers
9151 silly ADD node_modules/@babel/helper-module-transforms
9152 silly ADD node_modules/@babel/helper-compilation-targets
9153 silly ADD node_modules/@babel/generator
9154 silly ADD node_modules/@babel/code-frame
9155 silly ADD node_modules/typescript
9156 silly ADD node_modules/react-native-web
9157 silly ADD node_modules/react-native-web/node_modules/memoize-one
9158 silly ADD node_modules/react-native-web/node_modules/@react-native/normalize-colors
9159 silly ADD node_modules/react-native-url-polyfill
9160 silly ADD node_modules/react-native-svg
9161 silly ADD node_modules/react-native-reanimated
9162 silly ADD node_modules/react-native-gesture-handler
9163 silly ADD node_modules/react-dom
9164 silly ADD node_modules/expo-system-ui
9165 silly ADD node_modules/expo-system-ui/node_modules/@react-native/normalize-colors
9166 silly ADD node_modules/expo-status-bar
9167 silly ADD node_modules/expo-splash-screen
9168 silly ADD node_modules/expo-secure-store
9169 silly ADD node_modules/react-native-safe-area-context
9170 silly ADD node_modules/react-native-screens
9171 silly ADD node_modules/expo-router
9172 silly ADD node_modules/expo-router/node_modules/semver
9173 silly ADD node_modules/expo-notifications
9174 silly ADD node_modules/expo-linking
9175 silly ADD node_modules/expo-linear-gradient
9176 silly ADD node_modules/expo-image-picker
9177 silly ADD node_modules/expo-haptics
9178 silly ADD node_modules/expo-constants
9179 silly ADD node_modules/expo-camera
9180 silly ADD node_modules/@types/react
9181 silly ADD node_modules/@supabase/supabase-js
9182 silly ADD node_modules/@react-native-async-storage/async-storage
9183 silly ADD node_modules/react-native
9184 silly ADD node_modules/react-native/node_modules/ws
9185 silly ADD node_modules/react-native/node_modules/semver
9186 silly ADD node_modules/react-native/node_modules/scheduler
9187 silly ADD node_modules/react-native/node_modules/promise
9188 silly ADD node_modules/react-native/node_modules/glob
9189 silly ADD node_modules/react-native/node_modules/commander
9190 silly ADD node_modules/react-native/node_modules/babel-plugin-syntax-hermes-parser
9191 silly ADD node_modules/react-native/node_modules/@react-native/normalize-colors
9192 silly ADD node_modules/react-native/node_modules/@react-native/codegen
9193 silly ADD node_modules/expo
9194 silly ADD node_modules/expo/node_modules/@expo/vector-icons
9195 silly ADD node_modules/expo-font
9196 silly ADD node_modules/react
9197 silly ADD node_modules/@expo/vector-icons
9198 silly ADD node_modules/@expo-google-fonts/fraunces
9199 silly ADD node_modules/@babel/core
9200 verbose cwd /Users/mac/Downloads/coach-sammy/coachsammy-app
9201 verbose os Darwin 23.0.0
9202 verbose node v24.15.0
9203 verbose npm  v11.12.1
9204 notice
9204 notice New minor version of npm available! 11.12.1 -> 11.14.1
9204 notice Changelog: https://github.com/npm/cli/releases/tag/v11.14.1
9204 notice To update run: npm install -g npm@11.14.1
9204 notice  { force: true, Symbol(proc-log.meta): true }
9205 verbose exit 0
9206 info ok
